PLANETE_TRANSIT,ASPECT,PLANETE_NATALE,INTERPRETATION,TONALITE,ENJEU
jupiter ,conjonction,soleil,"Période d’expansion, d’optimisme et de nouveaux départs. Favorise la confiance en soi, les opportunités, les projets ambitieux, les apprentissages et l’ouverture à de nouvelles expériences. Peut marquer le début d’un nouveau cycle de croissance personnelle et d’élargissement de la vision du monde. Encourage davantage de liberté, de mouvement et de confiance dans l’avenir. Vigilance toutefois face aux excès, à l’excès de confiance, aux dépenses excessives ou aux projets irréalistes.",,
jupiter ,carré,soleil,"Période d’expansion et d’opportunités nécessitant davantage de maîtrise de soi et de lucidité. Peut favoriser la confiance, les avancées et la croissance personnelle, à condition de rester réaliste dans ses ambitions et ses limites. Vigilance face aux excès, à l’arrogance, aux prises de risques excessives ou aux comportements impulsifs. Demande discernement, modération et bonne gestion des ressources et des engagements.",,
jupiter ,opposition,soleil,"Période d’accomplissement, d’expansion et de remise en question plus profonde du sens de la réussite. Peut favoriser les succès, les opportunités et l’évolution personnelle, mais pousse également à réfléchir à ce qui apporte une satisfaction réelle et durable. Invite à équilibrer ambitions matérielles et développement intérieur. Vigilance face aux excès, à l’arrogance, aux comportements excessifs ou au besoin de tout obtenir sans limites.",,
jupiter ,trigone,soleil,"Période d’optimisme, de vitalité et d’expansion personnelle. Favorise la confiance en soi, la créativité, les opportunités, les plaisirs de la vie et l’ouverture à de nouvelles expériences. Peut apporter davantage de bien-être, d’aisance relationnelle, de chance et d’enthousiasme. Favorable également aux projets financiers, aux voyages et à l’élargissement des perspectives. Vigilance toutefois face aux excès, au laisser-aller ou à l’excès de confiance.",,
jupiter ,sextile,soleil,"Période fluide et favorable à l’épanouissement personnel, aux opportunités et à la confiance en soi. Favorise l’optimisme, les relations harmonieuses, les soutiens extérieurs et les avancées facilitées dans différents domaines. Peut apporter davantage de joie de vivre, de reconnaissance, de générosité et d’ouverture aux autres. Bonne période pour les projets, les réconciliations et certaines opportunités financières.",,
jupiter ,conjonction,lune,"Période d’équilibre émotionnel, de générosité et de sécurité intérieure. Favorise les liens affectifs, le soutien émotionnel, la vie familiale et le sentiment d’être nourri affectivement. Peut renforcer le besoin de confort, d’ancrage et de partage avec les proches. Favorable également aux projets liés au foyer ou à l’immobilier. Peut aider à mieux intégrer le passé et à retrouver un sentiment de stabilité intérieure. Vigilance toutefois face aux excès de confort, au laisser-aller ou aux excès alimentaires.",,
jupiter ,carré,lune,"Période d’intensification émotionnelle et de grande sensibilité relationnelle. Favorise l’empathie, le besoin de protéger les autres et une meilleure connexion à ses émotions profondes. Peut faire remonter certains schémas émotionnels du passé afin de favoriser une prise de conscience ou une guérison intérieure. Vigilance toutefois face à l’excès d’émotivité, au besoin de contrôle affectif, aux réactions excessives ou à une tendance à se sentir moralement “dans son bon droit”",,
jupiter ,opposition,lune,"Période d’intensification émotionnelle et relationnelle. Favorise les élans affectifs, la générosité émotionnelle et le besoin de proximité dans les relations. Peut aider à clarifier quelles relations sont réellement nourrissantes et importantes. Vigilance toutefois face à la dépendance affective, aux attentes excessives, au manque d’initiative ou aux comportements excessifs et auto-indulgents.",,
jupiter ,trigone,lune,"Période de bien-être émotionnel, de calme intérieur et d’harmonie relationnelle. Favorise le soutien affectif, les liens familiaux, les ambiances rassurantes et un sentiment de paix intérieure. Peut attirer des circonstances favorables ou des personnes bienveillantes avec une certaine facilité. Favorable également au repos, au recentrage émotionnel et à la recherche d’équilibre intérieur.",,
jupiter ,sextile,lune,"Période de bien-être émotionnel, de générosité et d’ouverture aux autres. Favorise les échanges chaleureux, les amitiés, les soutiens du quotidien et une meilleure connexion à ses émotions. Les relations proches, l’environnement familier et les expériences simples du quotidien peuvent devenir particulièrement enrichissants et porteurs de croissance intérieure. Peut également renforcer l’intérêt pour les dimensions spirituelles ou les valeurs émotionnelles profondes.",,
jupiter ,conjonction,mercure,"Période d’expansion intellectuelle, de clarté mentale et de vision plus large des situations. Favorise les apprentissages, les études, les prises de décision, les échanges, les négociations et les projets à long terme. Peut apporter davantage d’optimisme, de lucidité stratégique et d’ouverture philosophique ou spirituelle. Les communications et les démarches administratives ou commerciales sont généralement facilitées. Vigilance toutefois face à la dispersion, aux promesses excessives ou aux projets trop ambitieux.",,
jupiter ,carré,mercure,"Période d’intense activité mentale, de communication et de défense de ses idées. Favorise les échanges, les projets intellectuels, les négociations et l’expression de ses convictions. Peut aider à élargir sa vision des choses et à mieux structurer ses projets ou prises de décision. Vigilance toutefois face aux excès d’optimisme, à la dispersion mentale, aux projets irréalistes ou à la difficulté à entendre les critiques et points de vue opposés.",,
jupiter ,opposition,mercure,"Période de grands projets, d’expansion mentale et de concrétisation d’idées importantes. Favorise la vision d’ensemble, les négociations, les décisions stratégiques et les projets intellectuels ou commerciaux à grande échelle. Peut permettre de transformer certaines idées anciennes en réalisations concrètes, à condition de rester réaliste et attentif aux détails. Vigilance face aux excès d’ambition, à la dispersion mentale, aux erreurs de jugement ou à une communication trop arrogante ou dogmatique.",,
jupiter ,trigone,mercure,"Période favorable aux échanges, aux études, aux projets intellectuels et aux opportunités nécessitant initiative et communication. Favorise les prises de décision, les négociations, les apprentissages et la capacité à transmettre ses idées avec clarté et conviction. Peut aider à transformer des idées ambitieuses en projets concrets et réalistes. Bonne période pour organiser, planifier et développer de nouvelles perspectives.",,
jupiter ,sextile,mercure,"Période favorable à la réflexion, à la communication et aux prises de décision. Favorise les négociations, les échanges constructifs, les études, l’écriture et les projets nécessitant vision d’ensemble et sens stratégique. Les relations sociales et professionnelles peuvent apporter des opportunités intéressantes ou des informations utiles. Bonne période également pour résoudre des conflits ou trouver des compromis équilibrés. Demande toutefois de passer à l’action concrète afin de tirer pleinement parti des opportunités présentes.",,
jupiter ,conjonction,venus,"Période d’expansion affective, sociale et matérielle. Favorise les rencontres, l’harmonie relationnelle, la générosité, les plaisirs et le goût du beau. L’influence est amplifiée et peut ouvrir un nouveau cycle de croissance. À canaliser avec mesure pour éviter l’excès ou la surestimation. Vigilance face à la passivité, à l’idéalisation amoureuse, aux dépenses somptuaires et aux excès de nourriture ou de confort.",,
jupiter ,carré,venus,"Période d’expansion affective, sociale et matérielle. Favorise les rencontres, l’harmonie relationnelle, la générosité, les plaisirs et le goût du beau. La dynamique pousse à grandir, mais crée des tensions entre désir d’expansion et réalité. Demande modération, préparation et respect des limites. Vigilance face à la passivité, à l’idéalisation amoureuse, aux dépenses somptuaires et aux excès de nourriture ou de confort.",,
jupiter ,opposition,venus,"Période d’expansion affective, sociale et matérielle. Favorise les rencontres, l’harmonie relationnelle, la générosité, les plaisirs et le goût du beau. Les opportunités et les excès se révèlent souvent à travers les autres ou les circonstances. Invite à rééquilibrer ambitions, attentes et engagements. Vigilance face à la passivité, à l’idéalisation amoureuse, aux dépenses somptuaires et aux excès de nourriture ou de confort.",,
jupiter ,trigone,venus,"Période d’expansion affective, sociale et matérielle. Favorise les rencontres, l’harmonie relationnelle, la générosité, les plaisirs et le goût du beau. Les circonstances soutiennent naturellement la progression et la confiance. Une initiative concrète permet de transformer cette facilité en résultat durable. Vigilance face à la passivité, à l’idéalisation amoureuse, aux dépenses somptuaires et aux excès de nourriture ou de confort.",,
jupiter ,sextile,venus,"Période d’expansion affective, sociale et matérielle. Favorise les rencontres, l’harmonie relationnelle, la générosité, les plaisirs et le goût du beau. Des occasions favorables apparaissent, à condition de les saisir activement. Favorise les soutiens, les démarches constructives et une évolution mesurée. Vigilance face à la passivité, à l’idéalisation amoureuse, aux dépenses somptuaires et aux excès de nourriture ou de confort.",,
jupiter ,conjonction,mars,"Période de forte énergie, d’initiative et de confiance dans l’action. Favorise les projets ambitieux, l’affirmation de soi, l’activité physique et les décisions courageuses. L’influence est amplifiée et peut ouvrir un nouveau cycle de croissance. À canaliser avec mesure pour éviter l’excès ou la surestimation. Vigilance face à l’impatience, à l’arrogance, au surmenage, aux conflits et aux risques pris par excès de confiance.",,
jupiter ,carré,mars,"Période de forte énergie, d’initiative et de confiance dans l’action. Favorise les projets ambitieux, l’affirmation de soi, l’activité physique et les décisions courageuses. La dynamique pousse à grandir, mais crée des tensions entre désir d’expansion et réalité. Demande modération, préparation et respect des limites. Vigilance face à l’impatience, à l’arrogance, au surmenage, aux conflits et aux risques pris par excès de confiance.",,
jupiter ,opposition,mars,"Période de forte énergie, d’initiative et de confiance dans l’action. Favorise les projets ambitieux, l’affirmation de soi, l’activité physique et les décisions courageuses. Les opportunités et les excès se révèlent souvent à travers les autres ou les circonstances. Invite à rééquilibrer ambitions, attentes et engagements. Vigilance face à l’impatience, à l’arrogance, au surmenage, aux conflits et aux risques pris par excès de confiance.",,
jupiter ,trigone,mars,"Période de forte énergie, d’initiative et de confiance dans l’action. Favorise les projets ambitieux, l’affirmation de soi, l’activité physique et les décisions courageuses. Les circonstances soutiennent naturellement la progression et la confiance. Une initiative concrète permet de transformer cette facilité en résultat durable. Vigilance face à l’impatience, à l’arrogance, au surmenage, aux conflits et aux risques pris par excès de confiance.",,
jupiter ,sextile,mars,"Période de forte énergie, d’initiative et de confiance dans l’action. Favorise les projets ambitieux, l’affirmation de soi, l’activité physique et les décisions courageuses. Des occasions favorables apparaissent, à condition de les saisir activement. Favorise les soutiens, les démarches constructives et une évolution mesurée. Vigilance face à l’impatience, à l’arrogance, au surmenage, aux conflits et aux risques pris par excès de confiance.",,
jupiter ,conjonction,jupiter,"Période d’élargissement des perspectives, des convictions et du champ d’action. Favorise les études, les voyages, les projets d’envergure et la redéfinition des objectifs de vie. L’influence est amplifiée et peut ouvrir un nouveau cycle de croissance. À canaliser avec mesure pour éviter l’excès ou la surestimation. Vigilance face aux promesses démesurées, au gaspillage, au dogmatisme et à la croyance que tout réussira sans effort.",,
jupiter ,carré,jupiter,"Période d’élargissement des perspectives, des convictions et du champ d’action. Favorise les études, les voyages, les projets d’envergure et la redéfinition des objectifs de vie. La dynamique pousse à grandir, mais crée des tensions entre désir d’expansion et réalité. Demande modération, préparation et respect des limites. Vigilance face aux promesses démesurées, au gaspillage, au dogmatisme et à la croyance que tout réussira sans effort.",,
jupiter ,opposition,jupiter,"Période d’élargissement des perspectives, des convictions et du champ d’action. Favorise les études, les voyages, les projets d’envergure et la redéfinition des objectifs de vie. Les opportunités et les excès se révèlent souvent à travers les autres ou les circonstances. Invite à rééquilibrer ambitions, attentes et engagements. Vigilance face aux promesses démesurées, au gaspillage, au dogmatisme et à la croyance que tout réussira sans effort.",,
jupiter ,trigone,jupiter,"Période d’élargissement des perspectives, des convictions et du champ d’action. Favorise les études, les voyages, les projets d’envergure et la redéfinition des objectifs de vie. Les circonstances soutiennent naturellement la progression et la confiance. Une initiative concrète permet de transformer cette facilité en résultat durable. Vigilance face aux promesses démesurées, au gaspillage, au dogmatisme et à la croyance que tout réussira sans effort.",,
jupiter ,sextile,jupiter,"Période d’élargissement des perspectives, des convictions et du champ d’action. Favorise les études, les voyages, les projets d’envergure et la redéfinition des objectifs de vie. Des occasions favorables apparaissent, à condition de les saisir activement. Favorise les soutiens, les démarches constructives et une évolution mesurée. Vigilance face aux promesses démesurées, au gaspillage, au dogmatisme et à la croyance que tout réussira sans effort.",,
jupiter ,conjonction,saturne,"Période de confrontation entre expansion et structure. Favorise la construction patiente, la consolidation professionnelle et la transformation d’une ambition en résultat durable. L’influence est amplifiée et peut ouvrir un nouveau cycle de croissance. À canaliser avec mesure pour éviter l’excès ou la surestimation. Vigilance face au découragement, à la rigidité, aux responsabilités excessives ou à l’alternance entre optimisme irréaliste et peur d’avancer.",,
jupiter ,carré,saturne,"Période de confrontation entre expansion et structure. Favorise la construction patiente, la consolidation professionnelle et la transformation d’une ambition en résultat durable. La dynamique pousse à grandir, mais crée des tensions entre désir d’expansion et réalité. Demande modération, préparation et respect des limites. Vigilance face au découragement, à la rigidité, aux responsabilités excessives ou à l’alternance entre optimisme irréaliste et peur d’avancer.",,
jupiter ,opposition,saturne,"Période de confrontation entre expansion et structure. Favorise la construction patiente, la consolidation professionnelle et la transformation d’une ambition en résultat durable. Les opportunités et les excès se révèlent souvent à travers les autres ou les circonstances. Invite à rééquilibrer ambitions, attentes et engagements. Vigilance face au découragement, à la rigidité, aux responsabilités excessives ou à l’alternance entre optimisme irréaliste et peur d’avancer.",,
jupiter ,trigone,saturne,"Période de confrontation entre expansion et structure. Favorise la construction patiente, la consolidation professionnelle et la transformation d’une ambition en résultat durable. Les circonstances soutiennent naturellement la progression et la confiance. Une initiative concrète permet de transformer cette facilité en résultat durable. Vigilance face au découragement, à la rigidité, aux responsabilités excessives ou à l’alternance entre optimisme irréaliste et peur d’avancer.",,
jupiter ,sextile,saturne,"Période de confrontation entre expansion et structure. Favorise la construction patiente, la consolidation professionnelle et la transformation d’une ambition en résultat durable. Des occasions favorables apparaissent, à condition de les saisir activement. Favorise les soutiens, les démarches constructives et une évolution mesurée. Vigilance face au découragement, à la rigidité, aux responsabilités excessives ou à l’alternance entre optimisme irréaliste et peur d’avancer.",,
jupiter ,conjonction,uranus,"Période de liberté, de renouvellement et d’ouverture à des solutions inattendues. Favorise l’innovation, les changements libérateurs, les rencontres stimulantes et les occasions soudaines. L’influence est amplifiée et peut ouvrir un nouveau cycle de croissance. À canaliser avec mesure pour éviter l’excès ou la surestimation. Vigilance face à l’instabilité, à la rébellion systématique, aux ruptures précipitées et aux décisions prises uniquement pour échapper aux contraintes.",,
jupiter ,carré,uranus,"Période de liberté, de renouvellement et d’ouverture à des solutions inattendues. Favorise l’innovation, les changements libérateurs, les rencontres stimulantes et les occasions soudaines. La dynamique pousse à grandir, mais crée des tensions entre désir d’expansion et réalité. Demande modération, préparation et respect des limites. Vigilance face à l’instabilité, à la rébellion systématique, aux ruptures précipitées et aux décisions prises uniquement pour échapper aux contraintes.",,
jupiter ,opposition,uranus,"Période de liberté, de renouvellement et d’ouverture à des solutions inattendues. Favorise l’innovation, les changements libérateurs, les rencontres stimulantes et les occasions soudaines. Les opportunités et les excès se révèlent souvent à travers les autres ou les circonstances. Invite à rééquilibrer ambitions, attentes et engagements. Vigilance face à l’instabilité, à la rébellion systématique, aux ruptures précipitées et aux décisions prises uniquement pour échapper aux contraintes.",,
jupiter ,trigone,uranus,"Période de liberté, de renouvellement et d’ouverture à des solutions inattendues. Favorise l’innovation, les changements libérateurs, les rencontres stimulantes et les occasions soudaines. Les circonstances soutiennent naturellement la progression et la confiance. Une initiative concrète permet de transformer cette facilité en résultat durable. Vigilance face à l’instabilité, à la rébellion systématique, aux ruptures précipitées et aux décisions prises uniquement pour échapper aux contraintes.",,
jupiter ,sextile,uranus,"Période de liberté, de renouvellement et d’ouverture à des solutions inattendues. Favorise l’innovation, les changements libérateurs, les rencontres stimulantes et les occasions soudaines. Des occasions favorables apparaissent, à condition de les saisir activement. Favorise les soutiens, les démarches constructives et une évolution mesurée. Vigilance face à l’instabilité, à la rébellion systématique, aux ruptures précipitées et aux décisions prises uniquement pour échapper aux contraintes.",,
jupiter ,conjonction,neptune,"Période d’expansion de l’imaginaire, de la foi et de la sensibilité spirituelle. Favorise la compassion, la créativité, la quête de sens et les projets inspirés par un idéal. L’influence est amplifiée et peut ouvrir un nouveau cycle de croissance. À canaliser avec mesure pour éviter l’excès ou la surestimation. Vigilance face aux illusions, aux croyances non vérifiées, aux engagements irréalistes, aux escroqueries et aux comportements d’évasion.",,
jupiter ,carré,neptune,"Période d’expansion de l’imaginaire, de la foi et de la sensibilité spirituelle. Favorise la compassion, la créativité, la quête de sens et les projets inspirés par un idéal. La dynamique pousse à grandir, mais crée des tensions entre désir d’expansion et réalité. Demande modération, préparation et respect des limites. Vigilance face aux illusions, aux croyances non vérifiées, aux engagements irréalistes, aux escroqueries et aux comportements d’évasion.",,
jupiter ,opposition,neptune,"Période d’expansion de l’imaginaire, de la foi et de la sensibilité spirituelle. Favorise la compassion, la créativité, la quête de sens et les projets inspirés par un idéal. Les opportunités et les excès se révèlent souvent à travers les autres ou les circonstances. Invite à rééquilibrer ambitions, attentes et engagements. Vigilance face aux illusions, aux croyances non vérifiées, aux engagements irréalistes, aux escroqueries et aux comportements d’évasion.",,
jupiter ,trigone,neptune,"Période d’expansion de l’imaginaire, de la foi et de la sensibilité spirituelle. Favorise la compassion, la créativité, la quête de sens et les projets inspirés par un idéal. Les circonstances soutiennent naturellement la progression et la confiance. Une initiative concrète permet de transformer cette facilité en résultat durable. Vigilance face aux illusions, aux croyances non vérifiées, aux engagements irréalistes, aux escroqueries et aux comportements d’évasion.",,
jupiter ,sextile,neptune,"Période d’expansion de l’imaginaire, de la foi et de la sensibilité spirituelle. Favorise la compassion, la créativité, la quête de sens et les projets inspirés par un idéal. Des occasions favorables apparaissent, à condition de les saisir activement. Favorise les soutiens, les démarches constructives et une évolution mesurée. Vigilance face aux illusions, aux croyances non vérifiées, aux engagements irréalistes, aux escroqueries et aux comportements d’évasion.",,
jupiter ,conjonction,pluton,"Période d’ambition, de transformation profonde et d’intensification du pouvoir personnel. Favorise les réformes, la régénération, la recherche et les projets capables d’avoir un impact durable. L’influence est amplifiée et peut ouvrir un nouveau cycle de croissance. À canaliser avec mesure pour éviter l’excès ou la surestimation. Vigilance face à l’obsession, aux luttes de pouvoir, à la manipulation, au fanatisme et au besoin de contrôler les résultats ou les autres.",,
jupiter ,carré,pluton,"Période d’ambition, de transformation profonde et d’intensification du pouvoir personnel. Favorise les réformes, la régénération, la recherche et les projets capables d’avoir un impact durable. La dynamique pousse à grandir, mais crée des tensions entre désir d’expansion et réalité. Demande modération, préparation et respect des limites. Vigilance face à l’obsession, aux luttes de pouvoir, à la manipulation, au fanatisme et au besoin de contrôler les résultats ou les autres.",,
jupiter ,opposition,pluton,"Période d’ambition, de transformation profonde et d’intensification du pouvoir personnel. Favorise les réformes, la régénération, la recherche et les projets capables d’avoir un impact durable. Les opportunités et les excès se révèlent souvent à travers les autres ou les circonstances. Invite à rééquilibrer ambitions, attentes et engagements. Vigilance face à l’obsession, aux luttes de pouvoir, à la manipulation, au fanatisme et au besoin de contrôler les résultats ou les autres.",,
jupiter ,trigone,pluton,"Période d’ambition, de transformation profonde et d’intensification du pouvoir personnel. Favorise les réformes, la régénération, la recherche et les projets capables d’avoir un impact durable. Les circonstances soutiennent naturellement la progression et la confiance. Une initiative concrète permet de transformer cette facilité en résultat durable. Vigilance face à l’obsession, aux luttes de pouvoir, à la manipulation, au fanatisme et au besoin de contrôler les résultats ou les autres.",,
jupiter ,sextile,pluton,"Période d’ambition, de transformation profonde et d’intensification du pouvoir personnel. Favorise les réformes, la régénération, la recherche et les projets capables d’avoir un impact durable. Des occasions favorables apparaissent, à condition de les saisir activement. Favorise les soutiens, les démarches constructives et une évolution mesurée. Vigilance face à l’obsession, aux luttes de pouvoir, à la manipulation, au fanatisme et au besoin de contrôler les résultats ou les autres.",,
jupiter ,conjonction,milieu_du_ciel,"Période d’expansion professionnelle, de progression sociale et de reconnaissance. Favorise les réussites, les promotions, le développement des activités et une plus grande confiance dans ses capacités. Peut élargir le champ d’action professionnel et ouvrir de nouvelles opportunités ou rencontres importantes. Vigilance toutefois face aux excès d’ambition, à l’arrogance, au besoin excessif de reconnaissance ou à une expansion trop rapide et mal maîtrisée.",,
jupiter ,carré,milieu_du_ciel,"Période d’ambition accrue et de dépassement personnel. Favorise les avancées professionnelles, la confiance en soi et le désir d’accomplir davantage. Peut aider à dépasser certaines peurs ou limitations anciennes et encourager des projets plus importants. Vigilance toutefois face aux excès d’ego, à la surestimation de ses capacités ou à une tendance à négliger certains aspects essentiels du quotidien au profit d’objectifs trop ambitieux.",,
jupiter ,opposition,milieu_du_ciel,"Période de consolidation intérieure, de sécurité émotionnelle et d’enracinement personnel. Favorise le besoin de stabilité, les projets liés au foyer, à la famille ou à l’habitat, ainsi qu’un travail plus profond sur les bases émotionnelles et les héritages du passé. Peut aider à clarifier certaines dynamiques familiales ou personnelles et à construire un sentiment de paix intérieure plus solide. Invite à créer des fondations durables, tant sur le plan matériel qu’émotionnel.",,
jupiter ,trigone,milieu_du_ciel,"Période de confiance en soi, d’expansion personnelle et de progression concrète. Favorise les réussites professionnelles, les responsabilités positives, les gains matériels et une meilleure stabilité intérieure. Peut apporter davantage de reconnaissance, d’aisance relationnelle et un sentiment de paix ou de satisfaction personnelle. Favorable également aux projets d’expansion liés au travail ou au foyer. Vigilance toutefois face aux excès d’enthousiasme, au surengagement ou à une tendance à vouloir en faire trop.",,
jupiter ,sextile,milieu_du_ciel,"Période de confiance intérieure, de maturité et d’évolution personnelle. Favorise les avancées professionnelles, les opportunités de progression, les responsabilités positives et une meilleure stabilité intérieure. Peut encourager les apprentissages, la réflexion philosophique ou spirituelle ainsi qu’une compréhension plus profonde de soi et de son parcours. Aide à gagner en sagesse, en recul et en maîtrise de certains schémas anciens.",,
jupiter ,conjonction,ascendant,"Période d’expansion personnelle, relationnelle et sociale. Favorise les rencontres positives, les soutiens mutuels, la confiance en soi et une ouverture plus large au monde et aux autres. Peut élargir le cercle relationnel, apporter des opportunités professionnelles ou personnelles et renforcer le sentiment de bien-être général. Encourage une évolution intérieure importante ainsi qu’une vision plus mature et tolérante de la vie. Vigilance toutefois face aux excès d’ego, à la superficialité relationnelle ou à l’excès de confiance.",,
jupiter ,carré,ascendant,"Période favorable aux relations, aux collaborations et aux opportunités venant des autres. Favorise les soutiens mutuels, les rencontres utiles, les échanges enrichissants et les avancées personnelles ou professionnelles grâce au réseau relationnel. Peut ouvrir des portes importantes et élargir la vision du monde à travers certaines personnes ou expériences. Vigilance toutefois face à l’arrogance, aux attentes opportunistes ou à une tendance à négliger les détails dans les accords et relations.",,
jupiter ,opposition,ascendant,"Période favorable aux partenariats, aux collaborations et aux relations importantes. Favorise les échanges équilibrés, le soutien mutuel et les relations permettant une évolution personnelle ou professionnelle constructive. Peut améliorer la dynamique d’un couple, faciliter les accords ou encourager des collaborations bénéfiques. Les relations vécues durant cette période peuvent favoriser davantage de liberté, de compréhension mutuelle et de croissance commune.",,
jupiter ,trigone,ascendant,"Période d’ouverture relationnelle, de croissance personnelle et d’élargissement de la conscience. Favorise les rencontres enrichissantes, les échanges inspirants et les relations permettant d’apprendre davantage sur soi, les autres ou le sens de la vie. Peut renforcer l’intérêt pour les études, la spiritualité, le développement personnel ou les nouvelles perspectives intellectuelles. Les relations vécues durant cette période peuvent avoir un impact important sur l’évolution intérieure et émotionnelle.",,
jupiter ,sextile,ascendant,"Période très favorable aux relations sociales, aux collaborations et aux projets collectifs. Favorise les rencontres enrichissantes, les soutiens mutuels, les opportunités venant du réseau ou de l’entourage et les échanges équilibrés. Peut élargir le cercle relationnel et ouvrir à des personnes ou expériences apportant une vision plus large du monde. Encourage l’entraide, la coopération et les projets construits sur des échanges sincères et équitables.",,
saturne,conjonction,soleil,"Période de bilan, de responsabilités importantes et de confrontation concrète aux conséquences des choix passés. Peut marquer l’aboutissement d’efforts entrepris plusieurs années auparavant, avec soit une consolidation et une réussite durable, soit une prise de conscience des limites ou erreurs de certaines directions prises. Demande patience, endurance et concentration des efforts sur l’essentiel. Peut également s’accompagner d’une baisse d’énergie, d’un sentiment de solitude ou de restrictions temporaires nécessitant davantage de discipline et de recentrage.",,
saturne,carré,soleil,"Période de tests, de ralentissements et de remise en question importante de certains projets ou ambitions. Peut confronter à des obstacles extérieurs, à des résistances venant de l’autorité ou à une baisse temporaire d’énergie et de confiance. Ce transit pousse à vérifier la solidité des choix entrepris les années précédentes : ce qui repose sur des bases fragiles peut montrer ses limites, tandis que ce qui est solide pourra être consolidé malgré les difficultés. Demande patience, réalisme, endurance et capacité à réorienter son énergie vers ce qui est réellement viable.",,
saturne,opposition,soleil,"Période de fin de cycle importante pouvant s’accompagner de fatigue, de ralentissements, de frustrations ou d’un sentiment de découragement. Certaines structures, relations ou ambitions arrivées à leur limite peuvent se terminer afin de préparer une nouvelle phase de vie. Ce transit invite à accepter les clôtures nécessaires, à préserver son énergie et à éviter les luttes inutiles contre ce qui ne peut plus continuer sous la même forme. Malgré les difficultés possibles, cette période prépare progressivement un nouveau cycle de construction et de renouveau.",,
saturne,trigone,soleil,"Période de consolidation stable et de progression régulière. Favorise les réussites obtenues grâce à la discipline, au sérieux et à la persévérance. Les efforts fournis durant cette période peuvent produire des résultats durables et préparer des accomplissements importants dans les années à venir. Favorise également la reconnaissance professionnelle, le renforcement de la crédibilité et une meilleure stabilité intérieure et matérielle. Excellente période pour construire, structurer et renforcer ce qui doit durer dans le temps.",,
saturne,sextile,soleil,"Période de consolidation, de progression stable et de construction durable. Favorise les réussites obtenues par le travail, la discipline et la persévérance plutôt que par la chance ou la facilité. Peut apporter reconnaissance, crédibilité et avancées importantes dans les projets commencés les années précédentes. Excellente période pour structurer ses ambitions, renforcer ses compétences et bâtir des bases solides pour l’avenir. Favorise également l’endurance physique et mentale, à condition de gérer son énergie avec intelligence.",,
saturne,conjonction,lune,"Période d’introspection émotionnelle profonde, de remise en question intérieure et de confrontation à certaines fragilités affectives. Peut entraîner solitude, mélancolie, hypersensibilité ou tendance à se montrer trop dur envers soi-même. Ce transit invite à mieux comprendre ses besoins émotionnels réels sans tomber dans l’auto-critique excessive ou le sentiment de culpabilité. Favorise un important travail de conscience sur les schémas affectifs, les blessures émotionnelles et la manière de se traiter soi-même avec davantage de lucidité et de compassion.",,
saturne,carré,lune,"Période de tensions émotionnelles, de solitude intérieure ou de déséquilibre entre les responsabilités extérieures et les besoins affectifs. Peut entraîner une sensation de coupure émotionnelle, des difficultés relationnelles ou un sentiment de fatigue psychologique. Ce transit invite à rééquilibrer la place accordée au travail, aux obligations et à la vie émotionnelle afin de retrouver davantage de stabilité intérieure. Favorise une prise de conscience importante concernant les besoins affectifs réels, les limites personnelles et l’équilibre entre accomplissement extérieur et sécurité émotionnelle.",,
saturne,opposition,lune,"Période de crise émotionnelle et de remise en question profonde de l’équilibre entre vie personnelle, besoins affectifs et responsabilités extérieures. Peut entraîner solitude, fatigue psychologique, tensions relationnelles ou sentiment de déconnexion émotionnelle. Ce transit met souvent en lumière une tendance à avoir trop privilégié les obligations, la réussite ou le contrôle au détriment des besoins émotionnels fondamentaux. Invite à rétablir un équilibre plus sain entre accomplissement extérieur et sécurité intérieure.",,
saturne,trigone,lune,"Période de stabilité émotionnelle, d’équilibre intérieur et de maturité affective. Favorise une meilleure harmonie entre les besoins personnels, la vie émotionnelle et les responsabilités du quotidien. Permet d’aborder les relations, la famille, les finances ou les projets domestiques avec davantage de lucidité, de pragmatisme et d’organisation. Les expériences passées deviennent une source de sagesse utile pour construire des bases plus solides et durables pour l’avenir.",,
saturne,sextile,lune,"Période de maturité émotionnelle, de stabilité intérieure et de meilleure maîtrise de ses réactions affectives. Favorise une approche plus lucide et constructive des relations, des émotions et des problématiques familiales ou héritées du passé. Permet de prendre davantage de recul sur certains schémas émotionnels et d’intégrer les expériences passées avec plus de sagesse et de stabilité. Encourage des changements émotionnels réfléchis, durables et conscients.",,
saturne,conjonction,mercure,"Période de réflexion sérieuse, de restructuration mentale et de remise en question des anciennes façons de penser ou de communiquer. Ce transit pousse à approfondir certaines idées, à réfléchir avec davantage de discipline et de lucidité, mais peut aussi entraîner une tendance au pessimisme, à l’isolement mental ou à une vision trop restrictive des possibilités. Favorise le travail intellectuel de fond, la concentration, les projets nécessitant rigueur et patience ainsi qu’une réorganisation durable de la manière de penser, d’apprendre ou de s’exprimer. Attention toutefois à l’autocritique excessive, aux pensées sombres ou au fait de voir les choses de manière trop limitée ou sévère.",,
saturne,carré,mercure,"Période de remise en question mentale et de tensions dans la communication ou les échanges d’idées. Ce transit peut provoquer des désaccords importants, une sensation d’incompréhension ou un sentiment d’isolement intellectuel face aux autres. Les croyances, opinions et façons de penser sont confrontées à des limites ou à des critiques qui obligent à réévaluer certaines certitudes devenues trop rigides. Peut entraîner une tendance au pessimisme, au repli mental ou à une vision trop restrictive des possibilités. Ce transit demande de rester ouvert aux remises en question constructives afin d’éviter l’enfermement intellectuel et de permettre une véritable restructuration de la pensée.",,
saturne,opposition,mercure,"Période de confrontation mentale, de tests intellectuels et de remise à l’épreuve des idées, projets ou modes de communication. Ce transit peut provoquer des oppositions, des incompréhensions ou des résistances venant des autres, obligeant à clarifier, structurer ou défendre plus solidement ses positions. Peut faire émerger du doute, une perte de confiance intellectuelle ou une tendance au pessimisme si certaines idées ne reposent pas sur des bases suffisamment solides. Cependant, ce transit permet aussi de renforcer considérablement la pensée, les projets et les convictions lorsqu’ils résistent à l’épreuve du réel. Il demande discipline mentale, persévérance et surtout souplesse intellectuelle afin d’éviter les blocages liés à une rigidité excessive.",,
saturne,trigone,mercure,"Période de stabilité mentale, de concentration et de structuration intellectuelle. Ce transit favorise les projets demandant rigueur, discipline, organisation et réflexion approfondie. Très bon pour les études, la planification, la mise en place concrète d’idées ou le développement progressif d’un projet à long terme. L’esprit devient plus méthodique, réaliste et analytique, avec une forte capacité à voir les détails, les incohérences ou les éléments à corriger. Attention toutefois à ne pas devenir trop rigide, critique ou enfermé dans des certitudes trop fixes. Ce transit demande de construire des bases mentales solides tout en gardant une certaine souplesse d’esprit.",,
saturne,sextile,mercure,"Période de stabilisation mentale, de concentration et de structuration des idées. Ce transit favorise le travail intellectuel sérieux, l’organisation, les projets demandant patience, méthode et réflexion approfondie. Très bon pour les études, la planification à long terme, les décisions réfléchies ou toute activité nécessitant rigueur et discipline mentale. La pensée devient plus stable, plus cohérente et plus réaliste, mais attention à ne pas tomber dans une vision trop rigide, critique ou fermée aux nouvelles perspectives. Ce transit demande de trouver un équilibre entre structure mentale et ouverture d’esprit.",,
saturne,conjonction,venus,"Période de tri relationnel, de remise en question des liens importants et de recentrage profond sur soi-même. Ce transit pousse à examiner avec lucidité les relations, engagements et attachements afin de distinguer ce qui est réellement solide de ce qui ne repose plus sur des bases authentiques. Les relations fragiles, déséquilibrées ou arrivées au bout de leur évolution peuvent se distendre ou se terminer, tandis que les liens sincères et durables ressortent renforcés après cette phase d’épreuve. Ce transit favorise également une forme d’austérité ou de simplification matérielle et émotionnelle, poussant à redéfinir ses véritables besoins, valeurs et priorités relationnelles.",,
saturne,carré,venus,"Période de tensions affectives, de remise en question relationnelle et de besoin profond de retrouver une expression plus authentique de soi dans les liens. Ce transit peut refroidir certaines relations, provoquer des prises de distance ou révéler que certains attachements ne correspondent plus réellement aux besoins profonds ou à l’évolution personnelle actuelle. Peut entraîner un sentiment de solitude, de frustration affective ou l’impression que certaines relations limitent davantage qu’elles n’épanouissent. Les liens fragiles ou fondés sur la peur, la dépendance ou des compromis trop lourds peuvent être fortement testés, voire se terminer. Ce transit pousse à clarifier ce qui est réellement vivant, sincère et compatible avec l’identité profonde.",,
saturne,opposition,venus,"Période de crise relationnelle, de réévaluation affective et de confrontation entre le besoin d’amour et le besoin de préserver son individualité. Ce transit pousse à examiner en profondeur les relations importantes afin de déterminer si elles reposent sur des bases réellement saines, équilibrées et compatibles avec l’évolution personnelle actuelle. Peut entraîner une sensation de distance émotionnelle, de solitude ou de lourdeur dans les liens, même lorsque les sentiments existent encore. Certaines relations peuvent devenir très exigeantes ou karmiques, obligeant à faire face à des dynamiques anciennes, des responsabilités émotionnelles ou des déséquilibres relationnels qui ne peuvent plus être évités. Ce transit favorise une profonde maturation affective, mais souvent à travers des tests, des frustrations ou des prises de conscience parfois difficiles.",,
saturne,trigone,venus,"Période de stabilité affective, de maturité relationnelle et de construction de liens plus solides et authentiques. Ce transit favorise les relations fondées sur la réalité, la compréhension mutuelle et des besoins clairement identifiés plutôt que sur l’idéalisation ou les projections émotionnelles. Les liens importants deviennent plus stables, plus fiables et mieux structurés, permettant une meilleure compréhension de soi à travers les relations. Très favorable également pour les collaborations professionnelles, les engagements durables et les projets nécessitant sérieux, discipline et confiance mutuelle. Ce transit aide à construire des bases relationnelles plus saines et plus réalistes sur le long terme.",,
saturne,sextile,venus,"Période de stabilisation relationnelle et de réalisme affectif. Ce transit pousse à construire des relations plus solides, plus concrètes et davantage basées sur des besoins réels que sur des idéalisations ou des projections. Favorise les engagements sérieux, les collaborations fiables et les relations où chacun prend ses responsabilités et respecte les accords établis. En amour comme dans les relations professionnelles, l’accent est mis sur la durabilité, la stabilité et la maturité émotionnelle. Très bon transit pour structurer un projet créatif ou relationnel sur le long terme, à condition d’accepter une approche plus pragmatique et moins romantique des liens.",,
saturne,conjonction,mars,"Période de frustrations, de blocages et de forte tension intérieure liée à la difficulté d’exprimer librement son énergie ou sa volonté. Ce transit peut donner l’impression d’avancer avec des freins permanents : retards, obstacles, résistances extérieures ou surcharge de responsabilités. Peut provoquer de l’irritabilité, de la colère contenue ou des conflits avec l’autorité, surtout lorsque le besoin d’agir rapidement se heurte aux limites du réel. Pourtant, ce transit peut devenir extrêmement constructif lorsqu’il est utilisé avec discipline, patience et concentration. Favorise les efforts soutenus, les projets demandant endurance et maîtrise de soi, à condition d’éviter la dispersion, l’impulsivité ou les réactions agressives. Attention également à la fatigue physique, au stress accumulé ou aux tensions corporelles liées à une pression excessive.",,
saturne,carré,mars,"Période de tensions, de confrontations et de tests liés à l’affirmation de soi et aux ambitions personnelles. Ce transit peut provoquer des conflits de pouvoir, des frustrations importantes ou des oppositions venant de l’extérieur, notamment dans le travail, les objectifs professionnels ou les rapports d’autorité. Les blocages rencontrés poussent à revoir sa manière d’agir, de gérer la colère et d’imposer sa volonté. Peut générer une forte irritabilité, une sensation d’injustice ou de lutte permanente contre des obstacles extérieurs. Ce transit agit souvent comme une épreuve de solidité : il oblige à développer patience, maîtrise de soi et stratégie plutôt qu’impulsivité ou affrontement direct. Attention également à la fatigue physique, au stress accumulé et aux comportements à risque sous tension.",,
saturne,opposition,mars,Page 343,,
saturne,trigone,mars,"Période de travail méthodique, d’endurance et de construction solide sur le long terme. Ce transit favorise les efforts patients, précis et organisés, permettant d’avancer progressivement vers des objectifs importants grâce à une stratégie claire et réaliste. Très bon transit pour les projets nécessitant rigueur, discipline, concentration et sens du détail. L’énergie est mieux maîtrisée, plus stable et moins impulsive, ce qui permet d’obtenir des résultats durables plutôt que des succès rapides mais fragiles. Ce transit aide également à structurer une vision à long terme et à transformer des efforts constants en accomplissements concrets.",,
saturne,sextile,mars,"Période de discipline, d’endurance et de construction solide. Ce transit favorise le travail patient, méthodique et rigoureux, permettant d’obtenir des résultats durables grâce à des efforts constants plutôt qu’à des coups d’éclat. Très bon transit pour bâtir un projet sur des bases stables, progresser pas à pas et canaliser efficacement son énergie dans des objectifs précis et réalistes. Favorise la persévérance, la maîtrise de soi et la capacité à travailler longtemps sans se disperser. Les efforts fournis maintenant ont de fortes chances de porter leurs fruits sur le long terme, à condition de rester humble, concentré et pragmatique.",,
saturne,conjonction,jupiter,Page 344,,
saturne,carré,jupiter,"Période de limitations, de tests de solidité et de remise en question des ambitions ou des structures de vie construites ces dernières années. Ce transit peut donner l’impression que l’expansion est freinée, que les opportunités se réduisent ou que les efforts demandent beaucoup plus d’énergie qu’auparavant. Il agit comme une phase de vérification : ce qui repose sur des bases fragiles, irréalistes ou devenues obsolètes peut commencer à montrer ses failles. Peut provoquer frustration, impatience, envie de tout envoyer balader ou de fuir certaines contraintes, mais les décisions prises sous le coup de la frustration risquent d’aggraver les problèmes plus tard. Ce transit demande surtout lucidité, patience et capacité à distinguer ce qui mérite réellement d’être consolidé de ce qui doit être abandonné.",,
saturne,opposition,jupiter,"Période de ralentissement, de remise en question et de confrontation aux limites de certaines ambitions ou expansions passées. Ce transit peut donner l’impression de stagner, de devoir réduire ses attentes ou de voir certains projets freinés par des contraintes extérieures, financières ou relationnelles. Il agit comme une phase de réajustement réaliste : ce qui a été construit trop vite, sur des bases fragiles ou sans vision suffisamment concrète, montre maintenant ses failles. Peut provoquer frustration, impatience ou besoin de retrouver davantage de liberté face à des situations devenues étouffantes. Pourtant, ce transit permet aussi de revenir vers des objectifs plus authentiques, plus viables et plus alignés avec les besoins réels. Il pousse à simplifier, restructurer et construire des bases plus solides avant toute nouvelle expansion future.",,
saturne,trigone,jupiter,"Période de stabilité, d’organisation et de consolidation progressive des bases de vie. Ce transit favorise une avancée sérieuse et réaliste dans les domaines professionnels, financiers et personnels grâce à une meilleure gestion, davantage de maturité et une vision claire du long terme. Les résultats obtenus maintenant reposent moins sur la chance que sur le travail patient, la stratégie et la capacité à construire intelligemment. Très bon transit pour sécuriser sa situation, structurer des projets durables, mettre de l’ordre dans ses affaires et renforcer ce qui doit l’être avant les prochaines périodes de tension ou de remise en question. Favorise également des relations plus constructives avec les figures d’autorité, les supérieurs ou les personnes expérimentées pouvant apporter conseils et soutien.",,
saturne,sextile,jupiter,"Période de croissance solide, de construction durable et d’expansion maîtrisée. Ce transit favorise les progrès obtenus grâce à la patience, à la discipline et à une vision réaliste du long terme. Les opportunités présentes maintenant peuvent avoir des conséquences très positives et stables dans le futur, à condition d’être exploitées sérieusement et sans précipitation. Excellent transit pour structurer un projet professionnel, développer une activité, consolider des ambitions ou bâtir des fondations solides dans n’importe quel domaine de vie. Favorise également une maturité philosophique et intérieure : meilleure compréhension des limites réelles, capacité à travailler avec elles plutôt que contre elles, et vision plus lucide du chemin à construire.",,
saturne,conjonction,saturne,"Période charnière de maturation, de bilan profond et de restructuration majeure de la vie. Ce transit marque la fin d’un grand cycle d’environ vingt-neuf ans et oblige à faire face avec lucidité à ce qui est réellement aligné avec l’identité profonde… et à ce qui ne l’est plus. Les domaines de vie construits sur des compromis, des peurs, des habitudes ou des attentes extérieures peuvent être remis en question de manière radicale. Relations, travail, lieu de vie, priorités ou mode de fonctionnement peuvent évoluer fortement afin de permettre une vie plus authentique et plus cohérente. Ce transit agit comme une phase de tri, de maturité et de réalignement intérieur. Les pertes ou séparations éventuelles ne sont pas là pour punir, mais pour faire de la place à une nouvelle structure de vie plus solide et plus fidèle à soi-même. Lorsqu’il est traversé consciemment, ce transit marque souvent une immense étape de croissance personnelle et de consolidation identitaire.",,
saturne,carré,saturne,"Période de test identitaire, de remise en question profonde et de réévaluation des choix construits ces dernières années. Ce transit agit comme une phase d’examen intérieur où les objectifs, engagements, relations et directions de vie sont confrontés à la réalité afin de vérifier leur solidité et leur authenticité. Peut provoquer doutes, perte temporaire de confiance, impression de fragilité ou sentiment que certaines structures ne tiennent plus aussi bien qu’avant. Les tensions extérieures, notamment professionnelles ou relationnelles, servent souvent de miroir révélant ce qui doit être ajusté, renforcé ou abandonné. Ce transit n’est pas là pour détruire gratuitement, mais pour tester la validité de ce qui a été construit afin de permettre une évolution plus stable et plus mature ensuite.",,
saturne,opposition,saturne,"Période de culmination, de récolte et de confrontation aux conséquences des choix posés au cours des quatorze dernières années. Ce transit marque un sommet important dans le cycle de Saturne : ce qui a été construit sur des bases solides peut maintenant atteindre un niveau de stabilité, de reconnaissance ou d’accomplissement majeur. À l’inverse, les structures fragiles, les compromis prolongés ou les directions inadaptées deviennent beaucoup plus difficiles à maintenir. Les domaines professionnels, relationnels et personnels sont confrontés à une forme de bilan concret : ce qui fonctionne vraiment se renforce, ce qui ne tient plus peut s’effondrer ou nécessiter une profonde restructuration. Ce transit agit comme une phase de vérité où la vie répond directement aux choix, aux efforts et aux orientations prises depuis des années. Il demande maturité, responsabilité et capacité à accepter les conséquences réelles de son parcours afin de préparer le prochain grand cycle d’évolution.",,
saturne,trigone,saturne,"Période de stabilisation intérieure, de maturité et de consolidation des acquis. Ce transit favorise une meilleure compréhension de soi, de ses mécanismes et de la direction générale de sa vie grâce à l’expérience accumulée au fil des années. Les domaines professionnels, relationnels et personnels tendent à fonctionner de manière plus fluide, car les bases deviennent plus solides et les choix plus cohérents. Il s’agit d’un moment propice pour structurer l’avenir, renforcer ce qui fonctionne déjà et avancer avec davantage de maîtrise, de calme et de lucidité. Cependant, ce transit rappelle aussi qu’aucune stabilité n’est totalement acquise : il reste important de conserver une certaine souplesse mentale et une capacité d’adaptation afin de mieux traverser les futurs défis ou remises en question.",,
saturne,sextile,saturne,"Période de stabilisation, d’équilibre et de progression méthodique. Ce transit favorise une meilleure maîtrise de sa vie, des objectifs plus clairs et une capacité accrue à avancer de manière réaliste et structurée. Les efforts passés commencent à s’intégrer durablement dans l’identité et peuvent maintenant être utilisés de façon plus efficace et mature. Très bon transit pour construire des bases solides, collaborer intelligemment avec les autres et faire avancer ses projets de manière concrète sans agitation inutile. Favorise également une meilleure compréhension de ses mécanismes intérieurs et de ce qui influence réellement les choix et les comportements. Ce transit aide à avancer avec davantage de lucidité, de stabilité et de cohérence sur le long terme.",,
saturne,conjonction,uranus,"Période de tension intense entre le besoin de stabilité et le besoin de libération. Ce transit met souvent en lumière tout ce qui est devenu trop rigide, oppressant, répétitif ou étouffant dans la vie. Une forte pression intérieure pousse à changer, casser certaines structures ou retrouver davantage de liberté, tandis que les obligations, responsabilités ou circonstances extérieures semblent empêcher ces changements. Cette contradiction peut créer beaucoup de frustration, d’agitation nerveuse ou des décisions brusques prises sous pression. Pourtant, ce transit peut aussi être extrêmement constructif lorsqu’il est utilisé consciemment : il permet alors de transformer progressivement des structures de vie devenues obsolètes, de réorganiser profondément son existence et d’accomplir des changements durables avec discipline et lucidité. Ce transit demande surtout de ne plus ignorer les tensions accumulées depuis longtemps, car elles finiront tôt ou tard par exiger une transformation réelle.",,
saturne,carré,uranus,"Période de crise entre le besoin de sécurité et le besoin de liberté. Ce transit met sous tension toutes les structures de vie devenues trop rigides, étouffantes ou figées dans des habitudes qui ne correspondent plus réellement aux besoins profonds de la personne. Un fort désir de changement, d’émancipation ou de nouveauté cherche à émerger, mais se heurte aux responsabilités, aux peurs, aux obligations ou aux résistances extérieures. Cela peut créer une grande nervosité intérieure, des réactions brusques, des ruptures soudaines ou des décisions radicales prises après une longue accumulation de frustration. Les relations, le travail ou le mode de vie qui empêchent toute évolution deviennent particulièrement difficiles à supporter. Ce transit demande surtout d’introduire du changement consciemment avant que la pression accumulée n’explose de manière désordonnée. Bien utilisé, il permet une profonde restructuration de vie plus libre, plus vivante et plus authentique.",,
saturne,opposition,uranus,"Période de crise intérieure entre besoin de stabilité et besoin de liberté personnelle. Ce transit met sous forte pression les structures de vie devenues trop rigides, répétitives ou déconnectées des besoins profonds de la personne. Le quotidien, les relations, le travail ou certaines responsabilités peuvent soudain sembler étouffants, limitants ou incompatibles avec l’évolution intérieure en cours. Une forte envie de changement, d’émancipation ou de redéfinition de soi cherche alors à émerger, parfois de manière brutale ou impulsive. Ce transit peut provoquer des ruptures, des révoltes soudaines, des tensions nerveuses importantes ou des décisions radicales prises après une longue accumulation de frustration. Pourtant, son véritable but n’est pas de tout détruire, mais d’obliger à réintroduire du mouvement, de l’authenticité et de la liberté dans une vie devenue trop figée. Lorsqu’il est traversé consciemment, ce transit permet une profonde réorganisation plus vivante et plus alignée avec l’identité réelle.",,
saturne,trigone,uranus,"Période d’évolution harmonieuse et de modernisation progressive des structures de vie. Ce transit favorise un équilibre sain entre stabilité et nouveauté, permettant d’intégrer des changements importants sans provoquer de chaos ou de rupture brutale. Les transformations engagées ces dernières années commencent à trouver leur place de façon durable et cohérente dans la vie quotidienne. Très bon transit pour apprendre, évoluer, développer de nouvelles compétences, restructurer intelligemment son travail ou son mode de vie et avancer vers davantage d’authenticité sans tout détruire au passage. La personne est capable d’innover tout en gardant une approche réaliste, méthodique et disciplinée. Ce transit aide à construire un changement durable plutôt qu’une rébellion impulsive ou instable.",,
saturne,sextile,uranus,"Période d’équilibre constructif entre stabilité et changement. Ce transit favorise la capacité à intégrer de nouvelles idées, expériences ou directions de vie sans tout bouleverser brutalement. L’esprit reste ouvert à l’évolution, mais avec suffisamment de lucidité, de patience et de réalisme pour construire des changements durables plutôt que des révolutions chaotiques. Les transformations initiées lors des précédents grands tournants de vie commencent maintenant à se stabiliser et à trouver une forme plus cohérente et plus mature. Très bon transit pour apprendre, expérimenter intelligemment, moderniser certaines structures de vie ou adopter de nouvelles méthodes de travail tout en conservant des bases solides. Favorise également la collaboration avec des personnes capables d’apporter des perspectives différentes et enrichissantes.",,
saturne,conjonction,neptune,"Période de confusion intérieure, de remise en question profonde et de dissolution progressive de certaines certitudes. Ce transit peut affaiblir temporairement la confiance en soi, brouiller la perception des situations et créer une impression d’incertitude, de fatigue psychologique ou de perte de repères. Les peurs, doutes ou scénarios pessimistes ont tendance à prendre beaucoup de place, parfois sans lien totalement objectif avec la réalité. Ce transit agit comme une confrontation entre le besoin de contrôle, de sécurité et de structure… et une dimension plus floue, émotionnelle, spirituelle ou inconsciente qui échappe aux cadres habituels. Il pousse à lâcher certaines illusions, certaines rigidités mentales ou certains attachements matériels afin de développer une compréhension plus subtile et plus profonde de soi-même et de la vie. Bien traversé, ce transit peut favoriser une immense évolution intérieure, une sensibilité spirituelle accrue et un détachement plus conscient de ce qui n’a plus de véritable sens.",,
saturne,carré,neptune,"Période de flou, de remise en question et de fragilisation temporaire des repères habituels. Ce transit peut créer une impression d’incertitude profonde concernant les objectifs, les ambitions, la direction de vie ou même la capacité à avancer efficacement. Les doutes, le pessimisme ou la sensation de ne plus savoir clairement quoi construire peuvent devenir très présents. Il s’agit d’une confrontation entre les idéaux, les attentes ou les rêves… et la réalité concrète telle qu’elle est perçue à ce moment-là. Ce transit pousse à revoir certaines illusions, certaines projections irréalistes ou certains schémas de contrôle devenus inadaptés. Il peut aussi révéler une fatigue psychologique importante ou une tendance à se sentir submergé plus facilement par les responsabilités du quotidien. Pourtant, même s’il est souvent inconfortable, ce transit prépare une transformation profonde de la vision de la vie et des priorités. Il demande surtout de ralentir, simplifier, éviter les décisions définitives prises sous l’effet du découragement et laisser émerger progressivement une nouvelle compréhension plus juste et plus alignée.",,
saturne,opposition,neptune,"Période de profonde crise intérieure, marquée par un fort sentiment de confusion, de doute et de remise en question des fondations psychologiques ou spirituelles de la vie. Ce transit peut créer une impression de perte de repères, de culpabilité excessive, d’insécurité diffuse ou de dévalorisation importante. Les idéaux deviennent difficiles à atteindre, les attentes envers soi-même sont souvent irréalistes, et la personne peut avoir l’impression d’échouer constamment à être “à la hauteur”. La perception de la réalité est brouillée : les peurs, projections ou angoisses prennent une place disproportionnée, donnant parfois l’impression que tout devient plus lourd, plus sombre ou plus menaçant qu’en réalité. Pourtant, derrière cette désorientation se cache un processus profond de dissolution des anciennes structures mentales et émotionnelles. Ce transit oblige à abandonner certaines illusions, certains anciens systèmes de croyances ou certaines exigences impossibles à maintenir. Il demande de ralentir, simplifier la vie, revenir au concret et éviter les décisions importantes prises sous l’effet du découragement ou de la confusion. Bien traversé, ce transit prépare une reconstruction intérieure beaucoup plus authentique, lucide et alignée avec la réalité profonde de l’être.",,
saturne,trigone,neptune,"Période d’intégration intérieure et d’approfondissement spirituel. Après des années de doutes, de confusion ou de remises en question, ce transit permet de donner un sens plus clair aux expériences traversées et de construire une vision du monde plus profonde et plus cohérente. Les idéaux ne sont plus vécus comme des rêves inaccessibles ou des illusions, mais comme quelque chose pouvant être incarné concrètement dans la vie quotidienne. Très bon transit pour les études spirituelles, psychologiques, philosophiques ou ésotériques, ainsi que pour toute démarche de développement intérieur menée avec sérieux et lucidité. La personne peut ressentir un besoin de simplicité, de recul, de contemplation ou d’engagement dans des activités porteuses de sens collectif. Ce transit favorise une forme de sagesse calme, détachée et mature, où l’ego devient moins central au profit d’une compréhension plus vaste de soi et de la vie.",,
saturne,sextile,neptune,"Période d’équilibre profond entre réalisme et idéal. Ce transit favorise une meilleure intégration des aspirations spirituelles, psychologiques ou créatives dans la vie concrète, permettant de construire quelque chose de plus aligné avec les valeurs profondes. L’esprit devient plus réfléchi, plus introspectif et capable de comprendre avec lucidité ce qui a réellement du sens. Très bon transit pour développer une discipline intérieure, approfondir une quête spirituelle, travailler au service d’un idéal ou s’engager dans des projets porteurs de sens sans tomber dans l’illusion ou le sacrifice aveugle. La personne peut faire preuve d’une grande patience, de sobriété et d’une capacité rare à avancer avec discrétion mais profondeur. Ce transit aide à transformer certains rêves ou idéaux en réalités plus concrètes et plus durables.",,
saturne,conjonction,pluton,"Période de restructuration profonde et de transformation progressive des bases de vie. Ce transit pousse à éliminer ce qui n’est plus viable afin de concentrer l’énergie sur des objectifs plus essentiels et plus alignés avec l’évolution personnelle. Certaines limitations matérielles, financières ou émotionnelles peuvent obliger à simplifier, réorganiser ou revoir certaines priorités. Les changements qui émergent maintenant ne sont généralement pas soudains, mais le résultat logique de processus déjà présents depuis longtemps. Très bon transit pour reconstruire plus solidement, canaliser son énergie avec stratégie et mettre en place des transformations durables plutôt que de résister à l’inévitable.",,
saturne,carré,pluton,"Période de tension, de limitation et de profonde restructuration. Ce transit peut donner l’impression d’avancer avec des freins permanents, notamment dans les domaines professionnels, financiers ou personnels, où certaines résistances extérieures semblent empêcher les changements souhaités. Les frustrations accumulées poussent à revoir ce qui ne fonctionne plus et à éliminer les structures devenues trop lourdes, inutiles ou épuisantes. Très intense intérieurement, ce transit demande d’éviter les rapports de force inutiles, les luttes de contrôle ou les réactions impulsives. Bien traversé, il permet de reconstruire sa vie sur des bases beaucoup plus solides, réalistes et durables, avec une force intérieure renforcée après la crise.",,
saturne,opposition,pluton,"Période de confrontation avec les conséquences des choix et ambitions construits depuis plusieurs années. Ce transit met en lumière ce qui a réellement été solidifié, maîtrisé et construit durablement… mais aussi ce qui ne tient plus face aux pressions extérieures. Les responsabilités, charges de travail ou tensions de pouvoir peuvent devenir très importantes, obligeant à faire preuve d’endurance, de stratégie et de lucidité. Certaines résistances extérieures, rivalités ou rapports de force peuvent émerger, notamment dans la sphère professionnelle ou relationnelle. Ce transit demande d’éviter l’acharnement inutile, de préserver son énergie et de distinguer ce qui mérite encore d’être maintenu de ce qui doit être abandonné ou transformé. Bien traversé, il renforce énormément la solidité intérieure, le contrôle de soi et la capacité à gérer des enjeux importants avec maturité et sang-froid.",,
saturne,trigone,pluton,"Période de puissance intérieure, de maîtrise personnelle et d’efficacité profonde. Ce transit favorise une grande capacité de concentration, de transformation et d’endurance, permettant d’avancer avec détermination vers des objectifs importants sans dispersion inutile. Très bon transit pour le travail de fond, l’introspection, la thérapie, le développement personnel ou toute démarche visant à mieux comprendre ses mécanismes intérieurs. Professionnellement, il renforce l’impact personnel, la crédibilité et la capacité à gérer des responsabilités importantes avec calme et efficacité. Les transformations restent souvent discrètes extérieurement, mais elles renforcent profondément la solidité intérieure et le sentiment de contrôle sur sa vie.",,
saturne,sextile,pluton,"Période de puissance maîtrisée, d’endurance et de consolidation profonde. Ce transit favorise une grande capacité de concentration, de discipline et de résistance face aux défis, permettant d’accomplir un travail important avec efficacité et détermination. L’énergie est mieux canalisée, plus stratégique et plus intense, ce qui aide à avancer avec solidité vers des objectifs ambitieux sans dispersion inutile. Très bon transit pour construire sur le long terme, renforcer sa position professionnelle, développer sa maîtrise personnelle et transformer des efforts constants en résultats concrets et durables.",,
saturne,conjonction,milieu_du_ciel,"Période d’aboutissement, de reconnaissance et de responsabilités majeures. Ce transit marque souvent un sommet important dans le parcours personnel ou professionnel, mettant en lumière les efforts, choix et structures construits au fil des années. Ce qui a été préparé sérieusement peut maintenant porter des résultats solides, durables et visibles, avec davantage de pouvoir, d’autorité ou de responsabilités. En revanche, les failles, raccourcis ou fondations fragiles deviennent difficiles à ignorer et peuvent entraîner des remises en question importantes. Très exigeant mais extrêmement constructif, ce transit demande maturité, persévérance et sens des responsabilités afin de consolider durablement sa place et avancer vers une nouvelle phase de vie plus accomplie.",,
saturne,carré,milieu_du_ciel,"Période de remise en question importante concernant les objectifs de vie, les priorités et l’équilibre entre ambitions personnelles et besoins émotionnels. Ce transit peut provoquer un sentiment de solitude, de fatigue intérieure ou de déconnexion, surtout si certains aspects relationnels ou affectifs ont été négligés au profit de la réussite ou des responsabilités. Des tensions extérieures ou des obstacles peuvent obliger à réévaluer la direction prise et à distinguer ce qui correspond réellement aux aspirations profondes de ce qui a été poursuivi par devoir, peur ou pression extérieure. Très exigeant psychologiquement, ce transit pousse à ajuster certaines trajectoires avant qu’elles ne deviennent trop rigides ou enfermantes. Bien traversé, il permet de réaligner ses ambitions avec ses besoins réels et de construire une vie plus cohérente et durable.",,
saturne,opposition,milieu_du_ciel,"Période de reconstruction progressive et de nouveaux fondements de vie. Ce transit marque souvent la fin d’une phase plus lourde, stagnante ou fatigante intérieurement, et le début d’un nouveau cycle de développement personnel plus structurant. Même si les changements semblent encore discrets, les décisions, relations et bases mises en place maintenant auront des conséquences importantes sur le long terme. Très bon transit pour sécuriser sa vie personnelle, reconstruire des bases émotionnelles plus solides et réorienter progressivement sa trajectoire de vie dans une direction plus stable et plus cohérente avec ses besoins profonds.",,
saturne,trigone,milieu_du_ciel,"Période de construction personnelle, de clarification intérieure et de renforcement progressif de la confiance en soi. Ce transit favorise une meilleure compréhension de ses objectifs, de ses capacités et de la manière dont on souhaite réellement construire sa vie. Très bon transit pour développer des habitudes solides, gagner en autonomie et avancer avec sérieux vers des ambitions importantes. La personne ressent souvent le besoin de s’appuyer davantage sur elle-même afin de prouver sa valeur à travers des efforts concrets et durables. Ce transit pousse également à remettre en question certains conditionnements, croyances ou façons de fonctionner héritées du passé afin de construire une vie plus alignée avec sa véritable identité plutôt qu’avec des attentes extérieures.",,
saturne,sextile,milieu_du_ciel,"Période de consolidation, d’ambition et de construction progressive de sa place dans le monde. Ce transit favorise les efforts constants, la discipline et le travail sérieux afin de renforcer sa position personnelle ou professionnelle de manière durable. La personne cherche davantage à prouver sa valeur à travers des réalisations concrètes, visibles et stables. Très bon transit pour avancer méthodiquement vers des objectifs importants, gagner en crédibilité et construire une image plus solide de soi. Il demande cependant de rester aligné avec ses véritables aspirations et de ne pas poursuivre uniquement des attentes dictées par le regard des autres ou le besoin de reconnaissance extérieure.",,
saturne,conjonction,ascendant,"Période de tri, de recentrage et de responsabilisation importante. Ce transit pousse à simplifier sa vie afin de se concentrer sur l’essentiel et sur ce qui doit réellement être construit ou finalisé pour l’avenir. Les responsabilités peuvent devenir plus lourdes, le rythme plus exigeant et certaines limitations plus présentes, obligeant à faire preuve de maturité, d’endurance et de discipline. Les relations, engagements ou projets qui ne sont plus solides ou utiles ont tendance à s’éloigner naturellement, tandis que ce qui est authentique et durable se renforce. Très bon transit pour terminer ce qui traîne, restructurer sa vie en profondeur et préparer une nouvelle phase de développement plus stable, plus cohérente et plus alignée avec ses véritables priorités.",,
saturne,carré,ascendant,"Période de tri relationnel, de solitude possible et de remise en question importante des liens affectifs et sociaux. Ce transit met en lumière les relations qui soutiennent réellement l’évolution personnelle… et celles qui épuisent, limitent ou ne correspondent plus à la direction de vie actuelle. Un sentiment de distance émotionnelle, de froideur ou de déconnexion peut apparaître, parfois accompagné d’une impression de ne plus être compris ou soutenu comme avant. Certaines relations peuvent naturellement s’éloigner ou se terminer, surtout si elles reposaient sur des peurs, des habitudes ou des besoins de sécurité plutôt que sur une véritable compatibilité profonde. Très exigeant émotionnellement, ce transit pousse à redéfinir ses priorités relationnelles afin de construire des liens plus solides, plus authentiques et plus alignés avec son évolution personnelle.",,
saturne,opposition,ascendant,"Période de responsabilités relationnelles et de tournant important dans la construction de sa vie. Ce transit met les relations proches, partenariats ou engagements face à une phase de test exigeante où les tensions latentes doivent être clarifiées et réglées avec maturité. Certaines relations peuvent demander davantage d’efforts, de compromis ou de restructuration, tandis que celles devenues trop conflictuelles ou incompatibles peuvent se terminer. En parallèle, ce transit marque souvent une progression concrète dans les ambitions personnelles ou professionnelles : les efforts réalisés depuis plusieurs années commencent à devenir visibles et reconnus. Il demande cependant d’avancer avec intégrité, prudence et sens des responsabilités, sans chercher des raccourcis qui pourraient fragiliser les résultats futurs.",,
saturne,trigone,ascendant,"Période de stabilisation, de maturité et de consolidation progressive de sa place dans le monde. Ce transit favorise une attitude plus sérieuse, disciplinée et structurée, permettant d’avancer avec constance vers des objectifs concrets et durables. La personne cherche davantage la maîtrise, la cohérence et la fiabilité dans ses actions, aussi bien sur le plan professionnel que relationnel. Très bon transit pour développer son expérience, gagner en crédibilité et construire des bases solides sur le long terme. Les relations deviennent plus sélectives, avec une attirance pour les personnes expérimentées, fiables ou inspirantes pouvant jouer un rôle important dans l’évolution personnelle ou professionnelle.",,
saturne,sextile,ascendant,"Période de structuration mentale, de clarification relationnelle et de consolidation des objectifs à long terme. Ce transit favorise une réflexion plus sérieuse, organisée et réaliste sur sa manière de communiquer, de penser et de se positionner face aux autres. Les échanges importants peuvent aider à mieux comprendre son fonctionnement, ses attentes et l’image que l’on renvoie, à condition de garder son discernement et de ne pas se laisser définir uniquement par le regard extérieur. Très bon transit pour poser des bases solides dans les relations, développer une discipline mentale plus mature et construire des habitudes de pensée plus conscientes, utiles et alignées avec ses véritables objectifs de vie.",,
uranus ,conjonction,soleil,"Période de libération personnelle majeure, de besoin intense d’authenticité et de remise en question profonde de l’identité. Ce transit pousse à briser les schémas devenus trop étouffants afin de vivre de manière plus libre, plus vraie et plus alignée avec ses besoins profonds. Des changements soudains peuvent toucher plusieurs domaines de vie, souvent pour sortir d’une routine devenue vide ou limitante. Très puissant sur le plan psychologique et énergétique, ce transit favorise les prises de conscience radicales, les nouveaux départs et les comportements plus indépendants ou rebelles face aux contraintes extérieures. L’envie d’expérimenter, d’innover et de reprendre le contrôle de sa vie devient extrêmement forte. Plus la personne accepte d’évoluer consciemment, plus cette période devient libératrice et stimulante plutôt que chaotique ou destructrice.",,
uranus ,carré,soleil,"Période de tension, de remise en question et de besoin urgent de changement dans la manière de vivre et d’exprimer son identité. Ce transit confronte la personne à des situations imprévues ou déstabilisantes qui obligent à réévaluer certains choix de vie, relations ou structures devenues trop limitantes. Un fort besoin de liberté et d’affirmation personnelle peut provoquer des conflits avec l’autorité, le travail, l’entourage ou certaines obligations jugées oppressantes. Très intense intérieurement, ce transit agit comme un test : il pousse à vérifier si la vie actuelle correspond réellement aux besoins profonds ou si des ajustements importants sont nécessaires. Résister au changement ou réprimer ce besoin d’évolution peut accentuer les tensions, l’instabilité ou la nervosité. À l’inverse, accepter de transformer ce qui ne fonctionne plus permet d’ouvrir une nouvelle phase de vie beaucoup plus authentique et vivante.",,
uranus ,opposition,soleil,"Période de remise en question importante de l’identité, du mode de vie et des relations aux autres. Ce transit agit souvent à travers des événements extérieurs ou des changements soudains venant perturber les équilibres installés afin de pousser à davantage de liberté et d’authenticité personnelle. Des tensions peuvent apparaître dans les relations, le travail ou les rapports à l’autorité lorsque certains compromis ou limitations deviennent trop difficiles à supporter. Très intense intérieurement, ce transit force à reconnaître les parts de soi qui ont été réprimées ou sacrifiées au profit de la sécurité, des habitudes ou des attentes extérieures. Même si les changements peuvent sembler déstabilisants, ils servent généralement à libérer la personne de situations devenues trop enfermantes. Plus l’évolution est acceptée consciemment, moins ce transit devient conflictuel ou brutal.",,
uranus ,trigone,soleil,"Période de renouveau positif, d’ouverture et d’évolution personnelle harmonieuse. Ce transit favorise les changements choisis plutôt que subis, avec un fort besoin d’expérimenter, de découvrir et d’exprimer une version plus libre et plus authentique de soi-même. Très stimulant sur le plan psychologique et créatif, il encourage les nouvelles expériences, les rencontres inspirantes, les changements d’habitudes et toutes les démarches permettant de gagner en conscience et en vitalité. Les relations, les projets ou les activités qui apparaissent durant cette période ont souvent pour effet d’élargir les horizons et de reconnecter à un sentiment de vie plus intense et plus aligné. C’est également un excellent transit pour modifier progressivement certains comportements ou routines devenus nocifs et construire un mode de vie plus vivant, plus libre et plus épanouissant.",,
uranus ,sextile,soleil,"Période d’ouverture, de renouvellement et d’opportunités favorisant une expression plus libre et plus authentique de soi-même. Ce transit apporte progressivement des changements stimulants, des rencontres inspirantes ou des occasions inattendues permettant d’élargir les horizons et de sortir des habitudes limitantes. Très favorable aux nouvelles expériences, aux projets originaux et aux évolutions personnelles, il encourage à expérimenter sans tout bouleverser brutalement. Les relations, les activités et les choix de vie ont tendance à évoluer dans une direction plus alignée avec les véritables aspirations personnelles. Cette période aide à gagner en indépendance, en confiance et en liberté intérieure tout en restant relativement stable et constructive.",,
uranus ,conjonction,lune,"Période de bouleversements émotionnels profonds et de transformation du monde intérieur. Ce transit provoque des changements soudains dans les habitudes émotionnelles, la vie familiale, le foyer ou les relations les plus intimes, avec un besoin croissant de liberté affective et d’authenticité émotionnelle. Les réactions peuvent devenir plus impulsives, instables ou imprévisibles, car des émotions longtemps contenues cherchent à se libérer. Très intense psychologiquement, ce transit remet en mouvement la vie émotionnelle et pousse à sortir de schémas affectifs devenus trop rigides ou étouffants. Même si certains événements peuvent sembler déstabilisants, ils permettent souvent de renouer avec des ressentis plus vrais et plus vivants. Cette période favorise une profonde évolution intérieure et une nouvelle compréhension des besoins émotionnels réels.",,
uranus ,carré,lune,"Période de tensions émotionnelles, d’instabilité affective et de remise en question des habitudes relationnelles ou familiales. Ce transit fait remonter brusquement des frustrations, besoins ou émotions longtemps réprimés, obligeant à modifier certaines dynamiques devenues trop pesantes ou déséquilibrées. Les relations proches, la vie domestique ou le foyer peuvent devenir des sources importantes de changement ou de conflit, surtout si des problèmes étaient ignorés depuis longtemps. Très intense intérieurement, ce transit crée un fort besoin de liberté émotionnelle et de renouveau, parfois difficile à concilier avec les attentes de l’entourage. Même si cette période peut sembler chaotique ou déstabilisante, elle sert avant tout à réajuster les besoins affectifs profonds et à sortir de fonctionnements émotionnels devenus enfermants.",,
uranus ,opposition,lune,"Période de bouleversements émotionnels et de libération de vieux schémas affectifs devenus inadaptés. Ce transit met en lumière des habitudes relationnelles, des dépendances émotionnelles ou des réactions inconscientes héritées du passé qui empêchent désormais l’évolution personnelle. Des changements soudains peuvent toucher la vie intime, le foyer ou les relations proches afin de forcer une prise de conscience et davantage d’autonomie émotionnelle. Très intense psychologiquement, ce transit pousse à revoir la manière d’aimer, de réagir émotionnellement et de chercher la sécurité affective. Même si certaines situations peuvent sembler déstabilisantes ou douloureuses sur le moment, elles servent souvent à rompre avec des fonctionnements devenus enfermants ou infantiles. Plus les changements sont acceptés consciemment, plus cette période devient libératrice et permet de construire des relations plus équilibrées, plus libres et plus authentiques.",,
uranus ,trigone,lune,"Période de renouveau émotionnel positif et de transformation harmonieuse de la vie personnelle. Ce transit favorise les changements affectifs, familiaux ou relationnels qui permettent de se sentir plus libre, plus vivant et plus aligné émotionnellement. Très favorable aux nouvelles expériences, aux rencontres stimulantes et à l’évolution des habitudes de vie, il aide à sortir naturellement de certains schémas émotionnels répétitifs sans provoquer de crise majeure. Des événements du passé peuvent également revenir afin d’être compris différemment et libérés plus sereinement. Ce transit stimule l’imagination, la spontanéité et la capacité à vivre les relations de manière plus authentique et plus consciente. C’est une excellente période pour modifier des habitudes émotionnelles ou personnelles devenues limitantes et introduire davantage de fraîcheur et de mouvement dans sa vie intime.",,
uranus ,sextile,lune,"Période d’ouverture émotionnelle, de renouveau affectif et de besoin accru de spontanéité dans la vie personnelle. Ce transit favorise les changements positifs dans les relations, le foyer ou le quotidien afin de rendre la vie plus stimulante, plus vivante et plus en accord avec les besoins émotionnels profonds. Les liens affectifs évoluent vers davantage de liberté et d’authenticité, avec un désir de ressentir plus intensément les choses plutôt que de rester dans des habitudes émotionnelles répétitives. Très favorable à la créativité, à l’imagination et aux nouvelles expériences émotionnelles, ce transit aide à voir sa vie sous un angle différent et à introduire plus de fraîcheur dans le quotidien sans provoquer de chaos majeur.",,
uranus ,conjonction,mercure,"Période de grande stimulation mentale, de bouleversement intellectuel et d’ouverture à de nouvelles idées. Ce transit favorise les prises de conscience soudaines, les changements de perception et l’envie d’explorer des domaines nouveaux, originaux ou atypiques. L’esprit devient plus rapide, curieux, intuitif et indépendant, avec un fort besoin de remettre en question les anciennes façons de penser. Très favorable aux études, aux apprentissages, aux technologies, à l’astrologie, aux sciences ou aux approches alternatives, ce transit peut provoquer une véritable révolution intellectuelle. Cependant, le mental peut aussi devenir nerveux, dispersé ou impulsif, avec une tendance à changer souvent d’avis ou à prendre des décisions trop rapides. Il est donc préférable d’utiliser cette période pour explorer, apprendre et expérimenter plutôt que pour s’enfermer immédiatement dans des engagements définitifs. Ce transit pousse à penser différemment, à sortir des schémas rigides et à ouvrir son esprit à des perspectives entièrement nouvelles.",,
uranus ,carré,mercure,"Période de forte agitation mentale, de remise en question intellectuelle et d’accélération du rythme de vie. Ce transit apporte de nombreuses informations, changements, imprévus ou sollicitations qui peuvent rendre les décisions plus difficiles et provoquer une certaine nervosité mentale. L’esprit cherche à penser autrement, à sortir des anciens schémas et à explorer des idées radicalement nouvelles, mais cela peut aussi entraîner de la dispersion, de l’impulsivité ou des réactions excessives. Les échanges avec les autres peuvent devenir plus tendus ou conflictuels, notamment si certaines opinions sont exprimées de manière trop brusque ou dogmatique. Très bon transit pour remettre en question de vieilles croyances, découvrir de nouvelles approches intellectuelles ou développer une pensée plus libre, mais il demande de garder du recul avant de prendre des décisions importantes. Prudence également dans les déplacements, les négociations ou les engagements pris trop rapidement. Ce transit pousse avant tout à renouveler sa manière de penser et à sortir des automatismes mentaux devenus trop rigides.",,
uranus ,opposition,mercure,"Période d’agitation mentale, d’imprévus et de remise en question des habitudes de pensée. Le rythme du quotidien peut devenir plus intense, avec de nombreuses informations, discussions ou événements inattendus qui obligent à s’adapter rapidement. Ce transit stimule fortement le besoin de nouveauté intellectuelle et pousse à explorer des idées différentes, parfois radicales ou inhabituelles. Il favorise les découvertes, les prises de conscience et l’ouverture à de nouveaux domaines de connaissance, mais peut aussi provoquer de la nervosité, de la dispersion ou une fatigue mentale si le rythme devient trop soutenu. Les opinions personnelles risquent d’être challengées par l’extérieur, obligeant à revoir certaines certitudes ou façons de communiquer. Prudence dans les décisions importantes, les négociations ou les engagements pris sous le coup de l’excitation ou de l’impatience. Ce transit invite surtout à rester flexible, curieux et adaptable, sans chercher à contrôler ou figer les changements qui émergent dans la manière de penser et de percevoir le monde.",,
uranus ,trigone,mercure,"Période de stimulation intellectuelle positive, d’ouverture d’esprit et de renouvellement mental fluide. Ce transit favorise les nouvelles idées, les découvertes, les échanges enrichissants et l’apprentissage de compétences originales ou innovantes. L’esprit devient plus rapide, créatif, curieux et capable de sortir facilement des anciens schémas de pensée. Très bon transit pour les études, les projets créatifs, les technologies, l’astrologie, les sciences, l’écriture ou toute activité demandant inventivité et adaptabilité. Les rencontres, conversations ou informations reçues peuvent ouvrir de nouvelles perspectives et apporter des solutions inattendues à certains problèmes. Les changements mentaux se vivent ici avec enthousiasme plutôt qu’avec tension, permettant d’intégrer plus facilement de nouvelles façons de voir la vie. Ce transit favorise également les voyages stimulants, les nouvelles expériences et l’introduction de changements constructifs dans le quotidien. Une excellente période pour moderniser sa pensée et faire évoluer ses projets avec plus de liberté et d’inspiration.",,
uranus ,sextile,mercure,"Période d’ouverture mentale, de curiosité accrue et de renouvellement des idées. Ce transit stimule l’intellect, les échanges, les apprentissages et favorise les rencontres ou discussions enrichissantes qui apportent une nouvelle vision des choses. L’esprit devient plus souple, plus créatif et plus réceptif aux approches originales ou innovantes. Très bon transit pour étudier, découvrir de nouveaux domaines, voyager, communiquer, écrire ou développer de nouvelles compétences, notamment dans les domaines technologiques, scientifiques, astrologiques ou liés au développement personnel. Les changements de mentalité se font plus facilement et sans crise majeure, permettant d’abandonner certaines idées dépassées avec davantage de fluidité. Ce transit apporte également un besoin de mouvement, de stimulation intellectuelle et de variété, avec parfois un côté provocateur ou joueur dans la communication. Il favorise surtout l’évolution de la pensée et la capacité à envisager la vie sous un angle plus libre et plus moderne.",,
uranus ,conjonction,venus,"Période de bouleversement affectif, de besoin de liberté émotionnelle et de renouvellement des relations. Ce transit pousse à sortir des schémas amoureux trop routiniers ou étouffants et favorise les rencontres inattendues, atypiques ou particulièrement stimulantes. Les relations existantes peuvent évoluer profondément afin de retrouver davantage de spontanéité, de liberté et d’authenticité, tandis que les liens fragiles ou devenus trop figés risquent d’être remis en question. Forte envie de nouveauté, d’expériences différentes et de sensations plus vivantes dans la vie affective et sociale. Les attirances soudaines, les coups de foudre ou les relations inhabituelles sont fréquents, mais il vaut mieux éviter les décisions définitives prises uniquement sous l’effet de l’excitation du moment. Très bon transit également pour la créativité, l’inspiration artistique et l’émergence d’idées originales ou novatrices. Ce transit invite avant tout à réinventer sa manière d’aimer, de créer et de vivre ses relations avec plus de liberté et de vérité personnelle.",,
uranus ,carré,venus,"Période d’instabilité affective, de remise en question relationnelle et de besoin intense de liberté émotionnelle. Ce transit pousse à sortir des habitudes sentimentales devenues étouffantes ou monotones et peut provoquer des attirances soudaines, des changements imprévus dans les relations ou un fort besoin de nouveauté. Les relations existantes peuvent traverser une phase de tension ou de réajustement, surtout si des frustrations ou de l’ennui se sont installés avec le temps. Les envies affectives deviennent plus imprévisibles, avec une tendance à rechercher des expériences différentes, excitantes ou inhabituelles. Cependant, les nouvelles relations débutées sous ce transit peuvent manquer de stabilité si elles reposent uniquement sur l’intensité ou la fuite de la routine. Ce transit peut aussi modifier temporairement les goûts, les envies ou les priorités affectives et sociales. Il invite surtout à réinventer sa manière de vivre les relations sans agir uniquement par impulsion ou besoin de rupture.",,
uranus ,opposition,venus,"Période de bouleversement relationnel, de tensions affectives et de besoin intense de liberté dans les liens. Ce transit met en lumière tout ce qui, dans les relations, est devenu trop étouffant, répétitif ou incompatible avec l’évolution personnelle. Les dynamiques affectives peuvent devenir instables ou imprévisibles, avec une forte envie de changement, de nouveauté ou d’expériences plus stimulantes émotionnellement. Les tensions accumulées dans un couple ou une relation importante ont tendance à remonter à la surface et demandent à être exprimées honnêtement plutôt qu’étouffées. Des attirances soudaines ou des relations atypiques peuvent apparaître, souvent marquées par une forte excitation, une impossibilité concrète ou un besoin inconscient de préserver sa liberté. Ce transit crée fréquemment un tiraillement entre le désir de proximité et le besoin d’indépendance, rendant les engagements plus difficiles à stabiliser. Plutôt que de tout bouleverser impulsivement, cette période peut être utilisée pour redéfinir les relations existantes afin qu’elles correspondent davantage à la personne que l’on devient. Très stimulant également sur le plan créatif et artistique, avec une ouverture à de nouvelles inspirations, sensibilités ou façons de créer.",,
uranus ,trigone,venus,"Uranus trigone Vénus
Période de renouveau affectif, de liberté émotionnelle et d’ouverture à des relations plus vivantes et stimulantes. Ce transit favorise les rencontres originales, les liens spontanés et les expériences relationnelles qui permettent de sortir de la routine sans forcément provoquer de rupture ou de chaos. Une nouvelle relation peut apparaître, souvent marquée par une forte sensation de fraîcheur, d’excitation et de différence par rapport aux expériences passées. L’attirance peut se porter vers des personnes atypiques, venant d’univers très différents ou apportant une vision nouvelle de la vie et des relations. Les couples déjà existants peuvent également profiter de ce transit pour réintroduire davantage de liberté, de spontanéité et de nouveauté dans leur dynamique. Ce transit aide à comprendre qu’une relation solide n’a pas besoin d’être étouffante pour être stable. Très favorable aussi aux rencontres sociales, aux nouvelles amitiés, aux activités artistiques et à tout ce qui stimule l’inspiration, la créativité et le plaisir de découvrir autre chose. Une période légère, vivante et enrichissante, qui pousse à aimer avec plus d’authenticité et moins de peur du changement.",,
uranus ,sextile,venus,"Période d’ouverture relationnelle, de renouveau affectif et de stimulation sociale positive. Ce transit favorise les rencontres originales, les nouvelles amitiés et les relations plus libres, spontanées et authentiques. Les échanges deviennent plus vivants et permettent de sortir de certaines habitudes émotionnelles devenues trop répétitives. Très bon transit pour découvrir de nouvelles façons d’aimer, de créer ou de vivre ses relations sans forcément provoquer de rupture ou de chaos. Les relations qui débutent maintenant apportent souvent fraîcheur, excitation et sentiment de liberté, à condition de conserver une certaine souplesse et d’éviter de retomber dans une routine trop rigide. Ce transit stimule également la créativité, le besoin de nouveauté esthétique et l’envie d’expérimenter de nouvelles activités sociales, artistiques ou personnelles. Une période favorable pour moderniser sa vie affective et élargir ses horizons relationnels avec plus de légèreté et d’ouverture.",,
uranus ,conjonction,mars,"Période de forte agitation intérieure, de besoin urgent de liberté et d’explosion d’énergie. Ce transit pousse à briser les limitations devenues insupportables et favorise les actions soudaines, les prises de risque et les réactions impulsives. L’envie de s’affirmer devient très puissante, avec une difficulté croissante à tolérer les frustrations ou les contraintes extérieures. Très bon transit pour provoquer des changements nécessaires et sortir d’une situation bloquée, mais il demande de canaliser l’énergie avec conscience afin d’éviter conflits, accidents ou décisions irréfléchies. L’énergie accumulée doit absolument trouver un exutoire concret et constructif.",,
uranus ,carré,mars,"Période tendue, nerveuse et impulsive, marquée par un fort besoin de casser certaines limites ou frustrations accumulées. Ce transit peut provoquer des réactions excessives, des conflits, des décisions précipitées ou des prises de risque mal évaluées. L’impatience devient forte et les contraintes extérieures sont vécues comme particulièrement insupportables. Attention aux gestes impulsifs, aux disputes inutiles et aux comportements dangereux liés à la colère ou au besoin de prouver quelque chose. Ce transit pousse surtout à revoir la manière d’affirmer son individualité sans agir contre soi-même.",,
uranus ,opposition,mars,"Période de tensions, de réactions explosives et de besoin intense d’indépendance. Ce transit favorise les confrontations avec les personnes ou situations vécues comme oppressantes, avec un risque accru d’agir impulsivement sous le coup de la frustration ou de la colère. Les conflits relationnels ou professionnels peuvent s’intensifier si certaines tensions étaient déjà présentes auparavant. Forte envie de casser les anciens schémas et de reprendre sa liberté, parfois de manière brutale ou excessive. Il est important de canaliser cette énergie dans des changements conscients plutôt que dans des réactions destructrices ou irréfléchies.",,
uranus ,trigone,mars,"Période d’énergie, d’audace et de libération personnelle constructive. Ce transit favorise l’action, l’initiative et la capacité à sortir des anciens comportements limitants avec davantage de confiance et de naturel. L’envie d’expérimenter, d’oser et de s’affirmer devient plus forte, mais de manière fluide et productive. Très bon transit pour commencer de nouveaux projets, changer certaines habitudes ou reprendre le contrôle de sa vie avec plus d’autonomie. L’énergie est ici stimulante, motivante et tournée vers l’évolution plutôt que vers le conflit.",,
uranus ,sextile,mars,"Période d’affirmation personnelle, de regain d’énergie et de libération progressive. Ce transit favorise les initiatives, les nouveaux projets et les actions permettant de retrouver davantage de liberté et d’autonomie. L’énergie est plus dynamique, audacieuse et tournée vers l’expérimentation, avec une envie de sortir des anciens schémas limitants. Très bon transit pour tenter quelque chose de nouveau, prendre des initiatives ou défendre ses besoins avec plus de confiance. Les changements se font ici plus naturellement et sans provoquer de rupture brutale.",,
uranus ,conjonction,jupiter,"Période d’ouverture intellectuelle, d’expansion et de remise en question des croyances. Favorise les voyages, les études, l’innovation, les rencontres stimulantes et les occasions inattendues d’élargir son horizon. Cette influence ouvre un cycle de renouvellement rapide et accentue le besoin d’indépendance. Les changements deviennent constructifs lorsqu’ils répondent à un besoin réel plutôt qu’à une simple envie de rupture. Vigilance face aux paris excessifs, aux décisions financières imprudentes, à l’arrogance et au besoin de bouleverser sa vie sans mesurer les conséquences.",,
uranus ,carré,jupiter,"Période d’ouverture intellectuelle, d’expansion et de remise en question des croyances. Favorise les voyages, les études, l’innovation, les rencontres stimulantes et les occasions inattendues d’élargir son horizon. Une tension entre liberté et stabilité rend les changements difficiles à éviter. Demande de rester souple sans agir dans la précipitation, la provocation ou le rejet systématique des contraintes. Vigilance face aux paris excessifs, aux décisions financières imprudentes, à l’arrogance et au besoin de bouleverser sa vie sans mesurer les conséquences.",,
uranus ,opposition,jupiter,"Période d’ouverture intellectuelle, d’expansion et de remise en question des croyances. Favorise les voyages, les études, l’innovation, les rencontres stimulantes et les occasions inattendues d’élargir son horizon. Les bouleversements se manifestent souvent à travers les autres ou des circonstances imprévues. Invite à rééquilibrer autonomie et coopération sans attendre qu’une crise impose le changement. Vigilance face aux paris excessifs, aux décisions financières imprudentes, à l’arrogance et au besoin de bouleverser sa vie sans mesurer les conséquences.",,
uranus ,trigone,jupiter,"Période d’ouverture intellectuelle, d’expansion et de remise en question des croyances. Favorise les voyages, les études, l’innovation, les rencontres stimulantes et les occasions inattendues d’élargir son horizon. Le renouvellement se déroule avec davantage de fluidité, d’audace et d’inventivité. Favorise les expériences nouvelles et les changements libérateurs lorsqu’une initiative concrète accompagne l’ouverture. Vigilance face aux paris excessifs, aux décisions financières imprudentes, à l’arrogance et au besoin de bouleverser sa vie sans mesurer les conséquences.",,
uranus ,sextile,jupiter,"Période d’ouverture intellectuelle, d’expansion et de remise en question des croyances. Favorise les voyages, les études, l’innovation, les rencontres stimulantes et les occasions inattendues d’élargir son horizon. Des occasions de changement et d’émancipation apparaissent progressivement. Elles demandent une participation active pour transformer une intuition nouvelle en évolution durable. Vigilance face aux paris excessifs, aux décisions financières imprudentes, à l’arrogance et au besoin de bouleverser sa vie sans mesurer les conséquences.",,
uranus ,conjonction,saturne,"Période de confrontation entre besoin de liberté et structures établies. Favorise la modernisation des méthodes, la réforme des responsabilités et la construction d’un cadre plus souple et plus authentique. Cette influence ouvre un cycle de renouvellement rapide et accentue le besoin d’indépendance. Les changements deviennent constructifs lorsqu’ils répondent à un besoin réel plutôt qu’à une simple envie de rupture. Vigilance face aux ruptures brutales, au rejet de toute autorité, à la rigidité défensive et à l’accumulation de tensions jusqu’au point de rupture.",,
uranus ,carré,saturne,"Période de confrontation entre besoin de liberté et structures établies. Favorise la modernisation des méthodes, la réforme des responsabilités et la construction d’un cadre plus souple et plus authentique. Une tension entre liberté et stabilité rend les changements difficiles à éviter. Demande de rester souple sans agir dans la précipitation, la provocation ou le rejet systématique des contraintes. Vigilance face aux ruptures brutales, au rejet de toute autorité, à la rigidité défensive et à l’accumulation de tensions jusqu’au point de rupture.",,
uranus ,opposition,saturne,"Période de confrontation entre besoin de liberté et structures établies. Favorise la modernisation des méthodes, la réforme des responsabilités et la construction d’un cadre plus souple et plus authentique. Les bouleversements se manifestent souvent à travers les autres ou des circonstances imprévues. Invite à rééquilibrer autonomie et coopération sans attendre qu’une crise impose le changement. Vigilance face aux ruptures brutales, au rejet de toute autorité, à la rigidité défensive et à l’accumulation de tensions jusqu’au point de rupture.",,
uranus ,trigone,saturne,"Période de confrontation entre besoin de liberté et structures établies. Favorise la modernisation des méthodes, la réforme des responsabilités et la construction d’un cadre plus souple et plus authentique. Le renouvellement se déroule avec davantage de fluidité, d’audace et d’inventivité. Favorise les expériences nouvelles et les changements libérateurs lorsqu’une initiative concrète accompagne l’ouverture. Vigilance face aux ruptures brutales, au rejet de toute autorité, à la rigidité défensive et à l’accumulation de tensions jusqu’au point de rupture.",,
uranus ,sextile,saturne,"Période de confrontation entre besoin de liberté et structures établies. Favorise la modernisation des méthodes, la réforme des responsabilités et la construction d’un cadre plus souple et plus authentique. Des occasions de changement et d’émancipation apparaissent progressivement. Elles demandent une participation active pour transformer une intuition nouvelle en évolution durable. Vigilance face aux ruptures brutales, au rejet de toute autorité, à la rigidité défensive et à l’accumulation de tensions jusqu’au point de rupture.",,
uranus ,conjonction,uranus,"Période charnière dans le cycle d’individuation, marquée par le besoin de renouveler sa trajectoire et d’exprimer davantage sa singularité. Favorise l’autonomie, les choix non conventionnels et la libération d’anciens conditionnements. Cette influence ouvre un cycle de renouvellement rapide et accentue le besoin d’indépendance. Les changements deviennent constructifs lorsqu’ils répondent à un besoin réel plutôt qu’à une simple envie de rupture. Vigilance face à l’instabilité, aux décisions prises uniquement pour fuir l’ennui, aux changements chaotiques et à l’illusion que toute contrainte empêche d’être soi-même.",,
uranus ,carré,uranus,"Période charnière dans le cycle d’individuation, marquée par le besoin de renouveler sa trajectoire et d’exprimer davantage sa singularité. Favorise l’autonomie, les choix non conventionnels et la libération d’anciens conditionnements. Une tension entre liberté et stabilité rend les changements difficiles à éviter. Demande de rester souple sans agir dans la précipitation, la provocation ou le rejet systématique des contraintes. Vigilance face à l’instabilité, aux décisions prises uniquement pour fuir l’ennui, aux changements chaotiques et à l’illusion que toute contrainte empêche d’être soi-même.",,
uranus ,opposition,uranus,"Période charnière dans le cycle d’individuation, marquée par le besoin de renouveler sa trajectoire et d’exprimer davantage sa singularité. Favorise l’autonomie, les choix non conventionnels et la libération d’anciens conditionnements. Les bouleversements se manifestent souvent à travers les autres ou des circonstances imprévues. Invite à rééquilibrer autonomie et coopération sans attendre qu’une crise impose le changement. Vigilance face à l’instabilité, aux décisions prises uniquement pour fuir l’ennui, aux changements chaotiques et à l’illusion que toute contrainte empêche d’être soi-même.",,
uranus ,trigone,uranus,"Période charnière dans le cycle d’individuation, marquée par le besoin de renouveler sa trajectoire et d’exprimer davantage sa singularité. Favorise l’autonomie, les choix non conventionnels et la libération d’anciens conditionnements. Le renouvellement se déroule avec davantage de fluidité, d’audace et d’inventivité. Favorise les expériences nouvelles et les changements libérateurs lorsqu’une initiative concrète accompagne l’ouverture. Vigilance face à l’instabilité, aux décisions prises uniquement pour fuir l’ennui, aux changements chaotiques et à l’illusion que toute contrainte empêche d’être soi-même.",,
uranus ,sextile,uranus,"Période charnière dans le cycle d’individuation, marquée par le besoin de renouveler sa trajectoire et d’exprimer davantage sa singularité. Favorise l’autonomie, les choix non conventionnels et la libération d’anciens conditionnements. Des occasions de changement et d’émancipation apparaissent progressivement. Elles demandent une participation active pour transformer une intuition nouvelle en évolution durable. Vigilance face à l’instabilité, aux décisions prises uniquement pour fuir l’ennui, aux changements chaotiques et à l’illusion que toute contrainte empêche d’être soi-même.",,
uranus ,conjonction,neptune,"Période d’éveil intuitif, créatif ou spirituel et d’ouverture à des perceptions inhabituelles. Favorise l’imagination, les idéaux collectifs, l’exploration symbolique et les nouvelles formes de conscience. Cette influence ouvre un cycle de renouvellement rapide et accentue le besoin d’indépendance. Les changements deviennent constructifs lorsqu’ils répondent à un besoin réel plutôt qu’à une simple envie de rupture. Vigilance face aux illuminations trompeuses, aux croyances extravagantes, aux groupes confus, aux emballements mystiques et aux projets inspirants mais irréalisables.",,
uranus ,carré,neptune,"Période d’éveil intuitif, créatif ou spirituel et d’ouverture à des perceptions inhabituelles. Favorise l’imagination, les idéaux collectifs, l’exploration symbolique et les nouvelles formes de conscience. Une tension entre liberté et stabilité rend les changements difficiles à éviter. Demande de rester souple sans agir dans la précipitation, la provocation ou le rejet systématique des contraintes. Vigilance face aux illuminations trompeuses, aux croyances extravagantes, aux groupes confus, aux emballements mystiques et aux projets inspirants mais irréalisables.",,
uranus ,opposition,neptune,"Période d’éveil intuitif, créatif ou spirituel et d’ouverture à des perceptions inhabituelles. Favorise l’imagination, les idéaux collectifs, l’exploration symbolique et les nouvelles formes de conscience. Les bouleversements se manifestent souvent à travers les autres ou des circonstances imprévues. Invite à rééquilibrer autonomie et coopération sans attendre qu’une crise impose le changement. Vigilance face aux illuminations trompeuses, aux croyances extravagantes, aux groupes confus, aux emballements mystiques et aux projets inspirants mais irréalisables.",,
uranus ,trigone,neptune,"Période d’éveil intuitif, créatif ou spirituel et d’ouverture à des perceptions inhabituelles. Favorise l’imagination, les idéaux collectifs, l’exploration symbolique et les nouvelles formes de conscience. Le renouvellement se déroule avec davantage de fluidité, d’audace et d’inventivité. Favorise les expériences nouvelles et les changements libérateurs lorsqu’une initiative concrète accompagne l’ouverture. Vigilance face aux illuminations trompeuses, aux croyances extravagantes, aux groupes confus, aux emballements mystiques et aux projets inspirants mais irréalisables.",,
uranus ,sextile,neptune,"Période d’éveil intuitif, créatif ou spirituel et d’ouverture à des perceptions inhabituelles. Favorise l’imagination, les idéaux collectifs, l’exploration symbolique et les nouvelles formes de conscience. Des occasions de changement et d’émancipation apparaissent progressivement. Elles demandent une participation active pour transformer une intuition nouvelle en évolution durable. Vigilance face aux illuminations trompeuses, aux croyances extravagantes, aux groupes confus, aux emballements mystiques et aux projets inspirants mais irréalisables.",,
uranus ,conjonction,pluton,"Période de transformation collective et personnelle profonde. Favorise les réformes radicales, la compréhension des forces cachées, l’émancipation et la capacité à renouveler des structures devenues obsolètes. Cette influence ouvre un cycle de renouvellement rapide et accentue le besoin d’indépendance. Les changements deviennent constructifs lorsqu’ils répondent à un besoin réel plutôt qu’à une simple envie de rupture. Vigilance face à l’extrémisme, aux luttes de pouvoir, à la destruction impulsive, aux mouvements incontrôlables et à la volonté d’imposer une révolution aux autres.",,
uranus ,carré,pluton,"Période de transformation collective et personnelle profonde. Favorise les réformes radicales, la compréhension des forces cachées, l’émancipation et la capacité à renouveler des structures devenues obsolètes. Une tension entre liberté et stabilité rend les changements difficiles à éviter. Demande de rester souple sans agir dans la précipitation, la provocation ou le rejet systématique des contraintes. Vigilance face à l’extrémisme, aux luttes de pouvoir, à la destruction impulsive, aux mouvements incontrôlables et à la volonté d’imposer une révolution aux autres.",,
uranus ,opposition,pluton,"Période de transformation collective et personnelle profonde. Favorise les réformes radicales, la compréhension des forces cachées, l’émancipation et la capacité à renouveler des structures devenues obsolètes. Les bouleversements se manifestent souvent à travers les autres ou des circonstances imprévues. Invite à rééquilibrer autonomie et coopération sans attendre qu’une crise impose le changement. Vigilance face à l’extrémisme, aux luttes de pouvoir, à la destruction impulsive, aux mouvements incontrôlables et à la volonté d’imposer une révolution aux autres.",,
uranus ,trigone,pluton,"Période de transformation collective et personnelle profonde. Favorise les réformes radicales, la compréhension des forces cachées, l’émancipation et la capacité à renouveler des structures devenues obsolètes. Le renouvellement se déroule avec davantage de fluidité, d’audace et d’inventivité. Favorise les expériences nouvelles et les changements libérateurs lorsqu’une initiative concrète accompagne l’ouverture. Vigilance face à l’extrémisme, aux luttes de pouvoir, à la destruction impulsive, aux mouvements incontrôlables et à la volonté d’imposer une révolution aux autres.",,
uranus ,sextile,pluton,"Période de transformation collective et personnelle profonde. Favorise les réformes radicales, la compréhension des forces cachées, l’émancipation et la capacité à renouveler des structures devenues obsolètes. Des occasions de changement et d’émancipation apparaissent progressivement. Elles demandent une participation active pour transformer une intuition nouvelle en évolution durable. Vigilance face à l’extrémisme, aux luttes de pouvoir, à la destruction impulsive, aux mouvements incontrôlables et à la volonté d’imposer une révolution aux autres.",,
neptune,conjonction,soleil,"Période de redéfinition de l’identité, de la volonté et du sens donné à l’existence. Peut renforcer la compassion, l’idéalisme, la créativité et l’intérêt pour la spiritualité. La sensibilité neptunienne imprègne fortement ce domaine et en brouille parfois les contours. Favorise l’inspiration et le dépassement de l’ego, mais demande des repères concrets. Vigilance face à la fatigue, au manque de direction, à la perte de confiance, aux faux-semblants et à une sensibilité physique accrue.",,
neptune,carré,soleil,"Période de redéfinition de l’identité, de la volonté et du sens donné à l’existence. Peut renforcer la compassion, l’idéalisme, la créativité et l’intérêt pour la spiritualité. Une phase de doute ou de désorientation oblige à distinguer intuition, peur et projection. Éviter les décisions floues, les promesses vagues et les échappatoires. Vigilance face à la fatigue, au manque de direction, à la perte de confiance, aux faux-semblants et à une sensibilité physique accrue.",,
neptune,opposition,soleil,"Période de redéfinition de l’identité, de la volonté et du sens donné à l’existence. Peut renforcer la compassion, l’idéalisme, la créativité et l’intérêt pour la spiritualité. Les attentes idéalisées peuvent se projeter sur les autres et provoquer malentendus ou déceptions. La clarté, les limites et la vérification des faits deviennent essentielles. Vigilance face à la fatigue, au manque de direction, à la perte de confiance, aux faux-semblants et à une sensibilité physique accrue.",,
neptune,trigone,soleil,"Période de redéfinition de l’identité, de la volonté et du sens donné à l’existence. Peut renforcer la compassion, l’idéalisme, la créativité et l’intérêt pour la spiritualité. L’intuition, l’imagination et la compassion circulent avec davantage de fluidité. Favorise la création et la quête de sens, à condition de donner une forme concrète aux inspirations. Vigilance face à la fatigue, au manque de direction, à la perte de confiance, aux faux-semblants et à une sensibilité physique accrue.",,
neptune,sextile,soleil,"Période de redéfinition de l’identité, de la volonté et du sens donné à l’existence. Peut renforcer la compassion, l’idéalisme, la créativité et l’intérêt pour la spiritualité. Une ouverture subtile soutient l’intuition, la créativité et la compréhension sensible. Les bénéfices apparaissent surtout lorsqu’une inspiration est traduite en action réaliste. Vigilance face à la fatigue, au manque de direction, à la perte de confiance, aux faux-semblants et à une sensibilité physique accrue.",,
neptune,conjonction,lune,"Période de grande réceptivité émotionnelle et intuitive. Favorise l’empathie, l’imagination, la vie intérieure et la perception fine des ambiances. La sensibilité neptunienne imprègne fortement ce domaine et en brouille parfois les contours. Favorise l’inspiration et le dépassement de l’ego, mais demande des repères concrets. Vigilance face aux projections affectives, aux relations idéalisées, aux humeurs absorbées de l’entourage et aux conduites d’évasion.",,
neptune,carré,lune,"Période de grande sensibilité émotionnelle et psychique. Peut accentuer l’intuition, l’empathie et la réceptivité aux ambiances extérieures, mais aussi les confusions, projections, malentendus ou illusions affectives. Vigilance face aux influences négatives, aux relations irréalistes, aux emballements émotionnels et aux comportements d’évasion.",,
neptune,opposition,lune,"Période de grande réceptivité émotionnelle et intuitive. Favorise l’empathie, l’imagination, la vie intérieure et la perception fine des ambiances. Les attentes idéalisées peuvent se projeter sur les autres et provoquer malentendus ou déceptions. La clarté, les limites et la vérification des faits deviennent essentielles. Vigilance face aux projections affectives, aux relations idéalisées, aux humeurs absorbées de l’entourage et aux conduites d’évasion.",,
neptune,trigone,lune,"Période de grande réceptivité émotionnelle et intuitive. Favorise l’empathie, l’imagination, la vie intérieure et la perception fine des ambiances. L’intuition, l’imagination et la compassion circulent avec davantage de fluidité. Favorise la création et la quête de sens, à condition de donner une forme concrète aux inspirations. Vigilance face aux projections affectives, aux relations idéalisées, aux humeurs absorbées de l’entourage et aux conduites d’évasion.",,
neptune,sextile,lune,"Période de grande réceptivité émotionnelle et intuitive. Favorise l’empathie, l’imagination, la vie intérieure et la perception fine des ambiances. Une ouverture subtile soutient l’intuition, la créativité et la compréhension sensible. Les bénéfices apparaissent surtout lorsqu’une inspiration est traduite en action réaliste. Vigilance face aux projections affectives, aux relations idéalisées, aux humeurs absorbées de l’entourage et aux conduites d’évasion.",,
neptune,conjonction,mercure,"Période d’imagination mentale, d’intuition et de pensée symbolique. Favorise l’écriture, la poésie, la musique, la méditation et la compréhension non rationnelle des situations. La sensibilité neptunienne imprègne fortement ce domaine et en brouille parfois les contours. Favorise l’inspiration et le dépassement de l’ego, mais demande des repères concrets. Vigilance face aux oublis, aux malentendus, aux informations trompeuses, au raisonnement confus et aux accords insuffisamment vérifiés.",,
neptune,carré,mercure,"Période d’imagination mentale, d’intuition et de pensée symbolique. Favorise l’écriture, la poésie, la musique, la méditation et la compréhension non rationnelle des situations. Une phase de doute ou de désorientation oblige à distinguer intuition, peur et projection. Éviter les décisions floues, les promesses vagues et les échappatoires. Vigilance face aux oublis, aux malentendus, aux informations trompeuses, au raisonnement confus et aux accords insuffisamment vérifiés.",,
neptune,opposition,mercure,"Période d’imagination mentale, d’intuition et de pensée symbolique. Favorise l’écriture, la poésie, la musique, la méditation et la compréhension non rationnelle des situations. Les attentes idéalisées peuvent se projeter sur les autres et provoquer malentendus ou déceptions. La clarté, les limites et la vérification des faits deviennent essentielles. Vigilance face aux oublis, aux malentendus, aux informations trompeuses, au raisonnement confus et aux accords insuffisamment vérifiés.",,
neptune,trigone,mercure,"Période d’imagination mentale, d’intuition et de pensée symbolique. Favorise l’écriture, la poésie, la musique, la méditation et la compréhension non rationnelle des situations. L’intuition, l’imagination et la compassion circulent avec davantage de fluidité. Favorise la création et la quête de sens, à condition de donner une forme concrète aux inspirations. Vigilance face aux oublis, aux malentendus, aux informations trompeuses, au raisonnement confus et aux accords insuffisamment vérifiés.",,
neptune,sextile,mercure,"Période d’imagination mentale, d’intuition et de pensée symbolique. Favorise l’écriture, la poésie, la musique, la méditation et la compréhension non rationnelle des situations. Une ouverture subtile soutient l’intuition, la créativité et la compréhension sensible. Les bénéfices apparaissent surtout lorsqu’une inspiration est traduite en action réaliste. Vigilance face aux oublis, aux malentendus, aux informations trompeuses, au raisonnement confus et aux accords insuffisamment vérifiés.",,
neptune,conjonction,venus,"Période de romantisme, de sensibilité artistique et de recherche d’un amour idéalisé. Favorise la compassion, la créativité, la douceur et une perception plus subtile de la beauté. La sensibilité neptunienne imprègne fortement ce domaine et en brouille parfois les contours. Favorise l’inspiration et le dépassement de l’ego, mais demande des repères concrets. Vigilance face aux amours impossibles, au sacrifice de soi, aux secrets, à la dépendance affective et au manque de réalisme financier.",,
neptune,carré,venus,"Période de romantisme, de sensibilité artistique et de recherche d’un amour idéalisé. Favorise la compassion, la créativité, la douceur et une perception plus subtile de la beauté. Une phase de doute ou de désorientation oblige à distinguer intuition, peur et projection. Éviter les décisions floues, les promesses vagues et les échappatoires. Vigilance face aux amours impossibles, au sacrifice de soi, aux secrets, à la dépendance affective et au manque de réalisme financier.",,
neptune,opposition,venus,"Période de romantisme, de sensibilité artistique et de recherche d’un amour idéalisé. Favorise la compassion, la créativité, la douceur et une perception plus subtile de la beauté. Les attentes idéalisées peuvent se projeter sur les autres et provoquer malentendus ou déceptions. La clarté, les limites et la vérification des faits deviennent essentielles. Vigilance face aux amours impossibles, au sacrifice de soi, aux secrets, à la dépendance affective et au manque de réalisme financier.",,
neptune,trigone,venus,"Période de romantisme, de sensibilité artistique et de recherche d’un amour idéalisé. Favorise la compassion, la créativité, la douceur et une perception plus subtile de la beauté. L’intuition, l’imagination et la compassion circulent avec davantage de fluidité. Favorise la création et la quête de sens, à condition de donner une forme concrète aux inspirations. Vigilance face aux amours impossibles, au sacrifice de soi, aux secrets, à la dépendance affective et au manque de réalisme financier.",,
neptune,sextile,venus,"Période de romantisme, de sensibilité artistique et de recherche d’un amour idéalisé. Favorise la compassion, la créativité, la douceur et une perception plus subtile de la beauté. Une ouverture subtile soutient l’intuition, la créativité et la compréhension sensible. Les bénéfices apparaissent surtout lorsqu’une inspiration est traduite en action réaliste. Vigilance face aux amours impossibles, au sacrifice de soi, aux secrets, à la dépendance affective et au manque de réalisme financier.",,
neptune,conjonction,mars,"Période où l’action se met au service d’un idéal, d’une création ou d’une cause. Favorise l’inspiration, l’aide aux autres et les démarches guidées par l’intuition plutôt que par la compétition. La sensibilité neptunienne imprègne fortement ce domaine et en brouille parfois les contours. Favorise l’inspiration et le dépassement de l’ego, mais demande des repères concrets. Vigilance face à la baisse d’énergie, aux objectifs flous, à l’inaction, aux colères indirectes et aux initiatives risquées ou mal préparées.",,
neptune,carré,mars,"Période où l’action se met au service d’un idéal, d’une création ou d’une cause. Favorise l’inspiration, l’aide aux autres et les démarches guidées par l’intuition plutôt que par la compétition. Une phase de doute ou de désorientation oblige à distinguer intuition, peur et projection. Éviter les décisions floues, les promesses vagues et les échappatoires. Vigilance face à la baisse d’énergie, aux objectifs flous, à l’inaction, aux colères indirectes et aux initiatives risquées ou mal préparées.",,
neptune,opposition,mars,"Période où l’action se met au service d’un idéal, d’une création ou d’une cause. Favorise l’inspiration, l’aide aux autres et les démarches guidées par l’intuition plutôt que par la compétition. Les attentes idéalisées peuvent se projeter sur les autres et provoquer malentendus ou déceptions. La clarté, les limites et la vérification des faits deviennent essentielles. Vigilance face à la baisse d’énergie, aux objectifs flous, à l’inaction, aux colères indirectes et aux initiatives risquées ou mal préparées.",,
neptune,trigone,mars,"Période où l’action se met au service d’un idéal, d’une création ou d’une cause. Favorise l’inspiration, l’aide aux autres et les démarches guidées par l’intuition plutôt que par la compétition. L’intuition, l’imagination et la compassion circulent avec davantage de fluidité. Favorise la création et la quête de sens, à condition de donner une forme concrète aux inspirations. Vigilance face à la baisse d’énergie, aux objectifs flous, à l’inaction, aux colères indirectes et aux initiatives risquées ou mal préparées.",,
neptune,sextile,mars,"Période où l’action se met au service d’un idéal, d’une création ou d’une cause. Favorise l’inspiration, l’aide aux autres et les démarches guidées par l’intuition plutôt que par la compétition. Une ouverture subtile soutient l’intuition, la créativité et la compréhension sensible. Les bénéfices apparaissent surtout lorsqu’une inspiration est traduite en action réaliste. Vigilance face à la baisse d’énergie, aux objectifs flous, à l’inaction, aux colères indirectes et aux initiatives risquées ou mal préparées.",,
neptune,conjonction,jupiter,"Période d’ouverture spirituelle, d’idéalisme et de générosité. Favorise la quête de sens, la compassion, l’imagination et l’élargissement d’une vision philosophique ou créative. La sensibilité neptunienne imprègne fortement ce domaine et en brouille parfois les contours. Favorise l’inspiration et le dépassement de l’ego, mais demande des repères concrets. Vigilance face à la crédulité, aux gourous, aux projets grandioses sans fondations, aux promesses trompeuses et aux excès présentés comme une vérité supérieure.",,
neptune,carré,jupiter,"Période d’ouverture spirituelle, d’idéalisme et de générosité. Favorise la quête de sens, la compassion, l’imagination et l’élargissement d’une vision philosophique ou créative. Une phase de doute ou de désorientation oblige à distinguer intuition, peur et projection. Éviter les décisions floues, les promesses vagues et les échappatoires. Vigilance face à la crédulité, aux gourous, aux projets grandioses sans fondations, aux promesses trompeuses et aux excès présentés comme une vérité supérieure.",,
neptune,opposition,jupiter,"Période d’ouverture spirituelle, d’idéalisme et de générosité. Favorise la quête de sens, la compassion, l’imagination et l’élargissement d’une vision philosophique ou créative. Les attentes idéalisées peuvent se projeter sur les autres et provoquer malentendus ou déceptions. La clarté, les limites et la vérification des faits deviennent essentielles. Vigilance face à la crédulité, aux gourous, aux projets grandioses sans fondations, aux promesses trompeuses et aux excès présentés comme une vérité supérieure.",,
neptune,trigone,jupiter,"Période d’ouverture spirituelle, d’idéalisme et de générosité. Favorise la quête de sens, la compassion, l’imagination et l’élargissement d’une vision philosophique ou créative. L’intuition, l’imagination et la compassion circulent avec davantage de fluidité. Favorise la création et la quête de sens, à condition de donner une forme concrète aux inspirations. Vigilance face à la crédulité, aux gourous, aux projets grandioses sans fondations, aux promesses trompeuses et aux excès présentés comme une vérité supérieure.",,
neptune,sextile,jupiter,"Période d’ouverture spirituelle, d’idéalisme et de générosité. Favorise la quête de sens, la compassion, l’imagination et l’élargissement d’une vision philosophique ou créative. Une ouverture subtile soutient l’intuition, la créativité et la compréhension sensible. Les bénéfices apparaissent surtout lorsqu’une inspiration est traduite en action réaliste. Vigilance face à la crédulité, aux gourous, aux projets grandioses sans fondations, aux promesses trompeuses et aux excès présentés comme une vérité supérieure.",,
neptune,conjonction,saturne,"Période de confusion, de remise en question profonde et de dissolution progressive des anciens repères. Peut entraîner perte de confiance, sentiment de flottement, anxiété diffuse ou impression de ne plus savoir clairement où l’on va. Ce transit pousse à abandonner certaines visions trop rigides ou dépassées de soi-même et de la vie afin d’ouvrir la voie à une compréhension plus subtile et intérieure. Demande de ralentir, de réduire le stress et d’éviter les décisions importantes prises dans le brouillard émotionnel ou mental. Favorise à long terme une transformation intérieure profonde et une perception plus spirituelle ou intuitive de l’existence.",,
neptune,carré,saturne,"Période de doutes, d’insécurité intérieure et de remise en question profonde des anciens repères. Peut entraîner anxiété diffuse, perte de confiance, confusion mentale ou impression de ne plus savoir clairement sur quoi s’appuyer. Ce transit pousse à lâcher certaines identifications trop rigides, matérielles ou psychologiques, afin de redéfinir progressivement ce qui a réellement du sens. Invite à éviter l’isolement excessif, à réduire les sources de stress inutiles et à adopter une approche plus simple, plus souple et plus intérieure de la vie. Peut également sensibiliser davantage au corps et à la fatigue, d’où l’importance de préserver son équilibre physique et psychologique.",,
neptune,opposition,saturne,"Période de remise en question profonde des anciens repères, pouvant entraîner confusion, anxiété ou perte temporaire de confiance dans ce qui semblait auparavant solide ou certain. Ce transit dissout progressivement certaines structures psychologiques, croyances ou sécurités devenues trop limitées afin d’ouvrir la voie à une perception plus large et plus subtile de la réalité. Peut provoquer un sentiment de flottement, de désorientation ou de vulnérabilité intérieure, mais pousse également à développer une compréhension plus profonde de soi-même et de la vie. Invite à éviter les réactions guidées par la peur, à rester souple face aux changements intérieurs et à accueillir progressivement de nouvelles façons de percevoir le monde.",,
neptune,trigone,saturne,"Période de maturité intérieure, de lucidité et de capacité à concrétiser ses idéaux de manière réaliste et disciplinée. Favorise une meilleure compréhension de ses véritables besoins, un sens plus clair des priorités et une approche plus simple, structurée et alignée de la vie. Ce transit aide à donner une forme concrète à des aspirations spirituelles, créatives ou profondes sans perdre le contact avec la réalité. Renforce également la capacité à garder son calme et son discernement même dans des situations complexes ou confuses.",,
neptune,sextile,saturne,"Période de lucidité intérieure, de maturité spirituelle et d’équilibre entre idéalisme et réalité concrète. Favorise une réflexion profonde sur ses aspirations, ses valeurs et la manière de les intégrer de façon plus réaliste et constructive dans sa vie quotidienne. Ce transit aide à prendre du recul, à clarifier ses priorités et à avancer avec davantage de calme, de patience et de discernement. Peut également renforcer le besoin de simplicité, d’introspection ou d’engagement dans des activités porteuses de sens ou utiles aux autres.",,
neptune,conjonction,uranus,"Période d’intuitions soudaines, d’éveil à des idées nouvelles et de remise en question des croyances collectives. Favorise les approches originales de la création, de la spiritualité et du changement social. La sensibilité neptunienne imprègne fortement ce domaine et en brouille parfois les contours. Favorise l’inspiration et le dépassement de l’ego, mais demande des repères concrets. Vigilance face aux emballements mystiques, aux mouvements confus, à l’instabilité et aux ruptures motivées par une vision insuffisamment éprouvée.",,
neptune,carré,uranus,"Période d’intuitions soudaines, d’éveil à des idées nouvelles et de remise en question des croyances collectives. Favorise les approches originales de la création, de la spiritualité et du changement social. Une phase de doute ou de désorientation oblige à distinguer intuition, peur et projection. Éviter les décisions floues, les promesses vagues et les échappatoires. Vigilance face aux emballements mystiques, aux mouvements confus, à l’instabilité et aux ruptures motivées par une vision insuffisamment éprouvée.",,
neptune,opposition,uranus,"Période d’intuitions soudaines, d’éveil à des idées nouvelles et de remise en question des croyances collectives. Favorise les approches originales de la création, de la spiritualité et du changement social. Les attentes idéalisées peuvent se projeter sur les autres et provoquer malentendus ou déceptions. La clarté, les limites et la vérification des faits deviennent essentielles. Vigilance face aux emballements mystiques, aux mouvements confus, à l’instabilité et aux ruptures motivées par une vision insuffisamment éprouvée.",,
neptune,trigone,uranus,"Période d’intuitions soudaines, d’éveil à des idées nouvelles et de remise en question des croyances collectives. Favorise les approches originales de la création, de la spiritualité et du changement social. L’intuition, l’imagination et la compassion circulent avec davantage de fluidité. Favorise la création et la quête de sens, à condition de donner une forme concrète aux inspirations. Vigilance face aux emballements mystiques, aux mouvements confus, à l’instabilité et aux ruptures motivées par une vision insuffisamment éprouvée.",,
neptune,sextile,uranus,"Période d’intuitions soudaines, d’éveil à des idées nouvelles et de remise en question des croyances collectives. Favorise les approches originales de la création, de la spiritualité et du changement social. Une ouverture subtile soutient l’intuition, la créativité et la compréhension sensible. Les bénéfices apparaissent surtout lorsqu’une inspiration est traduite en action réaliste. Vigilance face aux emballements mystiques, aux mouvements confus, à l’instabilité et aux ruptures motivées par une vision insuffisamment éprouvée.",,
neptune,conjonction,neptune,"Période de bilan des rêves, des idéaux et de la vie spirituelle. Peut approfondir l’intuition, la compassion et le besoin d’accorder son existence à une réalité intérieure plus vaste. La sensibilité neptunienne imprègne fortement ce domaine et en brouille parfois les contours. Favorise l’inspiration et le dépassement de l’ego, mais demande des repères concrets. Vigilance face à la désillusion, à la nostalgie, à l’évitement du réel et aux croyances entretenues parce qu’elles rassurent plutôt que parce qu’elles sont justes.",,
neptune,carré,neptune,"Période de bilan des rêves, des idéaux et de la vie spirituelle. Peut approfondir l’intuition, la compassion et le besoin d’accorder son existence à une réalité intérieure plus vaste. Une phase de doute ou de désorientation oblige à distinguer intuition, peur et projection. Éviter les décisions floues, les promesses vagues et les échappatoires. Vigilance face à la désillusion, à la nostalgie, à l’évitement du réel et aux croyances entretenues parce qu’elles rassurent plutôt que parce qu’elles sont justes.",,
neptune,opposition,neptune,"Période de bilan des rêves, des idéaux et de la vie spirituelle. Peut approfondir l’intuition, la compassion et le besoin d’accorder son existence à une réalité intérieure plus vaste. Les attentes idéalisées peuvent se projeter sur les autres et provoquer malentendus ou déceptions. La clarté, les limites et la vérification des faits deviennent essentielles. Vigilance face à la désillusion, à la nostalgie, à l’évitement du réel et aux croyances entretenues parce qu’elles rassurent plutôt que parce qu’elles sont justes.",,
neptune,trigone,neptune,"Période de bilan des rêves, des idéaux et de la vie spirituelle. Peut approfondir l’intuition, la compassion et le besoin d’accorder son existence à une réalité intérieure plus vaste. L’intuition, l’imagination et la compassion circulent avec davantage de fluidité. Favorise la création et la quête de sens, à condition de donner une forme concrète aux inspirations. Vigilance face à la désillusion, à la nostalgie, à l’évitement du réel et aux croyances entretenues parce qu’elles rassurent plutôt que parce qu’elles sont justes.",,
neptune,sextile,neptune,"Période de bilan des rêves, des idéaux et de la vie spirituelle. Peut approfondir l’intuition, la compassion et le besoin d’accorder son existence à une réalité intérieure plus vaste. Une ouverture subtile soutient l’intuition, la créativité et la compréhension sensible. Les bénéfices apparaissent surtout lorsqu’une inspiration est traduite en action réaliste. Vigilance face à la désillusion, à la nostalgie, à l’évitement du réel et aux croyances entretenues parce qu’elles rassurent plutôt que parce qu’elles sont justes.",,
neptune,conjonction,pluton,"Période de transformation collective et intérieure, mêlant intuition, profondeur psychologique et perception des forces invisibles à l’œuvre. Favorise la recherche, la guérison et la remise en question d’idéaux anciens. La sensibilité neptunienne imprègne fortement ce domaine et en brouille parfois les contours. Favorise l’inspiration et le dépassement de l’ego, mais demande des repères concrets. Vigilance face aux obsessions, aux peurs diffuses, aux idéologies extrêmes, aux manipulations et à la fascination pour ce qui échappe au contrôle.",,
neptune,carré,pluton,"Période de transformation collective et intérieure, mêlant intuition, profondeur psychologique et perception des forces invisibles à l’œuvre. Favorise la recherche, la guérison et la remise en question d’idéaux anciens. Une phase de doute ou de désorientation oblige à distinguer intuition, peur et projection. Éviter les décisions floues, les promesses vagues et les échappatoires. Vigilance face aux obsessions, aux peurs diffuses, aux idéologies extrêmes, aux manipulations et à la fascination pour ce qui échappe au contrôle.",,
neptune,opposition,pluton,"Période de transformation collective et intérieure, mêlant intuition, profondeur psychologique et perception des forces invisibles à l’œuvre. Favorise la recherche, la guérison et la remise en question d’idéaux anciens. Les attentes idéalisées peuvent se projeter sur les autres et provoquer malentendus ou déceptions. La clarté, les limites et la vérification des faits deviennent essentielles. Vigilance face aux obsessions, aux peurs diffuses, aux idéologies extrêmes, aux manipulations et à la fascination pour ce qui échappe au contrôle.",,
neptune,trigone,pluton,"Période de transformation collective et intérieure, mêlant intuition, profondeur psychologique et perception des forces invisibles à l’œuvre. Favorise la recherche, la guérison et la remise en question d’idéaux anciens. L’intuition, l’imagination et la compassion circulent avec davantage de fluidité. Favorise la création et la quête de sens, à condition de donner une forme concrète aux inspirations. Vigilance face aux obsessions, aux peurs diffuses, aux idéologies extrêmes, aux manipulations et à la fascination pour ce qui échappe au contrôle.",,
neptune,sextile,pluton,"Période de transformation collective et intérieure, mêlant intuition, profondeur psychologique et perception des forces invisibles à l’œuvre. Favorise la recherche, la guérison et la remise en question d’idéaux anciens. Une ouverture subtile soutient l’intuition, la créativité et la compréhension sensible. Les bénéfices apparaissent surtout lorsqu’une inspiration est traduite en action réaliste. Vigilance face aux obsessions, aux peurs diffuses, aux idéologies extrêmes, aux manipulations et à la fascination pour ce qui échappe au contrôle.",,
pluton,conjonction,soleil,"Période de profonde redéfinition de l’identité, de la volonté et de la direction personnelle. Peut renforcer le courage, l’influence, l’ambition et le besoin de vivre de façon plus authentique. Cette influence concentre une forte puissance de transformation et ouvre un cycle de régénération. Elle demande d’abandonner ce qui est devenu obsolète plutôt que de chercher à tout contrôler. Vigilance face aux comportements compulsifs, à l’autoritarisme, aux confrontations d’ego et à l’épuisement provoqué par une volonté excessive.",,
pluton,carré,soleil,"Période de profonde redéfinition de l’identité, de la volonté et de la direction personnelle. Peut renforcer le courage, l’influence, l’ambition et le besoin de vivre de façon plus authentique. La transformation s’impose à travers des tensions, des résistances ou une crise devenue impossible à contourner. Le défi consiste à agir avec lucidité sans basculer dans la contrainte, l’obsession ou la lutte de pouvoir. Vigilance face aux comportements compulsifs, à l’autoritarisme, aux confrontations d’ego et à l’épuisement provoqué par une volonté excessive.",,
pluton,opposition,soleil,"Période de profonde redéfinition de l’identité, de la volonté et de la direction personnelle. Peut renforcer le courage, l’influence, l’ambition et le besoin de vivre de façon plus authentique. Les enjeux de pouvoir et de transformation se manifestent souvent à travers les autres ou les circonstances. Ce transit invite à reconnaître les projections et à négocier le changement sans domination ni soumission. Vigilance face aux comportements compulsifs, à l’autoritarisme, aux confrontations d’ego et à l’épuisement provoqué par une volonté excessive.",,
pluton,trigone,soleil,"Période de profonde redéfinition de l’identité, de la volonté et de la direction personnelle. Peut renforcer le courage, l’influence, l’ambition et le besoin de vivre de façon plus authentique. Une force intérieure soutient les changements profonds avec davantage de fluidité et de maîtrise. Favorise les réformes durables, le travail psychologique et l’utilisation constructive du pouvoir personnel. Vigilance face aux comportements compulsifs, à l’autoritarisme, aux confrontations d’ego et à l’épuisement provoqué par une volonté excessive.",,
pluton,sextile,soleil,"Période de profonde redéfinition de l’identité, de la volonté et de la direction personnelle. Peut renforcer le courage, l’influence, l’ambition et le besoin de vivre de façon plus authentique. Des occasions de transformation se présentent de manière progressive et constructive. Elles deviennent fécondes lorsqu’on accepte d’examiner les causes profondes et d’agir avec constance. Vigilance face aux comportements compulsifs, à l’autoritarisme, aux confrontations d’ego et à l’épuisement provoqué par une volonté excessive.",,
pluton,conjonction,lune,"Période de transformation émotionnelle intense qui fait remonter des besoins, peurs et souvenirs profondément enfouis. Favorise la guérison du passé, l’évolution des liens familiaux et une plus grande vérité affective. Cette influence concentre une forte puissance de transformation et ouvre un cycle de régénération. Elle demande d’abandonner ce qui est devenu obsolète plutôt que de chercher à tout contrôler. Vigilance face à la possessivité, aux réactions extrêmes, aux manipulations émotionnelles et au besoin de contrôler l’entourage ou le foyer.",,
pluton,carré,lune,"Période de transformation émotionnelle intense qui fait remonter des besoins, peurs et souvenirs profondément enfouis. Favorise la guérison du passé, l’évolution des liens familiaux et une plus grande vérité affective. La transformation s’impose à travers des tensions, des résistances ou une crise devenue impossible à contourner. Le défi consiste à agir avec lucidité sans basculer dans la contrainte, l’obsession ou la lutte de pouvoir. Vigilance face à la possessivité, aux réactions extrêmes, aux manipulations émotionnelles et au besoin de contrôler l’entourage ou le foyer.",,
pluton,opposition,lune,"Période de transformation émotionnelle intense qui fait remonter des besoins, peurs et souvenirs profondément enfouis. Favorise la guérison du passé, l’évolution des liens familiaux et une plus grande vérité affective. Les enjeux de pouvoir et de transformation se manifestent souvent à travers les autres ou les circonstances. Ce transit invite à reconnaître les projections et à négocier le changement sans domination ni soumission. Vigilance face à la possessivité, aux réactions extrêmes, aux manipulations émotionnelles et au besoin de contrôler l’entourage ou le foyer.",,
pluton,trigone,lune,"Période de transformation émotionnelle intense qui fait remonter des besoins, peurs et souvenirs profondément enfouis. Favorise la guérison du passé, l’évolution des liens familiaux et une plus grande vérité affective. Une force intérieure soutient les changements profonds avec davantage de fluidité et de maîtrise. Favorise les réformes durables, le travail psychologique et l’utilisation constructive du pouvoir personnel. Vigilance face à la possessivité, aux réactions extrêmes, aux manipulations émotionnelles et au besoin de contrôler l’entourage ou le foyer.",,
pluton,sextile,lune,"Période de transformation émotionnelle intense qui fait remonter des besoins, peurs et souvenirs profondément enfouis. Favorise la guérison du passé, l’évolution des liens familiaux et une plus grande vérité affective. Des occasions de transformation se présentent de manière progressive et constructive. Elles deviennent fécondes lorsqu’on accepte d’examiner les causes profondes et d’agir avec constance. Vigilance face à la possessivité, aux réactions extrêmes, aux manipulations émotionnelles et au besoin de contrôler l’entourage ou le foyer.",,
pluton,conjonction,mercure,"Période d’intensification mentale et de recherche de vérité. Favorise l’analyse, l’enquête, la stratégie, la compréhension psychologique et les échanges capables de modifier profondément un point de vue. Cette influence concentre une forte puissance de transformation et ouvre un cycle de régénération. Elle demande d’abandonner ce qui est devenu obsolète plutôt que de chercher à tout contrôler. Vigilance face aux idées obsessionnelles, aux paroles destructrices, à la suspicion, au prosélytisme et aux tentatives de convaincre par la pression.",,
pluton,carré,mercure,"Période d’intensification mentale et de recherche de vérité. Favorise l’analyse, l’enquête, la stratégie, la compréhension psychologique et les échanges capables de modifier profondément un point de vue. La transformation s’impose à travers des tensions, des résistances ou une crise devenue impossible à contourner. Le défi consiste à agir avec lucidité sans basculer dans la contrainte, l’obsession ou la lutte de pouvoir. Vigilance face aux idées obsessionnelles, aux paroles destructrices, à la suspicion, au prosélytisme et aux tentatives de convaincre par la pression.",,
pluton,opposition,mercure,"Période d’intensification mentale et de recherche de vérité. Favorise l’analyse, l’enquête, la stratégie, la compréhension psychologique et les échanges capables de modifier profondément un point de vue. Les enjeux de pouvoir et de transformation se manifestent souvent à travers les autres ou les circonstances. Ce transit invite à reconnaître les projections et à négocier le changement sans domination ni soumission. Vigilance face aux idées obsessionnelles, aux paroles destructrices, à la suspicion, au prosélytisme et aux tentatives de convaincre par la pression.",,
pluton,trigone,mercure,"Période d’intensification mentale et de recherche de vérité. Favorise l’analyse, l’enquête, la stratégie, la compréhension psychologique et les échanges capables de modifier profondément un point de vue. Une force intérieure soutient les changements profonds avec davantage de fluidité et de maîtrise. Favorise les réformes durables, le travail psychologique et l’utilisation constructive du pouvoir personnel. Vigilance face aux idées obsessionnelles, aux paroles destructrices, à la suspicion, au prosélytisme et aux tentatives de convaincre par la pression.",,
pluton,sextile,mercure,"Période d’intensification mentale et de recherche de vérité. Favorise l’analyse, l’enquête, la stratégie, la compréhension psychologique et les échanges capables de modifier profondément un point de vue. Des occasions de transformation se présentent de manière progressive et constructive. Elles deviennent fécondes lorsqu’on accepte d’examiner les causes profondes et d’agir avec constance. Vigilance face aux idées obsessionnelles, aux paroles destructrices, à la suspicion, au prosélytisme et aux tentatives de convaincre par la pression.",,
pluton,conjonction,venus,"Période de transformation des relations, des valeurs et du rapport à l’argent. Peut provoquer une attirance intense, approfondir un lien ou révéler ce qui doit évoluer dans la vie affective. Cette influence concentre une forte puissance de transformation et ouvre un cycle de régénération. Elle demande d’abandonner ce qui est devenu obsolète plutôt que de chercher à tout contrôler. Vigilance face à la jalousie, à la dépendance, aux passions compulsives, aux rapports de force amoureux et aux décisions financières guidées par l’obsession.",,
pluton,carré,venus,"Période de transformation des relations, des valeurs et du rapport à l’argent. Peut provoquer une attirance intense, approfondir un lien ou révéler ce qui doit évoluer dans la vie affective. La transformation s’impose à travers des tensions, des résistances ou une crise devenue impossible à contourner. Le défi consiste à agir avec lucidité sans basculer dans la contrainte, l’obsession ou la lutte de pouvoir. Vigilance face à la jalousie, à la dépendance, aux passions compulsives, aux rapports de force amoureux et aux décisions financières guidées par l’obsession.",,
pluton,opposition,venus,"Période de transformation des relations, des valeurs et du rapport à l’argent. Peut provoquer une attirance intense, approfondir un lien ou révéler ce qui doit évoluer dans la vie affective. Les enjeux de pouvoir et de transformation se manifestent souvent à travers les autres ou les circonstances. Ce transit invite à reconnaître les projections et à négocier le changement sans domination ni soumission. Vigilance face à la jalousie, à la dépendance, aux passions compulsives, aux rapports de force amoureux et aux décisions financières guidées par l’obsession.",,
pluton,trigone,venus,"Période de transformation des relations, des valeurs et du rapport à l’argent. Peut provoquer une attirance intense, approfondir un lien ou révéler ce qui doit évoluer dans la vie affective. Une force intérieure soutient les changements profonds avec davantage de fluidité et de maîtrise. Favorise les réformes durables, le travail psychologique et l’utilisation constructive du pouvoir personnel. Vigilance face à la jalousie, à la dépendance, aux passions compulsives, aux rapports de force amoureux et aux décisions financières guidées par l’obsession.",,
pluton,sextile,venus,"Période de transformation des relations, des valeurs et du rapport à l’argent. Peut provoquer une attirance intense, approfondir un lien ou révéler ce qui doit évoluer dans la vie affective. Des occasions de transformation se présentent de manière progressive et constructive. Elles deviennent fécondes lorsqu’on accepte d’examiner les causes profondes et d’agir avec constance. Vigilance face à la jalousie, à la dépendance, aux passions compulsives, aux rapports de force amoureux et aux décisions financières guidées par l’obsession.",,
pluton,conjonction,mars,"Période de volonté puissante, d’endurance et d’intensification de l’action. Favorise les efforts exigeants, la stratégie, la reconstruction et la capacité à poursuivre un objectif avec détermination. Cette influence concentre une forte puissance de transformation et ouvre un cycle de régénération. Elle demande d’abandonner ce qui est devenu obsolète plutôt que de chercher à tout contrôler. Vigilance face à la colère contenue, à la brutalité, aux conflits de pouvoir, aux risques physiques et au besoin de vaincre à n’importe quel prix.",,
pluton,carré,mars,"Période de volonté puissante, d’endurance et d’intensification de l’action. Favorise les efforts exigeants, la stratégie, la reconstruction et la capacité à poursuivre un objectif avec détermination. La transformation s’impose à travers des tensions, des résistances ou une crise devenue impossible à contourner. Le défi consiste à agir avec lucidité sans basculer dans la contrainte, l’obsession ou la lutte de pouvoir. Vigilance face à la colère contenue, à la brutalité, aux conflits de pouvoir, aux risques physiques et au besoin de vaincre à n’importe quel prix.",,
pluton,opposition,mars,"Période de volonté puissante, d’endurance et d’intensification de l’action. Favorise les efforts exigeants, la stratégie, la reconstruction et la capacité à poursuivre un objectif avec détermination. Les enjeux de pouvoir et de transformation se manifestent souvent à travers les autres ou les circonstances. Ce transit invite à reconnaître les projections et à négocier le changement sans domination ni soumission. Vigilance face à la colère contenue, à la brutalité, aux conflits de pouvoir, aux risques physiques et au besoin de vaincre à n’importe quel prix.",,
pluton,trigone,mars,"Période de volonté puissante, d’endurance et d’intensification de l’action. Favorise les efforts exigeants, la stratégie, la reconstruction et la capacité à poursuivre un objectif avec détermination. Une force intérieure soutient les changements profonds avec davantage de fluidité et de maîtrise. Favorise les réformes durables, le travail psychologique et l’utilisation constructive du pouvoir personnel. Vigilance face à la colère contenue, à la brutalité, aux conflits de pouvoir, aux risques physiques et au besoin de vaincre à n’importe quel prix.",,
pluton,sextile,mars,"Période de volonté puissante, d’endurance et d’intensification de l’action. Favorise les efforts exigeants, la stratégie, la reconstruction et la capacité à poursuivre un objectif avec détermination. Des occasions de transformation se présentent de manière progressive et constructive. Elles deviennent fécondes lorsqu’on accepte d’examiner les causes profondes et d’agir avec constance. Vigilance face à la colère contenue, à la brutalité, aux conflits de pouvoir, aux risques physiques et au besoin de vaincre à n’importe quel prix.",,
pluton,conjonction,jupiter,"Période de transformation des ambitions, des convictions et de la vision du monde. Favorise les projets d’envergure, l’influence, la recherche de sens et la capacité à réformer une situation en profondeur. Cette influence concentre une forte puissance de transformation et ouvre un cycle de régénération. Elle demande d’abandonner ce qui est devenu obsolète plutôt que de chercher à tout contrôler. Vigilance face au fanatisme, à l’arrogance morale, à la démesure, aux entreprises risquées et à l’utilisation du pouvoir au nom d’une certitude absolue.",,
pluton,carré,jupiter,"Période de transformation des ambitions, des convictions et de la vision du monde. Favorise les projets d’envergure, l’influence, la recherche de sens et la capacité à réformer une situation en profondeur. La transformation s’impose à travers des tensions, des résistances ou une crise devenue impossible à contourner. Le défi consiste à agir avec lucidité sans basculer dans la contrainte, l’obsession ou la lutte de pouvoir. Vigilance face au fanatisme, à l’arrogance morale, à la démesure, aux entreprises risquées et à l’utilisation du pouvoir au nom d’une certitude absolue.",,
pluton,opposition,jupiter,"Période de transformation des ambitions, des convictions et de la vision du monde. Favorise les projets d’envergure, l’influence, la recherche de sens et la capacité à réformer une situation en profondeur. Les enjeux de pouvoir et de transformation se manifestent souvent à travers les autres ou les circonstances. Ce transit invite à reconnaître les projections et à négocier le changement sans domination ni soumission. Vigilance face au fanatisme, à l’arrogance morale, à la démesure, aux entreprises risquées et à l’utilisation du pouvoir au nom d’une certitude absolue.",,
pluton,trigone,jupiter,"Période de transformation des ambitions, des convictions et de la vision du monde. Favorise les projets d’envergure, l’influence, la recherche de sens et la capacité à réformer une situation en profondeur. Une force intérieure soutient les changements profonds avec davantage de fluidité et de maîtrise. Favorise les réformes durables, le travail psychologique et l’utilisation constructive du pouvoir personnel. Vigilance face au fanatisme, à l’arrogance morale, à la démesure, aux entreprises risquées et à l’utilisation du pouvoir au nom d’une certitude absolue.",,
pluton,sextile,jupiter,"Période de transformation des ambitions, des convictions et de la vision du monde. Favorise les projets d’envergure, l’influence, la recherche de sens et la capacité à réformer une situation en profondeur. Des occasions de transformation se présentent de manière progressive et constructive. Elles deviennent fécondes lorsqu’on accepte d’examiner les causes profondes et d’agir avec constance. Vigilance face au fanatisme, à l’arrogance morale, à la démesure, aux entreprises risquées et à l’utilisation du pouvoir au nom d’une certitude absolue.",,
pluton,conjonction,saturne,"Période de reconstruction profonde des structures de vie, des responsabilités et du rapport à l’autorité. Favorise l’endurance, la discipline et la création de bases plus solides après l’abandon de cadres devenus stériles. Cette influence concentre une forte puissance de transformation et ouvre un cycle de régénération. Elle demande d’abandonner ce qui est devenu obsolète plutôt que de chercher à tout contrôler. Vigilance face à la peur, à la rigidité, au sentiment d’écrasement, aux conflits avec l’autorité et à l’acharnement pour préserver une structure condamnée.",,
pluton,carré,saturne,"Période de reconstruction profonde des structures de vie, des responsabilités et du rapport à l’autorité. Favorise l’endurance, la discipline et la création de bases plus solides après l’abandon de cadres devenus stériles. La transformation s’impose à travers des tensions, des résistances ou une crise devenue impossible à contourner. Le défi consiste à agir avec lucidité sans basculer dans la contrainte, l’obsession ou la lutte de pouvoir. Vigilance face à la peur, à la rigidité, au sentiment d’écrasement, aux conflits avec l’autorité et à l’acharnement pour préserver une structure condamnée.",,
pluton,opposition,saturne,"Période de reconstruction profonde des structures de vie, des responsabilités et du rapport à l’autorité. Favorise l’endurance, la discipline et la création de bases plus solides après l’abandon de cadres devenus stériles. Les enjeux de pouvoir et de transformation se manifestent souvent à travers les autres ou les circonstances. Ce transit invite à reconnaître les projections et à négocier le changement sans domination ni soumission. Vigilance face à la peur, à la rigidité, au sentiment d’écrasement, aux conflits avec l’autorité et à l’acharnement pour préserver une structure condamnée.",,
pluton,trigone,saturne,"Période de reconstruction profonde des structures de vie, des responsabilités et du rapport à l’autorité. Favorise l’endurance, la discipline et la création de bases plus solides après l’abandon de cadres devenus stériles. Une force intérieure soutient les changements profonds avec davantage de fluidité et de maîtrise. Favorise les réformes durables, le travail psychologique et l’utilisation constructive du pouvoir personnel. Vigilance face à la peur, à la rigidité, au sentiment d’écrasement, aux conflits avec l’autorité et à l’acharnement pour préserver une structure condamnée.",,
pluton,sextile,saturne,"Période de reconstruction profonde des structures de vie, des responsabilités et du rapport à l’autorité. Favorise l’endurance, la discipline et la création de bases plus solides après l’abandon de cadres devenus stériles. Des occasions de transformation se présentent de manière progressive et constructive. Elles deviennent fécondes lorsqu’on accepte d’examiner les causes profondes et d’agir avec constance. Vigilance face à la peur, à la rigidité, au sentiment d’écrasement, aux conflits avec l’autorité et à l’acharnement pour préserver une structure condamnée.",,
pluton,conjonction,uranus,"Période de bouleversement et de libération des structures devenues trop rigides. Favorise l’innovation radicale, l’émancipation et la capacité à participer à des changements collectifs profonds. Cette influence concentre une forte puissance de transformation et ouvre un cycle de régénération. Elle demande d’abandonner ce qui est devenu obsolète plutôt que de chercher à tout contrôler. Vigilance face aux ruptures brutales, à l’extrémisme, à l’instabilité et à la tentation d’imposer le changement par la force.",,
pluton,carré,uranus,"Période de bouleversement et de libération des structures devenues trop rigides. Favorise l’innovation radicale, l’émancipation et la capacité à participer à des changements collectifs profonds. La transformation s’impose à travers des tensions, des résistances ou une crise devenue impossible à contourner. Le défi consiste à agir avec lucidité sans basculer dans la contrainte, l’obsession ou la lutte de pouvoir. Vigilance face aux ruptures brutales, à l’extrémisme, à l’instabilité et à la tentation d’imposer le changement par la force.",,
pluton,opposition,uranus,"Période de bouleversements majeurs et de transformation radicale de la manière de vivre, de penser ou de construire sa vie. Ce transit agit comme une force de libération : certaines situations, relations, habitudes ou structures devenues trop rigides ou dépassées peuvent disparaître soudainement afin de laisser place à quelque chose de plus vivant, plus authentique et plus évolutif. Favorise une profonde remise en question des anciens schémas et pousse à accepter le changement plutôt qu’à tenter de préserver coûte que coûte ce qui appartient déjà au passé. Ce transit invite à devenir acteur de sa propre transformation en osant réinventer certains aspects essentiels de sa vie.",,
pluton,trigone,uranus,"Période de bouleversement et de libération des structures devenues trop rigides. Favorise l’innovation radicale, l’émancipation et la capacité à participer à des changements collectifs profonds. Une force intérieure soutient les changements profonds avec davantage de fluidité et de maîtrise. Favorise les réformes durables, le travail psychologique et l’utilisation constructive du pouvoir personnel. Vigilance face aux ruptures brutales, à l’extrémisme, à l’instabilité et à la tentation d’imposer le changement par la force.",,
pluton,sextile,uranus,"Période de bouleversement et de libération des structures devenues trop rigides. Favorise l’innovation radicale, l’émancipation et la capacité à participer à des changements collectifs profonds. Des occasions de transformation se présentent de manière progressive et constructive. Elles deviennent fécondes lorsqu’on accepte d’examiner les causes profondes et d’agir avec constance. Vigilance face aux ruptures brutales, à l’extrémisme, à l’instabilité et à la tentation d’imposer le changement par la force.",,
pluton,conjonction,neptune,"Période de transformation intérieure extrêmement profonde pouvant modifier durablement les croyances, les idéaux, les objectifs et la perception globale de la vie. Ce transit pousse à remettre en question certaines illusions ou vérités considérées jusque-là comme évidentes afin de permettre une évolution psychologique et spirituelle majeure. Peut entraîner des pertes, des fins de cycle ou l’abandon progressif de situations, relations ou modes de vie qui ne correspondent plus à l’évolution intérieure en cours. Favorise un immense travail d’introspection, de compréhension de soi et de recherche de sens plus authentique. Très puissant pour toute démarche psychologique, spirituelle ou de connaissance de soi, à condition de rester ancré dans le réel et d’éviter les échappatoires idéalisées.",,
pluton,carré,neptune,"Période de transformation intérieure très profonde marquée par une dissolution progressive des anciens repères, attachements ou structures devenues obsolètes. Ce transit confronte à l’impermanence de certaines situations, relations ou identités afin de pousser vers une compréhension plus vaste et plus intérieure de la vie. Peut faire émerger des aspects inconscients longtemps refoulés, des questionnements existentiels ou un besoin plus fort d’explorer la psychologie, la spiritualité ou les dimensions cachées de l’être. Ce transit favorise une profonde régénération psychique, à condition d’accepter le changement plutôt que de s’accrocher à ce qui est en train de disparaître naturellement.",,
pluton,opposition,neptune,"Période de transformation des idéaux, des croyances et de la perception de la réalité. Favorise l’exploration psychologique ou spirituelle, la dissolution d’anciennes illusions et la recherche d’un sens plus authentique. Les enjeux de pouvoir et de transformation se manifestent souvent à travers les autres ou les circonstances. Ce transit invite à reconnaître les projections et à négocier le changement sans domination ni soumission. Vigilance face aux peurs diffuses, aux idéologies séduisantes, aux manipulations, aux échappatoires et à la confusion entre intuition et fascination.",,
pluton,trigone,neptune,"Période de transformation des idéaux, des croyances et de la perception de la réalité. Favorise l’exploration psychologique ou spirituelle, la dissolution d’anciennes illusions et la recherche d’un sens plus authentique. Une force intérieure soutient les changements profonds avec davantage de fluidité et de maîtrise. Favorise les réformes durables, le travail psychologique et l’utilisation constructive du pouvoir personnel. Vigilance face aux peurs diffuses, aux idéologies séduisantes, aux manipulations, aux échappatoires et à la confusion entre intuition et fascination.",,
pluton,sextile,neptune,"Période d’éveil spirituel, de transformation intérieure profonde et d’intérêt accru pour les dimensions invisibles ou symboliques de l’existence. Ce transit pousse à rechercher un sens plus vaste à la vie, au-delà des préoccupations purement matérielles ou rationnelles. Favorise l’exploration psychologique, spirituelle, mystique ou philosophique ainsi qu’une compréhension plus profonde des grands cycles de transformation, de vie et de renaissance intérieure. Peut amener des expériences marquantes modifiant durablement la perception du monde, de soi-même et du sens de l’existence.",,
pluton,conjonction,pluton,"Période de bilan et de régénération des forces les plus profondes de la personnalité. Favorise la compréhension des mécanismes inconscients, l’abandon d’anciens schémas et une évolution intérieure durable. Cette influence concentre une forte puissance de transformation et ouvre un cycle de régénération. Elle demande d’abandonner ce qui est devenu obsolète plutôt que de chercher à tout contrôler. Vigilance face au refus de lâcher prise, aux obsessions, à la répétition des crises et au besoin de maîtriser un processus collectif ou générationnel.",,
pluton,carré,pluton,"Période de profonde régénération intérieure et de transformation radicale des anciens schémas de vie. Ce transit fait remonter à la surface des éléments du passé, parfois oubliés ou inconscients, qui continuent d’influencer le présent et qui doivent désormais être confrontés, compris ou abandonnés. Peut entraîner des fins importantes, des ruptures, des changements majeurs dans la vie personnelle, professionnelle ou relationnelle, surtout lorsque certaines structures ne favorisent plus l’évolution intérieure. Ce transit agit comme un processus de purification intense : ce qui est devenu rigide, dépassé ou non aligné finit progressivement par se désintégrer afin de permettre une reconstruction plus authentique et plus vivante. Très puissant psychologiquement, il pousse à lâcher prise sur le passé pour permettre une véritable renaissance.",,
pluton,sextile,pluton,"Période d’évolution intérieure profonde mais plus apaisée, permettant d’intégrer progressivement les transformations vécues récemment. Ce transit favorise une maturation psychologique, une meilleure compréhension de soi et une stabilisation plus authentique de la manière d’aborder la vie. Les changements en cours se déroulent de façon plus naturelle et constructive, sans nécessité de bouleversements majeurs. Très favorable pour le travail intérieur, la réflexion psychologique, l’exploration spirituelle ou toute démarche visant à mieux comprendre son fonctionnement profond et sa place dans le monde. Ce transit aide à évoluer avec davantage de lucidité, de profondeur et de stabilité intérieure.",,
pluton,conjonction,ascendant,"Période de transformation psychologique majeure et de profonde remise en question relationnelle. Ce transit fait émerger des parts inconscientes, des désirs enfouis, des peurs, des mécanismes de contrôle ou des besoins de pouvoir longtemps contenus ou ignorés. Peut provoquer des crises intérieures, des comportements plus compulsifs ou des changements importants dans les relations proches, notamment le couple. Ce transit pousse à une confrontation honnête avec soi-même afin d’intégrer des aspects plus profonds de sa personnalité au lieu de les rejeter ou de les subir inconsciemment. Très intense émotionnellement, mais profondément transformateur lorsqu’il est vécu avec lucidité et conscience.",,
pluton,carré,ascendant,"Période de transformation relationnelle intense et parfois déstabilisante. Ce transit fait émerger des dynamiques profondes de pouvoir, de dépendance émotionnelle, de peur ou d’attachement inconscient dans les relations importantes. Peut provoquer crises, ruptures, confrontations ou rencontres particulièrement marquantes ayant un fort impact psychologique. Certaines relations peuvent se terminer si elles ne correspondent plus à l’évolution intérieure en cours, tandis que d’autres prennent une dimension beaucoup plus profonde et transformatrice. Ce transit pousse à reconnaître ses vulnérabilités, ses mécanismes inconscients et les rapports de force présents dans les liens afin de permettre une véritable renaissance intérieure.",,
pluton,opposition,ascendant,"Période de transformation profonde des relations et des dynamiques de couple ou de partenariat. Ce transit fait remonter à la surface les tensions, déséquilibres ou vérités relationnelles qui ne peuvent plus être évités. Peut entraîner des confrontations importantes, des remises en question ou des rencontres particulièrement marquantes ayant un fort impact psychologique ou émotionnel. Invite à plus d’honnêteté, de profondeur et de conscience dans les relations afin de permettre une évolution ou une transformation nécessaire des liens.",,
pluton,trigone,ascendant,"Période de transformation positive et profonde dans les relations et la manière d’entrer en lien avec les autres. Favorise des rencontres intenses, authentiques et profondément marquantes, capables de faire évoluer la perception de soi et des relations. Ce transit pousse à rechercher davantage de vérité, de profondeur émotionnelle et d’intensité dans les expériences vécues. Peut également renforcer le pouvoir d’influence personnelle et la capacité à provoquer des changements constructifs autour de soi. Les transformations vécues durant cette période favorisent une meilleure compréhension de soi et un renouvellement intérieur important.",,
pluton,sextile,ascendant,"Période de transformation positive et profonde dans les relations, les objectifs de vie et la manière d’influencer les autres. Favorise des rencontres intenses et marquantes capables de faire évoluer profondément la perception de soi et des liens humains. Ce transit renforce le pouvoir personnel, la capacité d’influence et le besoin d’authenticité émotionnelle. Peut également amener une remise en question des anciens objectifs ou idéaux afin d’orienter progressivement la vie vers une direction plus alignée et plus riche de sens. Très favorable pour initier des changements constructifs, réformer certaines dynamiques relationnelles ou prendre un rôle plus influent au sein d’un groupe ou d’un environnement social.",,
pluton,conjonction,milieu_du_ciel,"Période de transformation importante des objectifs de vie, de la carrière ou de la direction personnelle. Ce transit favorise une évolution profonde de la manière de percevoir son rôle, ses ambitions et sa place dans le monde. Peut entraîner des changements professionnels, une réorientation intérieure ou une prise de conscience psychologique majeure influençant les choix de vie futurs. Les émotions et mécanismes liés au passé remontent plus facilement à la surface afin d’être compris et libérés. Très favorable pour transformer certaines dynamiques personnelles ou professionnelles devenues limitantes et avancer vers une direction plus alignée avec ses besoins profonds.",,
pluton,carré,milieu_du_ciel,"Période de transformation profonde pouvant provoquer tensions, confrontations ou résistances importantes dans la vie personnelle, familiale ou relationnelle. Ce transit pousse à remettre en question certaines anciennes structures, habitudes ou dynamiques devenues trop étroites ou stagnantes. Peut entraîner des luttes de pouvoir, un besoin intense de changement ou le sentiment d’être poussé à évoluer malgré soi. Les tensions accumulées dans le couple, la famille ou le foyer ont tendance à remonter à la surface afin d’être traitées plus honnêtement. Ce transit invite à accepter les transformations nécessaires plutôt qu’à lutter contre elles, afin de permettre une reconstruction plus authentique et plus solide de sa vie intérieure et personnelle.",,
pluton,opposition,milieu_du_ciel,"Période de transformation profonde de la vie personnelle, familiale et émotionnelle. Ce transit fait remonter à la surface des mécanismes psychologiques anciens liés au passé, à l’enfance, à la famille ou aux racines émotionnelles afin de permettre une reconstruction plus authentique et plus saine. Peut provoquer des changements importants dans le foyer ou les relations familiales : déménagement, séparation, réorganisation de la vie privée ou nécessité de tourner une page ancienne. Ce transit pousse à se libérer de certains schémas hérités du passé afin de construire une nouvelle base intérieure plus solide et plus alignée.",,
pluton,trigone,milieu_du_ciel,"Période d’évolution intérieure profonde et de prise de conscience psychologique importante. Ce transit favorise une meilleure compréhension des mécanismes cachés qui influencent les comportements, les relations et les choix de vie. Peut renforcer le pouvoir personnel, le charisme ou l’influence exercée sur les autres, aussi bien dans la vie professionnelle que personnelle. Donne souvent le sentiment d’avoir une mission, un objectif ou un rôle plus important à accomplir. Très favorable pour le travail psychologique, les démarches de transformation intérieure et les activités demandant profondeur, stratégie et capacité d’influence. Invite cependant à utiliser cette puissance avec lucidité et intégrité plutôt qu’à des fins purement égoïstes.",,
pluton,sextile,milieu_du_ciel,"Période de transformation importante des objectifs de vie, de la carrière ou de la direction personnelle. Ce transit favorise une évolution profonde de la manière de percevoir son rôle, ses ambitions et sa place dans le monde. Peut entraîner des changements professionnels, une réorientation intérieure ou une prise de conscience psychologique majeure influençant les choix de vie futurs. Les émotions et mécanismes liés au passé remontent plus facilement à la surface afin d’être compris et libérés. Très favorable pour transformer certaines dynamiques personnelles ou professionnelles devenues limitantes et avancer vers une direction plus alignée avec ses besoins profonds.",,
mars,conjonction,soleil,"Période de forte vitalité, d’initiative et d’affirmation personnelle. Elle favorise l’action, le travail intense et le lancement de projets demandant courage ou autonomie. La volonté peut toutefois devenir impatiente, autoritaire ou excessivement compétitive. Il est préférable de canaliser cette énergie vers un objectif précis et d’éviter les réactions impulsives, les conflits d’ego et les efforts physiques mal maîtrisés.",,
mars,carré,soleil,"Période de tension, d’irritabilité et de besoin intense de s’imposer. Les obstacles ou l’opposition des autres peuvent être vécus comme des provocations et déclencher des conflits. Cette énergie donne néanmoins la force de défendre sa position et d’affronter un problème évité jusque-là. Elle demande de ralentir, de choisir ses combats et d’éviter les risques, la précipitation et le surmenage.",,
mars,opposition,soleil,"Période de confrontation entre sa volonté et celle des autres. Des actions engagées auparavant peuvent atteindre un point culminant, produire des résultats ou susciter une forte résistance. Ce transit peut favoriser une réalisation importante si l’énergie est dirigée avec lucidité. Dans le cas contraire, impatience, compétition et conflits d’ego risquent de dominer. Il invite à coopérer sans renoncer à ses objectifs.",,
mars,trigone,soleil,"Période de confiance, de vitalité et d’efficacité personnelle. L’action paraît naturelle et les initiatives trouvent plus facilement leur direction. Elle favorise le travail, l’activité physique, la prise de décision et la capacité à défendre ses intérêts sans agressivité excessive. Les défis stimulent davantage qu’ils ne déstabilisent. Ce transit aide à avancer avec courage, franchise et une bonne maîtrise de son énergie.",,
mars,sextile,soleil,"Période dynamique favorisant l’initiative, l’autonomie et l’expression constructive de la volonté. De nouvelles occasions peuvent permettre de montrer ses capacités, de faire avancer un projet ou d’obtenir le soutien nécessaire. La communication gagne en assurance et en efficacité. Ce transit encourage à agir plutôt qu’à attendre, tout en restant attentif aux besoins des autres et aux conséquences de ses décisions.",,
mars,conjonction,lune,"Période de réactions émotionnelles rapides et de forte implication affective. Les besoins personnels deviennent plus pressants, notamment dans la famille et les relations proches. Elle peut aider à défendre ses émotions ou à agir sur une situation intime, mais favorise aussi l’irritabilité et les réponses instinctives. Il est utile d’identifier ce qui déclenche la colère avant d’agir ou de parler.",,
mars,carré,lune,"Période d’instabilité émotionnelle durant laquelle de petites contrariétés peuvent provoquer des réactions disproportionnées. Des tensions anciennes ou familiales peuvent remonter sans que leur origine soit immédiatement claire. Le transit invite à reconnaître ces besoins refoulés plutôt qu’à les projeter sur l’entourage. Prudence face aux décisions impulsives, aux disputes domestiques et aux gestes accomplis sous le coup de l’émotion.",,
mars,opposition,lune,"Période de tensions dans les relations affectives, familiales ou intimes. L’irritation intérieure peut être attribuée aux autres, donnant l’impression qu’ils provoquent le conflit. Les désaccords révèlent souvent des besoins émotionnels mal exprimés ou longtemps contenus. Ce transit peut libérer utilement ces tensions si chacun parle clairement. Il demande d’éviter les accusations, les réactions défensives et les généralisations liées à l’humeur.",,
mars,trigone,lune,"Période d’accord naturel entre les émotions et l’action. Elle favorise la spontanéité, le courage affectif et la capacité à exprimer directement ses besoins. L’énergie peut être utilisée pour résoudre une situation familiale, défendre un proche ou s’investir dans un projet personnel. La confiance émotionnelle augmente sans rendre nécessairement agressif. Il reste utile de vérifier que l’intuition ne remplace pas entièrement la réflexion.",,
mars,sextile,lune,"Période d’expression émotionnelle vivante et constructive. Elle favorise les échanges sincères, les activités partagées et les projets auxquels on se sent personnellement attaché. L’énergie augmente lorsque l’action possède une véritable signification affective. Ce transit aide à défendre ses besoins et à créer des liens stimulants. Attention toutefois aux conclusions rapides et à une perception trop subjective des situations.",,
mars,conjonction,mercure,"Période d’activité mentale intense, de parole directe et de décisions rapides. Elle favorise les débats, les négociations, l’écriture et les tâches demandant vivacité ou concentration. Les idées sont défendues avec force, parfois au détriment de l’écoute. Attention aux paroles blessantes, aux conclusions précipitées et à l’impatience dans les déplacements. Mieux vaut utiliser cette énergie pour résoudre un problème concret.",,
mars,carré,mercure,"Période de nervosité et de désaccords où les échanges peuvent rapidement devenir conflictuels. La pensée gagne en vitesse mais perd parfois en recul, favorisant maladresses, décisions impulsives ou erreurs d’attention. Ce transit demande de relire les messages, de conduire prudemment et de ne pas transformer chaque divergence en combat personnel. Bien canalisé, il permet néanmoins d’affronter une discussion devenue nécessaire.",,
mars,opposition,mercure,"Période de confrontations verbales, de négociations tendues ou de désaccords intellectuels. Les opinions sont fortement liées à l’ego, ce qui complique l’écoute et le compromis. Les autres peuvent sembler provocateurs alors qu’ils reflètent parfois sa propre impatience. Ce transit invite à défendre ses idées avec précision sans chercher à vaincre l’interlocuteur. Prudence également dans les déplacements et les décisions prises sous pression.",,
mars,trigone,mercure,"Période de clarté mentale, de rapidité et d’efficacité dans la communication. Elle favorise les démarches, les négociations, les prises de décision et le travail intellectuel exigeant. Les arguments sont exprimés avec assurance et peuvent convaincre sans provoquer inutilement. Ce transit aide à relier les idées à l’action et à résoudre rapidement les difficultés pratiques. Il convient simplement de laisser aux autres le temps de répondre.",,
mars,sextile,mercure,"Période favorable aux échanges, aux décisions et aux initiatives intellectuelles. La pensée devient vive, stratégique et capable de transformer rapidement une idée en action. Elle soutient les discussions professionnelles, les démarches administratives, l’écriture et la résolution de problèmes. L’assurance facilite la persuasion, à condition de ne pas confondre franchise et brusquerie. Un projet peut progresser grâce à une communication claire et volontaire.",,
mars,conjonction,venus,"Période de désir, de sociabilité et de recherche active du plaisir. Elle favorise les rencontres, la séduction, la créativité et l’expression physique de l’affection. Une relation peut commencer ou retrouver davantage de passion. L’impulsivité affective et les dépenses liées au plaisir sont toutefois possibles. Ce transit invite à exprimer ses envies franchement tout en respectant le rythme, le consentement et les attentes de l’autre.",,
mars,carré,venus,"Période de tension entre désir personnel, affection et attentes relationnelles. Un sentiment de frustration ou de déséquilibre peut faire émerger disputes, jalousie ou insatisfaction sexuelle. Cette énergie n’annonce pas nécessairement une rupture : elle pousse surtout à clarifier ce que chacun veut et donne. La créativité est stimulée, mais les achats impulsifs et les décisions affectives prises uniquement sous l’effet du manque sont à éviter.",,
mars,opposition,venus,"Période d’attraction intense mêlée de friction dans les relations amoureuses ou sociales. Le besoin de gratification peut prendre le pas sur la tendresse et créer des malentendus si les attentes diffèrent. Les désaccords révèlent ce qui doit être négocié entre désir personnel et réciprocité. Ce transit favorise aussi la création artistique, à condition de canaliser l’excitation sans objectiver l’autre ni provoquer par frustration.",,
mars,trigone,venus,"Période d’harmonie entre désir, affection et expression personnelle. Elle favorise la séduction, la vie sociale, la sexualité, les activités créatives et les plaisirs partagés. L’assurance augmente sans nuire à la douceur, ce qui facilite les rencontres et ravive les relations existantes. Ce transit invite à profiter de l’élan relationnel tout en gardant à l’esprit qu’une attirance forte ne garantit pas, seule, un engagement durable.",,
mars,sextile,venus,"Période agréable favorisant les rencontres, les sorties, la créativité et l’expression spontanée de l’affection. Le désir d’aller vers les autres facilite les rapprochements et permet de résoudre certaines tensions avec charme et franchise. Elle convient aux activités artistiques et aux projets menés à deux. Une légère tendance à privilégier le plaisir immédiat peut toutefois détourner des responsabilités ou encourager des dépenses superflues.",,
mars,conjonction,mars,"Période de renouvellement de l’énergie, du courage et de la volonté d’agir. Elle ouvre un nouveau cycle d’action et favorise le lancement d’un projet, l’effort physique et la défense de ses intérêts. L’excès d’énergie peut cependant devenir irritabilité, impatience ou agressivité si aucun objectif ne la canalise. L’activité sportive et les tâches exigeantes constituent de meilleurs débouchés que les conflits inutiles.",,
mars,carré,mars,"Période de forte tension où les obstacles sont facilement perçus comme des attaques. L’impulsivité, la colère ou le besoin de forcer les événements peuvent provoquer conflits, erreurs et épuisement. Ce transit révèle la manière habituelle de gérer la frustration et offre l’occasion de la corriger. Il demande d’éviter les actions dangereuses, de ralentir avant de réagir et de canaliser l’énergie dans un effort maîtrisé.",,
mars,opposition,mars,"Période de compétition, de résistance extérieure et de confrontation directe. Les autres peuvent s’opposer aux initiatives ou refléter une agressivité que l’on reconnaît difficilement en soi. L’énergie reste élevée et peut permettre de grandes avancées si elle s’appuie sur la coopération. Ce transit invite à négocier, à répartir les efforts et à éviter les provocations, les ultimatums et les décisions dictées par la colère.",,
mars,trigone,mars,"Période de vitalité, d’assurance et d’action fluide. Elle favorise les initiatives, les activités physiques, les travaux exigeants et la relance d’un projet bloqué. L’énergie est plus facile à diriger et permet d’avancer sans créer autant de résistance. Ce transit soutient la confiance et l’efficacité personnelle. Il convient d’en profiter concrètement, car l’aisance peut aussi donner envie de remettre l’effort à plus tard.",,
mars,sextile,mars,"Période énergique favorisant l’action efficace, l’autonomie et la progression des projets. La volonté s’accorde mieux aux circonstances et permet d’influencer les autres sans affrontement excessif. Elle convient aux négociations, aux démarches professionnelles, au sport et aux tâches demandant endurance ou initiative. Ce transit encourage à utiliser activement les occasions présentes au lieu d’attendre qu’elles produisent seules des résultats.",,
mars,conjonction,jupiter,"Période d’enthousiasme, d’ambition et de grande confiance dans sa capacité d’action. Elle favorise les initiatives audacieuses, les projets d’expansion et les efforts demandant courage ou endurance. La réussite devient plus probable lorsque l’élan s’accompagne de préparation. Attention cependant à l’excès d’optimisme, aux paris, aux dépenses risquées et à la tendance à surestimer ses forces ou ses ressources.",,
mars,carré,jupiter,"Période d’expansion énergique qui pousse à voir grand et à agir pour l’avenir. Elle peut favoriser une avancée importante, mais comporte un risque de dispersion, d’exagération et de dépassement des limites. Les ambitions demandent une planification réaliste et une bonne gestion des moyens disponibles. Éviter les promesses impossibles, les risques financiers inutiles et les efforts physiques excessifs permet d’utiliser ce transit plus efficacement.",,
mars,opposition,jupiter,"Période d’affirmation ambitieuse pouvant produire un accomplissement important ou une forte opposition. La confiance et le désir d’élargir son influence augmentent, parfois jusqu’à l’arrogance ou à la prise de risques inconsidérée. Les conflits peuvent naître de convictions imposées aux autres. Ce transit invite à mesurer ses capacités, à partager le mérite et à orienter l’énergie vers un objectif constructif plutôt que vers la démonstration de puissance.",,
mars,trigone,jupiter,"Période de confiance, d’optimisme et d’élan constructif. Elle favorise les initiatives ambitieuses, les voyages, le sport, les projets professionnels et les actions permettant d’élargir son expérience. Le jugement est généralement suffisamment solide pour prendre des risques raisonnables. Ce transit aide à dépasser les limitations habituelles, à condition de rester attentif aux détails et de ne pas confondre chance apparente et absence de conséquences.",,
mars,sextile,jupiter,"Période favorable à la croissance par l’action, l’apprentissage et l’initiative. L’énergie, la confiance et le sens du projet facilitent les démarches destinées à améliorer l’avenir. Elle soutient les négociations, le travail physique et les entreprises demandant enthousiasme et vision. Les occasions gagnent à être saisies rapidement, mais sans négliger l’organisation, les limites budgétaires ni les engagements déjà pris.",,
mars,conjonction,saturne,"Période de tension entre le désir d’agir et les contraintes du réel. Les obstacles, responsabilités ou retards peuvent provoquer frustration et irritation, mais ils obligent aussi à concentrer l’énergie. Ce transit favorise les travaux difficiles, précis et patients lorsqu’ils reposent sur une méthode solide. Il vaut mieux éviter les initiatives risquées, respecter ses limites physiques et avancer progressivement plutôt que tenter de forcer la situation.",,
mars,carré,saturne,"Période de blocage, de frustration et de confrontation possible avec l’autorité. Les efforts semblent ralentis par des limites extérieures ou par la peur de ne pas être à la hauteur. Ce transit demande de distinguer les obstacles réels des inhibitions personnelles. La patience, la discipline et une stratégie progressive sont indispensables. Réagir par la colère ou s’épuiser contre une résistance immobile ne ferait qu’aggraver les tensions.",,
mars,opposition,saturne,"Période exigeante où les responsabilités, les critiques ou l’opposition des autres peuvent peser lourdement. La frustration retenue risque de devenir ressentiment, solitude ou découragement. Ce transit invite à reconnaître ses limites sans abandonner ses objectifs et à transformer la colère en endurance. Il convient de ménager le corps, de revoir les méthodes inefficaces et de construire une réponse patiente plutôt que de chercher un affrontement immédiat.",,
mars,trigone,saturne,"Période de discipline, d’endurance et d’efficacité méthodique. Elle favorise les tâches longues, techniques ou exigeantes qui demandent précision et persévérance. L’énergie est stable et peut être investie dans des résultats durables, même si les progrès restent discrets. Ce transit aide à mieux connaître ses capacités et ses limites. Il encourage des objectifs réalistes, un rythme régulier et une utilisation responsable de l’autorité.",,
mars,sextile,saturne,"Période favorable au travail patient, à l’organisation et aux objectifs de long terme. La volonté accepte plus facilement les contraintes utiles et se concentre sur ce qui peut réellement être accompli. Elle convient aux projets demandant rigueur, technique ou persévérance. La colère peut être contenue de manière constructive, mais elle ne doit pas être simplement refoulée. Des progrès modestes peuvent produire des résultats solides et durables.",,
mars,conjonction,uranus,"Période de besoin intense de liberté, de changement et d’expérimentation. Elle peut déclencher des décisions soudaines, des ruptures avec les habitudes ou le lancement d’un projet innovant. L’énergie est électrique et difficile à contenir, ce qui augmente l’impatience et les réactions imprévisibles. Ce transit demande d’introduire consciemment du changement, tout en évitant les gestes irréfléchis et les prises de risque inutiles.",,
mars,carré,uranus,"Période de rébellion contre les contraintes, les routines et les figures d’autorité. Le besoin de liberté peut provoquer conflits, ruptures ou décisions brusques si la frustration s’est accumulée. Ce transit invite à créer une évolution progressive plutôt qu’à détruire impulsivement ce qui gêne. La prudence est recommandée dans les activités rapides, techniques ou risquées, car la précipitation et la distraction peuvent avoir des conséquences concrètes.",,
mars,opposition,uranus,"Période de libération accompagnée de tensions soudaines dans les relations ou les obligations. Une colère ancienne peut éclater contre ceux qui semblent limiter l’autonomie, ou une personne imprévisible peut bouleverser les plans. Ce transit peut aussi marquer une avancée décisive vers davantage de liberté. Il demande d’anticiper la résistance, de préserver le dialogue et d’éviter les réactions explosives ou les ruptures purement impulsives.",,
mars,trigone,uranus,"Période d’audace, d’inventivité et de changement constructif. Elle favorise les expériences nouvelles, les projets originaux et la découverte de capacités jusque-là peu exprimées. Le désir de liberté augmente sans nécessairement provoquer de rupture brutale. Ce transit aide à dépasser les inhibitions et à prendre des risques mesurés. L’énergie reste suffisamment souple pour transformer une situation sans devoir tout détruire autour d’elle.",,
mars,sextile,uranus,"Période dynamique favorable aux nouveautés, aux rencontres stimulantes et aux initiatives inhabituelles. L’esprit devient plus inventif et accepte volontiers de modifier les plans. Elle permet d’élargir son expérience et d’introduire davantage de liberté dans le quotidien. La patience et la discipline peuvent toutefois diminuer. Ce transit gagne à être utilisé pour expérimenter consciemment plutôt que pour multiplier les changements sans direction.",,
mars,conjonction,neptune,"Période d’énergie fluctuante, de sensibilité accrue et de motivations parfois difficiles à comprendre. Le découragement ou l’impression d’agir dans le brouillard peuvent alterner avec un fort désir d’aider les autres. Ce transit favorise les activités créatives, spirituelles ou désintéressées, mais demande de vérifier les faits et les intentions. Il convient d’éviter les promesses trompeuses, les efforts excessifs et les stratégies indirectes.",,
mars,carré,neptune,"Période de doute, de fatigue et de remise en question de la direction suivie. Les critiques extérieures ou les conséquences d’anciennes décisions peuvent fragiliser la confiance. Ce transit demande d’évaluer honnêtement ses actions sans céder au découragement ni choisir des raccourcis douteux. Il est préférable de conserver son énergie, d’éviter les confrontations confuses et de reporter les initiatives dont les objectifs restent mal définis.",,
mars,opposition,neptune,"Période de baisse d’élan, de confusion et de malentendus possibles avec les partenaires ou l’entourage. Les intentions des autres peuvent être difficiles à lire, tandis que ses propres désirs brouillent parfois le jugement. Ce transit invite à vérifier les informations, à assumer les conséquences du passé et à éviter la fuite, la manipulation ou les substances utilisées comme échappatoire. Le travail discret et les activités d’aide sont favorisés.",,
mars,trigone,neptune,"Période de sensibilité, de compassion et d’action tournée vers une cause plus vaste que l’intérêt personnel. Elle favorise l’aide, la création, la spiritualité et les démarches demandant intuition ou dévouement. L’énergie physique peut être plus calme, mais la disponibilité aux autres augmente. Ce transit invite à servir sans se poser en sauveur et à conserver suffisamment de discernement pour ne pas idéaliser les personnes ou les projets soutenus.",,
mars,sextile,neptune,"Période de recul, d’intuition et de sensibilité aux besoins des autres. Elle favorise la méditation, les recherches spirituelles, les activités solidaires et la réorientation d’objectifs devenus peu satisfaisants. L’ambition immédiate diminue, ce qui facilite une observation plus détachée de sa vie. Ce transit demande toutefois de préserver ses limites et de ne pas confondre générosité, sacrifice automatique et acceptation d’une situation déséquilibrée.",,
mars,conjonction,pluton,"Période de volonté intense, d’ambition et de besoin de transformer radicalement une situation. Elle donne une grande capacité de travail et d’influence, mais peut aussi déclencher luttes de pouvoir, comportements compulsifs ou volonté de domination. Ce transit invite à reconnaître franchement ses intérêts et à employer sa force de manière constructive. La coopération devient essentielle lorsque les objectifs personnels rencontrent ceux des autres.",,
mars,carré,pluton,"Période de confrontation à des résistances profondes, des rapports de force ou des situations qui ne peuvent plus rester inchangées. La volonté de contrôler les événements peut provoquer des conflits destructeurs. Ce transit fournit néanmoins l’énergie nécessaire pour mener une réforme exigeante et éliminer ce qui ne fonctionne plus. Il demande de renoncer à la manipulation, de respecter les limites et d’agir avec stratégie plutôt qu’avec brutalité.",,
mars,opposition,pluton,"Période de luttes de pouvoir ou de confrontation avec une personne particulièrement déterminée. L’opposition extérieure révèle souvent ses propres besoins de contrôle, sa colère ou ses ambitions cachées. Ce transit peut permettre de transformer une situation importante si la force est utilisée consciemment. Il invite à négocier sans soumission ni domination et à éviter les provocations, les stratégies secrètes et l’escalade des conflits.",,
mars,trigone,pluton,"Période de puissance constructive, de courage et de capacité à modifier durablement une situation. La volonté est profonde, concentrée et mieux maîtrisée, ce qui favorise les travaux difficiles, la régénération et les projets demandant une transformation importante. L’influence sur les autres augmente naturellement. Ce transit invite à employer cette force avec intégrité et à rechercher des résultats utiles au collectif autant qu’à soi-même.",,
mars,sextile,pluton,"Période favorable à la réalisation d’objectifs importants et à la modification de plans devenus insuffisants. L’énergie est persévérante et permet d’affronter une résistance sans abandonner. La coopération renforce considérablement l’efficacité, notamment dans les projets collectifs ou les réformes. Ce transit favorise aussi une clarification des motivations profondes. Il aide à agir avec puissance, à condition de ne pas confondre détermination et contrôle des autres.",,
mars,conjonction,ascendant,"Période d’affirmation personnelle visible, de forte présence et de besoin d’agir immédiatement. Elle favorise l’initiative, l’activité physique et la capacité à défendre ses intérêts. Les autres peuvent toutefois percevoir davantage d’impatience ou d’agressivité. Ce transit demande de maîtriser la manière dont l’énergie est projetée, d’éviter les réactions provocatrices et d’utiliser cet élan pour engager une action personnelle concrète.",,
mars,carré,ascendant,"Période de tensions relationnelles où l’affirmation personnelle rencontre facilement la résistance des autres. Des conflits peuvent révéler une manière trop brusque d’imposer ses besoins ou, au contraire, une colère longtemps contenue. Ce transit invite à observer l’effet produit sur l’entourage et à défendre sa position sans attaque personnelle. L’action directe reste utile si elle s’accompagne d’écoute, de limites claires et de maîtrise.",,
mars,opposition,ascendant,"Période d’intensité dans les relations, les partenariats et les confrontations directes. Les autres peuvent sembler plus combatifs ou exprimer une agressivité difficile à reconnaître en soi. Les désaccords obligent à clarifier les attentes et la répartition du pouvoir. Ce transit favorise les actions menées avec un partenaire lorsque les objectifs sont communs. Il demande d’éviter les provocations, la compétition permanente et les décisions prises uniquement contre quelqu’un.",,
mars,trigone,ascendant,"Période d’assurance, de dynamisme et d’expression personnelle fluide. Elle favorise les initiatives, les rencontres, le sport et la capacité à produire une impression énergique sans susciter autant de résistance. La confiance permet de défendre ses intérêts avec naturel et d’entraîner les autres dans l’action. Ce transit aide à montrer ses capacités et à adopter une attitude plus directe, courageuse et cohérente avec ses objectifs.",,
mars,sextile,ascendant,"Période favorable à l’initiative personnelle, aux contacts et à la mise en mouvement des projets. L’énergie se communique facilement et renforce la capacité à convaincre, collaborer ou prendre la tête d’une action. Ce transit permet d’affirmer ses besoins avec davantage de spontanéité. Il convient d’utiliser cette ouverture pour agir concrètement, tout en évitant qu’une assurance accrue ne devienne impatience ou tendance à décider pour les autres.",,
mars,conjonction,milieu_du_ciel,"Période d’ambition, d’activité professionnelle et de désir de produire un effet visible dans le monde. Elle favorise les initiatives de carrière, la prise de responsabilités et les efforts destinés à atteindre un objectif important. Des conflits avec l’autorité sont possibles si la volonté devient trop impatiente ou dominatrice. Ce transit invite à agir avec courage tout en respectant les règles, les collègues et les conséquences publiques de ses décisions.",,
mars,carré,milieu_du_ciel,"Période de tension entre les ambitions, les responsabilités professionnelles et les besoins personnels ou familiaux. Les obstacles peuvent provoquer impatience, conflits avec l’autorité ou sentiment d’être freiné. Ce transit exige de clarifier les priorités et d’éviter de forcer une évolution de carrière uniquement par frustration. Une action structurée peut débloquer la situation, à condition de ne pas négliger la vie privée ni transformer chaque désaccord en lutte de pouvoir.",,
mars,opposition,milieu_du_ciel,"Période d’activité et de tensions possibles dans la vie privée, le foyer ou les relations familiales. L’énergie se concentre sur les fondations personnelles et peut entrer en conflit avec les exigences professionnelles. Ce transit invite à résoudre une situation domestique, à défendre son espace ou à rééquilibrer vie publique et vie intime. Les réactions autoritaires et les disputes anciennes doivent être évitées au profit d’actions concrètes et clairement expliquées.",,
mars,trigone,milieu_du_ciel,"Période favorable à l’initiative professionnelle, à l’ambition et à la reconnaissance des efforts. L’énergie se dirige naturellement vers des objectifs concrets et permet de prendre des responsabilités avec assurance. Les relations avec l’autorité sont généralement plus constructives et les actions produisent un effet visible. Ce transit encourage à faire avancer sa carrière ou sa vocation sans attendre, tout en conservant une conduite loyale et maîtrisée.",,
mars,sextile,milieu_du_ciel,"Période dynamique ouvrant des possibilités d’action dans la carrière, la vocation ou les projets publics. Elle favorise les démarches professionnelles, les prises de contact et les initiatives permettant de montrer ses compétences. Le soutien d’une personne influente peut faciliter la progression. Ce transit demande néanmoins une participation active : l’occasion doit être transformée en résultat par un effort précis, responsable et cohérent avec les objectifs de long terme.",,