ASTRE,DONNEE,VALEUR ,INTERPRETATION
NOEUDS,axe,bélier_balance,"Bélier: le soi, l'identité, je suis.
Balance: l'autre, le couple, le partenariat, la relation.
Axe de la relation, être soi-même dans la relation à l'autre, rentrer
en contact avec l'autre."
NOEUDS,axe,taureau_scorpion,"Taureau : la sécurité, le matériel, l'affectif, la certitude.
Scorpion: la rupture, le deuil, la psychanalyse, la remise en
question.
Axe de la sécurité, de la vie et de la mort, de la remise en
question, de la possession."
NOEUDS,axe,gémeaux_sagittaire,"Gémeaux : la dispersion, la découverte, l'oralité, la fratrie, la
réflexion, le mental.
Sagittaire : la transmission, les études, trouver sa place, avoir un
statut social.
Axe des études et de l'apprentissage, de la communication, de
l'entourage et du monde extérieur."
NOEUDS,axe,cancer_capricorne,"Cancer: la famille, les origines, le foyer, la mère, la sensibilité, la
dépendance affective. Capricorne : la loi, le monde extérieur, la
structure, le monde professionnel, le père.
Axe de la parentalité, de la construction familiale, des racines
du cadre."
NOEUDS,axe,lion_verseau,"Lion: le coeur, l'affectif, le rayonnement, la créativité, l'égo, la reconnaissance. Verseau: l'humanité, le groupe, les amitiés, les projets, l'indépendance, le détachement. Axe de l'égo, du rapport à soi et aux autres, de l'attachement."
NOEUDS,axe,vierge_poissons,"Vierge: le travail quotidien, la mise au service de l'autre, l'équilibre, la mesure. Poissons: le sauveur, la spiritualité, la fusion, la fuite, la confusion. Axe du sauveur, du rapport au travail, à l'amour, à la spiritualité."
NOEUDS,axe,1_7,"moi et l'autre, le couple, le retour à soi."
NOEUDS,axe,2_8,"la sécurité, la rupture, l'introspection, l'analyse."
NOEUDS,axe,3_9,"l'entourage, la communication, les études."
NOEUDS,axe,4_10,"la parentalité, la construction du foyer, le monde extérieur."
NOEUDS,axe,5_11,"les loisirs, les enfants, les projets et amitiés"
NOEUDS,axe,6_12,"le travail, le sauveur, l'aide aux autres."
NOEUD_NORD,Maison,1,"on doit aller vers le soi, vers son identité, avec le NS en 7 on a été trop dans l'énergie de l'autre, on doit revenir à soi même."
NOEUD_NORD,Maison,2,on doit aller vers le fait de gagner sa vie et sécuriser et sortir d'une vie faite de discontinuité (par peur) de la maison 8.
NOEUD_NORD,Maison,3,"aller vers la légereté, acquérir une certaine forme de détachement et de recul et sortir de la moralisation de la maison 9, aller vers sa fratrie, vers son entourage."
NOEUD_NORD,Maison,4,"aller vers sa famille, se reconnecter à sa famille, avec le NS en 10 on était trop tourné vers le monde extérieur et sur ses ambitions."
NOEUD_NORD,Maison,5,"On sort du grand tout collectif dépersonnalisé. On quitte les combat idéologiques, la dépersonnalisation affective pour se relier au coeur et à son propre rayonnement intérieur. Se reconnecter à la dimension affective, à son coeur, à son égo."
NOEUD_NORD,Maison,6,"On quitte le sauveur sacrificiel du sauveur et le tout spirituel pour trouver un métier rattaché au concret et utile. Aller vers le fait d'aider mais de manière plus juste et plus concrète comme la vierge. Souvent avec cette configuration, un peu difficile de trouver sa vie professionnelle)."
NOEUD_NORD,Maison,7,"On doit aller vers l'autre, et quitter un certain égocentrisme violent, colérique, imposant aux autres ses désirs pour aller vers la relation à l'autre, se relier à l'autre en acceptant de faire des compromis. Ne plus être uniquement en lien avec soi mais aller vers l'autre."
NOEUD_NORD,Maison,8,"on doit couper avec les attachements de la 2, quitter le besoin d'hyper-sécurité, le besoin d'accumuler des biens et de l'argent pour accepter de vivre des changements et des transformations.,Accéder à un univers psychanalytique et inconscient, de remise en question et d'approfondissement de soi."
NOEUD_NORD,Maison,9,"Quitter la dispersion, le fait de ne jamais se poser quelque part et le refus de l'argent, de la résussite et de la reconnaissnce sociale pour prendre sa place véritable en accédant à un statiut spcialm et en concrétisant ses talents. Aller vers de la responsabilisation, une posture d'adulte. "
NOEUD_NORD,Maison,10,"on quitte le giron familial, l'enfermement originel pour aller vers sa vocation, vers le monde extérieur, vers ses ambitions, construire en autonomie sa vie professionnelle. "
NOEUD_NORD,Maison,11,"on se libère des attachements et de l'égo du lion, pour se tourner vers le collectif et les projets à grande échelle. Quitter le besoin absolu de reconnaissance et debriller à tout prix pour aller vers le groupe, le collectif, les projets utiles ppur les autres et le monde, revenir dans la sphère de l'esprit. "
NOEUD_NORD,Maison,12,"Quitter la riidité et une existence laborieuse et rangée pour ouvrir son coeur aux autres et s'ouvrir à la spiritualité. Aller dans une posture de lâcher prise, délaisser ses règles morales strictes et son besoin de contrôle, lâcher prise sur le mental."
NOEUD_NORD,Signe,bélier,"Le Nœud Nord en Bélier invite à un projet d'affirmation identitaire radical : apprendre à exister pleinement sans compromis ni adaptation permanente aux attentes d'autrui. Il s'agit de sortir de la dépendance affective et du besoin d'approbation pour développer une capacité d'affirmation combative. Les apprentissages clés consistent à comprendre que le conflit n'est ni dangereux ni négatif, oser dire non et s'opposer, exprimer ses désirs et sa volonté sans attendre le regard des autres. Le projet karmique invite à transcender les règles imposées par besoin d'harmonie relationnelle, développer une impulsion personnelle dynamique, et passer à l'action avec confiance en sa capacité d'agir et de décider. L'enjeu central est de passer de l'harmonisation permanente à l'affirmation de son identité propre, d'être pleinement soi-même dans toute sa personnalité, avec la liberté de ne plus dépendre de l'amour ou de la cohésion pour exister."
NOEUD_SUD,signe,balance,"Le Nœud Sud en Balance révèle des mémoires karmiques d'une vie harmonieuse et sereine en apparence, marquée par des relations sociales et sentimentales réussies mais qui sont restées en surface. Les vies antérieures portent la marque de compromis constants, d'une adaptation permanente aux attentes d'autrui par besoin d'amour et par peur du conflit. Tu as épousé le modèle conventionnel d'une communauté ou d'un partenaire, privilégiant l'harmonie relationnelle au détriment de ton authenticité. Les valeurs étaient traditionnelles et bornées, les relations conventionnelles et socialement acceptables mais fondamentalement superficielles. Dans cette vie, tu portes encore cette tendance naturelle à te modifier pour l'autre et à chercher la cohésion à tout prix, ce qui constitue ta zone de confort karmique mais aussi ce qui doit être transcendé pour évoluer vers l'affirmation de soi du Nœud Nord en Bélier."
NOEUD_NORD,Signe,taureau,"Le Nœud Nord en Taureau invite à se détourner du besoin de passion, de conflit et d'aventure pour apprendre la simplicité, la routine et la tranquillité. Il s'agit de se poser dans une vie stable et sédentaire, de construire sa propre sécurité matérielle et affective, et d'accepter une existence ancrée et sereine. Le projet karmique consiste à ne plus rechercher constamment la guerre ou l'intensité émotionnelle pour vibrer, mais à se réconcilier avec le calme sans le mépriser comme ennuyeux. Les apprentissages clés invitent à accepter des relations stables et fidèles, développer une profession solide et fiable, et s'engager dans la durée sans tout rejeter dès qu'une difficulté arrive. L'enjeu central est de construire une sécurité intérieure authentique, de rechercher une quiétude véritable, et de gérer les obstacles avec sérénité plutôt que de fuir vers l'intensité. Il s'agit d'apprendre à valoriser la stabilité, l'ancrage matériel et affectif, et d'accepter une vie posée sans juger ces choix comme limitants ou insatisfaisants."
NOEUD_SUD,signe,scorpion,"Le Nœud Sud en Scorpion révèle des mémoires karmiques de vies antérieures marquées par la discontinuité, les ruptures constantes, la passion déchirante, la violence et le conflit permanent. Tu as vécu dans une insécurité totale, possiblement avec une attirance pour l'occulte, la magie noire et les travaux ésotériques sombres, dans un refus d'engagement global et une existence chaotique. Des traumatismes profonds ont pu marquer ces vies passées. Dans l'incarnation présente, l'enfance a souvent réactivé ces mémoires scorpioniques : anxiétés précoces, sentiment d'agression ou de danger, agressivité refoulée, et une fascination mêlée de répulsion pour la mort, la violence et l'occulte. Ces patterns karmiques constituent ta zone de confort inconsciente, celle où l'intensité émotionnelle et le chaos deviennent paradoxalement rassurants. Le défi est de reconnaître cette tendance naturelle à rechercher la passion destructrice et l'insécurité pour apprendre à s'en détourner progressivement, en acceptant de vivre dans la routine, la tranquillité et la simplicité du Nœud Nord en Taureau."
NOEUD_NORD,Signe,gémeaux,"Le Nœud Nord en Gémeaux invite à aller vers la légèreté, la simplicité et la proximité relationnelle après avoir été coupé des autres par un besoin d'ascension sociale et de réussite dans les vies antérieures. Il s'agit de se rapprocher de son entourage proche dans une vraie égalité, de descendre de son piédestal pour rencontrer les autres d'égal à égal, et de rechercher une communication horizontale plutôt que verticale. Le projet karmique consiste à apprendre à écouter véritablement au lieu de dominer la conversation ou de se positionner en supériorité, à développer la curiosité et l'échange simple plutôt que le besoin de briller ou d'enseigner. Les apprentissages clés invitent à trouver ou créer une fratrie symbolique à l'âge adulte, un clan familial où règne l'égalité, et à comprendre que la recherche d'une position privilégiée freine justement ces liens authentiques. L'enjeu central est de renoncer à l'excès et à la grandiloquence hérités du passé épicurien pour embrasser le quotidien, le relationnel simple et authentique. Il s'agit d'ouvrir son esprit pour communiquer non seulement pour apprendre aux autres mais surtout pour apprendre d'eux, en leur laissant leur place sans chercher à la prendre pour se rassurer sur sa propre légitimité."
NOEUD_SUD,signe,sagittaire,"Le Nœud Sud en Sagittaire révèle des mémoires karmiques de vies antérieures marquées par le luxe, l'apparât et l'ascension sociale dans des milieux privilégiés. Tu as vécu en prélat, dans la noblesse, l'aristocratie ou la bourgeoisie, avec un rapport au pouvoir social et une recherche de reconnaissance par le savoir et le statut. Ces vies étaient caractérisées par l'épicurisme, la profusion et le plaisir, où tu as pris toute la place pour t'enrichir et réussir socialement. Tu as pu être très écrasant vis-à-vis des autres, profitant de ton statut pour leur refuser une place que tu t'octroyais, te positionnant constamment en supériorité et te séparant d'eux par ce sentiment de grandeur. Dans l'incarnation présente, tu portes encore cette image personnelle ambitieuse et cette tendance aux excès, avec un karma physique qui rend le corps moins tolérant en cas d'abus. La recherche d'insertion sociale peut rester démesurée, créant une difficulté à te lier à ton entourage et à communiquer de façon horizontale, d'égal à égal. Cette quête de réussite et de grandeur continue de te couper des autres et constitue ta zone de confort karmique qu'il s'agit de transcender pour retrouver le dialogue fraternel et une vie plus intime et légère."
NOEUD_NORD,Signe,cancer,"Le Nœud Nord en Cancer invite à se reconnecter à ses émotions, sa sensibilité et l'amour après des vies marquées par la rigidité patriarcale. Il s'agit de passer du modèle paternel autoritaire au modèle maternel affectueux, de construire un foyer chaleureux et une famille heureuse, et de se laisser guider par ses ressentis et intuitions plutôt que par l'ambition et la rationalité. Le projet karmique consiste à dépasser la rudesse intérieure héritée du passé, cette difficulté à explorer et dévoiler ses sentiments, pour accueillir pleinement sa subjectivité et son vécu émotionnel. Les apprentissages clés invitent à ne plus se raccrocher uniquement au besoin de sécurité matérielle et de contrôle, mais à laisser place à l'accueil des émotions et à vivre dans les liens du cœur. L'enjeu central est de construire un nouveau modèle familial plus aimant tout en respectant une certaine lignée et des traditions choisies, de faire de son foyer une réussite affective, et de se reconnecter à la sphère sentimentale et émotionnelle. Il s'agit d'apprendre que ce ne sont plus les ambitions, la rationalité et le sérieux qui doivent guider les choix de vie, mais les intuitions, les émotions et l'amour, sans les mépriser. La construction du foyer sera essentielle mais pourra être complexe en raison de l'enfance rude qui a réactivé les mémoires du Nœud Sud en Capricorne."
NOEUD_NORD,Signe,capricorne,"Le Nœud Sud en Capricorne révèle des mémoires karmiques de vies antérieures marquées par une rigidité extrême, un autoritarisme patriarcal et un contrôle absolu des émotions. Tu as vécu dans une existence rude basée sur le dépouillement, parfois la pauvreté et l'exil, où la rigueur des traditions et du modèle paternel dominait. Le patriarche était la figure centrale, valorisant l'importance de la transmission aux enfants, de la lignée et du respect de la morale établie. Tu avais le sens du devoir, de la responsabilité collective pour défendre une identification religieuse, familiale ou ethnique, dans un cadre où cacher ses émotions était valorisé pour le bien de la rigueur, du sérieux et du contrôle de soi. Dans l'incarnation présente, l'enfance a souvent réactivé ces mémoires capricorniennes : manque affectif, éducation stricte centrée sur l'autorité paternelle, manque de preuves d'affection dans la famille. Tu as pu être un enfant mature et sérieux, avec des valeurs rigides, souvent moqué par tes camarades d'école pour ton manque de légèreté. Ces patterns constituent ta zone de confort karmique qu'il s'agit de transcender pour adopter un nouveau modèle maternel, affectif et sensible, en te reconnectant à tes propres émotions et à ta sensibilité."
NOEUD_NORD,signe,lion,"Le Nœud Nord en Lion invite à se recentrer sur sa sphère personnelle et affective après avoir été enfermé dans une rigidité intellectuelle ou des combats collectifs. Il s'agit de construire un foyer chaleureux, de développer des relations intimes authentiques, et de centrer ses forces sur sa propre existence et sa recherche de l'amour. Le projet karmique consiste à trouver le lien avec son propre ego, dans un équilibre sain sans infériorité ni supériorité, et à se valoriser intérieurement plutôt qu'à travers des luttes extérieures ou des causes impersonnelles. Les apprentissages clés invitent à se relier à la construction d'un foyer, d'une vie affective stable, possiblement avoir des enfants, et à développer la chaleur relationnelle au sein de son cercle proche. L'enjeu central est de trouver sa voie de rayonnement personnel, d'être connu et reconnu dans son environnement intime, et de briller dans sa singularité créative, par exemple dans un domaine artistique ou personnel. Il s'agit de rechercher l'affectif pur, l'amour au sens large, et de découvrir la reconnaissance authentique de sa valeur personnelle en se reliant véritablement aux autres plutôt qu'en restant dans une distance intellectuelle ou collective."
NOEUD_SUD,signe,verseau,"Le Nœud Sud en Verseau révèle des mémoires karmiques de vies antérieures placées sous le signe de l'idéal, de l'idéologie et du combat pour l'indépendance et la liberté. Tu as vécu dans l'amour des concepts intellectuels, menant des luttes militantes au sein d'un groupe de penseurs et défendant des valeurs d'idéalisme, d'altruisme et de conscience humanitaire. Tu as pu vouloir rénover le champ politique, la loi, la vie sociale ou la liberté d'expression, dans une quête de transformation collective. Cependant, tu t'es séparé émotionnellement des autres, privilégiant le collectif à l'individuel et restant peu relié au niveau affectif. Tu prônais ta différence tout en refusant de te fondre parmi les autres, avec une tendance à vouloir imposer tes idées comme un gourou plutôt que de créer de vrais liens humains. L'empreinte karmique est marquée par des échecs et des combats inutiles, une distance avec tes sentiments. Dans l'incarnation présente, l'enfance a souvent réactivé cette rigidité intellectuelle, cette dépersonnalisation émotionnelle et ce sentiment d'être différent parmi les autres sans parvenir à créer des liens authentiques. Ces patterns constituent ta zone de confort karmique qu'il s'agit de transcender pour aller vers la chaleur affective et la reconnaissance personnelle du Nœud Nord en Lion."
NOEUD_NORD,signe,vierge,"Le Nœud Nord en Vierge invite à sortir de la négation de soi et du sacrifice pour se reconnecter au concret, à la terre, au mental et à la réflexion. Il s'agit de passer d'un service sacrificiel glorieux à un don simple dans l'ombre, sans chercher à acheter l'amour en se sacrifiant pour les autres. Le projet karmique consiste à se reconnecter à la dimension du service réelle et terrienne, laborieuse et ancrée à la réalité, sans en récupérer de gloire ou vanter une posture de sacrifice. Les apprentissages clés invitent à apprendre à donner pour donner, simplement, et à revenir dans une juste mesure des choses en faisant les choses de manière plus justes et mesurées, en restant connecté à l'univers du concret sans en faire trop. L'enjeu central est de retrouver une structure intérieure, des règles, des principes, une routine, et de se réconcilier avec un quotidien qui semblait dépourvu de sens spirituel. Il s'agit de revenir dans la sphère intellectuelle de la Vierge pour mettre de l'ordre et réorganiser les choses plus logiquement. Le chemin nécessite de se déconnecter temporairement de la spiritualité pour s'incarner pleinement dans la réalité concrète, avant d'y revenir ensuite de manière plus équilibrée et ancrée."
NOEUD_SUD,signe,poissons,"Le Nœud Sud en Poissons révèle des mémoires karmiques de vies antérieures marquées par le mythe du sauveur christique et sacrificiel. Tu as voulu sauver le monde entier au nom d'idées spirituelles, développant un personnage de gourou spirituel dans une dimension de sacrifice totale pour le bien d'une communauté. Tu as cherché à répandre l'amour de manière universelle mais tu y as perdu ton ego et ton individualité en te connectant à un grand tout déconnecté de la réalité et du concret. Cette négation de soi a mené à une dépersonnalisation totale, à la confusion, et a parfois frôlé la folie, la maladie mentale, les addictions ou la culpabilité à outrance. Tu as vécu dans un sentiment de perte et de coupure avec la réalité tangible. Dans l'incarnation présente, l'enfance a réactivé ces mémoires poissoniennes : modèle éducatif flou et peu cadré, modèles familiaux mal établis et peu clairs, éducation par mimétisme plutôt que par de vraies règles, manque de repères concrets et habitude de la culpabilisation. Les réminiscences karmiques sont fortes avec une difficulté à exprimer les choses avec simplicité, à sortir d'impressions diffuses et d'une tendance à la contemplation déconnectée. Ces patterns constituent ta zone de confort karmique qu'il s'agit de transcender pour aller vers la structure, l'organisation et le service concret."
NOEUD_NORD,Signe,balance,"Le Nœud Nord en Balance invite à aller vers la relation, le couple, le partenariat et l'association après des vies marquées par l'individualisme guerrier. Il s'agit d'apprendre à écouter l'autre, à prendre en compte ses besoins, et à différencier ses propres désirs des besoins d'autrui. Le projet karmique consiste à se lier aux autres en fonction de ses sentiments, retrouver le lien à ses sensations pour revenir à un équilibre relationnel, et réussir à équilibrer la relation entre soi et les autres. Les apprentissages clés invitent à accepter que les compromis, les efforts pour l'autre et les réajustements de ton côté ne constituent pas de la soumission mais permettent de se connecter aux besoins d'autrui et de les respecter, favorisant ainsi l'épanouissement des relations. L'enjeu central est d'apprendre à ne plus considérer la colère comme une protection, à la gérer et l'apaiser, et à se sentir assez en sécurité pour ne plus voir la relation comme un lieu de conflit potentiel. Il s'agit d'apaiser le tempérament volcanique pour favoriser la diplomatie, retrouver équilibre, paix et apaisement sans besoin de guerre, et développer un amour de l'harmonie. Le chemin consiste à comprendre que les autres ne sont pas des objets de satisfaction personnelle mais des partenaires d'échange véritable, et à risquer de s'engager dans une relation de couple réussie ou des partenariats associatifs fructueux."
NOEUD_SUD,signe,belier,"Le Nœud Sud en Bélier révèle des mémoires karmiques de vies antérieures marquées par la guerre, le combat et la violence. Tu as été soldat, combattant, aimant le conflit, la guerre, le sang et la colère, avec un esprit de conquête, des désirs puissants et le sens de l'aventure. Tu avais un esprit sportif, une volonté d'exposer ta force et ta virilité, un instinct physique pur et le goût des batailles. Ta volonté était l'affirmation violente de toi-même, de ta personnalité et de ton identité, ce qui t'a coupé des autres dans un modèle agressif et conquérant. Les autres étaient perçus comme des objets de conquête ou comme un risque identitaire pour toi-même, et tout compromis était vécu comme de la soumission, une perte de la bataille. Cette affirmation agressive t'a éloigné des relations authentiques et de la capacité à prendre en compte les besoins d'autrui. Dans l'incarnation présente, le début de vie a pu être empreint de violence et de conflits, avec un tempérament volcanique et une colère utilisée comme protection. Ces patterns constituent ta zone de confort karmique qu'il s'agit de transcender pour apprendre à te reconnecter à l'amour, accepter de faire des compromis pour le bien des autres et de la relation, et comprendre que ces ajustements ne constituent pas de la soumission mais permettent de respecter les besoins d'autrui et de favoriser l'épanouissement des relations."
NOEUD_NORD,Signe,scorpion,"Le Nœud Nord en Scorpion invite à une mission particulièrement difficile : accepter le changement, la rupture, la transformation et la discontinuité. Ce nœud nord n'est pas facile car il y a une tendance naturelle à vouloir s'appuyer sur ce que l'on sait, sur ses certitudes, et donc à avoir du mal à changer et aller vers le projet karmique. Il s'agit d'accepter le risque, la fin des choses, la transformation profonde, et de changer sa vision des choses pour vivre autrement que par la nourriture et les biens matériels. Le projet karmique consiste à s'ouvrir au mystique, à l'inconscient, aux profondeurs psychologiques et à la sphère spirituelle, là où l'on était centré sur le concret et le monde extérieur. Les apprentissages clés invitent à quitter ses certitudes pour se poser des questions existentielles, à arrêter de contrôler les autres et de leur imposer des choses pour les laisser vivre leur propre vie, et à s'ouvrir à l'introspection et au travail intérieur au sein de ses profondeurs. L'enjeu central est de passer d'une vie simple et matérielle à une prise de puissance intérieure, de trouver une sécurité intérieure plutôt que matérielle ou affective, et d'accepter une autre réalité et vision du monde. Il s'agit d'oser prendre des risques, vivre des expériences qui font peur, faire preuve de mobilité et pouvoir changer de vie en se sentant malgré tout sécurisé intérieurement. La vie montrera que rien n'est immuable malgré les tentatives d'obstination pour que rien ne change."
NOEUD_SUD,signe,taureau,"Le Nœud Sud en Taureau révèle des mémoires karmiques de vies antérieures marquées par la sécurité matérielle, l'abondance et l'obstination. Tu as pu être un ancien négociant cherchant l'enrichissement, ou vivre au sein de campagnes agricoles dans l'abondance et la sécurité du lendemain. Tu as aidé, protégé et nourri les autres matériellement, partageant tes récoltes avec tes proches dans un instinct de paysan généreux. Cependant, tu étais enfermé dans des certitudes et des convictions rigides, pensant posséder la vérité et avoir la bonne vision de la vie, bloqué dans une obstination avec une difficulté face à la contradiction. Tu avais un besoin excessif de sécurité et de protection, une volonté d'imposer tes croyances et ce que tu pensais savoir de la vie, et une tendance à vouloir contrôler les autres afin de te sécuriser par besoin d'amour. Le besoin de sécurité affective était fort avec une volonté de posséder l'amour plutôt que de le vivre librement. Dans l'incarnation présente, l'enfance a pu réactiver ces mémoires tauréennes : famille très envahissante et surprotectrice, centrée sur le quotidien et la sécurité avec peu de prise de risque, remise en question rare et évitement de la confrontation à ce qui faisait peur, sur-couvage des enfants ne leur donnant pas la possibilité d'être entièrement prêts pour la vie d'adulte. Cette configuration de nœuds est particulièrement difficile puisque le Taureau a justement beaucoup de mal à changer et modifier ses habitudes émotionnelles et comportementales."
NOEUD_NORD,Signe,sagittaire,"Le Nœud Nord en Sagittaire invite à faire quelque chose de professionnel avec ses talents cultivés dans les vies antérieures, non plus seulement pour du divertissement mais pour atteindre un niveau de réussite véritable. Il s'agit de construire une carrière à responsabilités, prendre sa place sociale et concrétiser sa réussite dans le monde. Le projet karmique consiste à passer des échanges superficiels et de la dispersion intellectuelle à la transmission et au guidage des autres, avec une quête spirituelle profonde pour comprendre qui l'on est, ce que l'on fait sur terre et quelle est sa mission. Les apprentissages clés invitent à laisser s'estomper la recherche gémellaire et fusionnelle pour accepter des relations plus adultes, plus libres et distanciées avec les compagnons de vie, à accepter la peur de la séparation et de devenir adulte. L'enjeu central est l'affirmation individuelle, trouver sa voie intérieure et se combler seul, prendre son espace et sa place dans le monde, être dans l'expansion, être reconnu socialement et professionnellement. Il s'agit de mener un itinéraire spirituel dans la profondeur plutôt que dans la dispersion mentale. Les tendances intellectuelles anciennes cherchent un plus vaste terrain pour s'exprimer, potentiellement vers des professions d'enseignement, dans le droit, la loi, la justice ou dans des postes de responsabilités où transmettre et guider devient possible."
NOEUD_SUD,signe,gemeaux,"Le Nœud Sud en Gémeaux révèle des mémoires karmiques de vies antérieures marquées par la dispersion, le mouvement constant et le déplacement perpétuel. Tu as pu être troubadour, artiste de cirque ou nomade, évoluant à travers la fratrie et les cercles d'amis dans des échanges nombreux mais superficiels. Tu as cultivé des talents d'expression orale, théâtrale, graphique, intellectuelle ou artistique, notamment le dessin, incarnant l'image du bateleur, mais tu n'en as rien fait de concret ou de professionnel, répondant uniquement à un besoin de divertissement. Ces vies étaient caractérisées par la créativité, la joie et la spontanéité d'un éternel adolescent qui pense à s'amuser sans chercher plus, aimant l'imprévu, se dispersant professionnellement avec une tendance extravertie, vivant dans le jeu et la curiosité sans engagement véritable. Tu as vécu dans une recherche fusionnelle et gémellaire, refusant de grandir et d'accepter le monde adulte. Il peut y avoir dans ces vies un sentiment de ne pas avoir été autant qu'un membre de la fratrie avec une comparaison constante, possiblement une perte du jumeau symbolique, un sentiment de ne pas être entier ou de ne pas être un. Dans l'incarnation présente, l'enfance a pu réactiver ces mémoires gémeaux : problèmes avec la fratrie, peur du monde adulte, difficulté à grandir, sentiment de ne pas être complet. Ces dons non réalisés dans les vies antérieures peuvent être cultivés aujourd'hui à condition d'aller vers le projet du Nœud Nord en Sagittaire qui invite à trouver sa voie intérieure, se combler seul, prendre sa place sociale et professionnaliser ces talents."
NOEUD_NORD,Signe,capricorne,"Le Nœud Nord en Capricorne invite à accepter l'indépendance affective, la posture de recul, la solitude et le détachement émotionnel pour sortir de l'envahissement émotionnel du Cancer. Il s'agit d'aller vers plus de maturité, de structure et de responsabilisation adulte, de trouver son propre fonctionnement intérieur et pas en fonction des autres ou des attentes familiales. Le projet karmique consiste à se construire sur ta propre sagesse plutôt que sur les modèles parentaux idéalisés, à réguler tes émotions au lieu de les projeter sur les autres, et à développer un projet professionnel à l'extérieur de la famille et du cocon sécurisant. Les apprentissages clés invitent à remettre en question les schémas relationnels issus de l'enfance qui sont répétés par identification et habitude rassurante, à accepter une période de solitude nécessaire pour apprendre à aimer sans dépendance et sans fusion maternelle. L'enjeu central est de sortir de la dépendance affective, d'arrêter d'exiger des autres qu'ils devinent tes besoins sans les exprimer explicitement, et de cesser d'être dans la froideur exigeante quand ces besoins ne sont pas comblés. Il s'agit d'adopter progressivement la posture du sage éveillé dans le calme et le recul réflexif, en acceptant que le chemin vers cette sagesse prend du temps. Au début de vie, il y a une tendance à emprunter une voie modeste, avec une notion de temps nécessaire pour atteindre le projet, grandir et trouver la maturité émotionnelle véritable."
NOEUD_SUD,signe,cancer,"Le Nœud Sud en Cancer révèle des mémoires karmiques de vies antérieures dans des familles matriarcales nombreuses où le modèle du clan était oppressant malgré le cocon de sécurité. Tu as un grand attachement aux traditions familiales transmises dans tes origines, ou au contraire un rejet total de ce modèle. On te demandait d'être fidèle à ton clan avec une exigence de loyauté, te culpabilisant si tu avais des désirs en dehors du cadre familial. Le choix de la mère dans cette incarnation est issu d'un modèle de mères des vies passées : aimantes, présentes au foyer, fusionnelles, avec un rôle traditionnel. Dans l'incarnation présente, tu portes un attachement fort à la mère qui a marqué ta façon d'être et de t'exprimer, ou au contraire un rejet total qui risque de créer de grosses difficultés relationnelles. Enfant, tu étais en besoin constant d'affection, de tendresse et d'amour inconditionnel, avec une mère qui pouvait beaucoup culpabiliser et ne souhaitait pas la séparation à l'âge adulte, te laissant difficilement grandir. Le père a pu être plus distant et froid, créant une sensibilité particulière et des reproches de manque d'amour une fois adulte, ou au contraire trop présent et devenant rapidement un bouc émissaire récupérant toutes les fautes. Tu as demandé au père de répondre à tes angoisses de l'avenir et ta peur de grandir, le critiquant d'emblée s'il n'était pas dans la réponse à tes exigences ou s'il n'a pas su te rassurer suffisamment. Tu as en tête un modèle du parent parfait incarnant un idéal de responsabilité et de réassurance, ce qui engendre une peur d'avoir des enfants ou une tendance à ne pas laisser le partenaire prendre en charge des choses. Tu portes un manque de confiance inné, une confiance fragile envers les autres qui t'amène à exiger des justifications, des preuves de fidélité, de sécurité et de fiabilité. Tu as besoin de relations tendres et sécurisantes mais aussi une tendance à la dépendance affective, à avoir du mal à te sentir comblé au niveau affectif. Ton besoin de fusion maternelle est encore recherché une fois adulte, t'amenant à exiger de tes partenaires qu'ils lisent en toi et devinent tes besoins sans assumer de les demander explicitement, restant dans la froideur et l'exigence. Tu as tendance à répéter les schémas relationnels longtemps car ils répondent à des identifications et des fonctionnements connus et rassurants qui viennent de l'enfance, avec une difficulté à les remettre en question, faisant des projections du passé sur le présent."
NOEUD_NORD,Signe,verseau,"Le Nœud Nord en Verseau invite à se libérer des attachements affectifs et du besoin de reconnaissance pour aller vers l'indépendance, la liberté et des choix de vie non conventionnels. Il s'agit de rompre avec le fonctionnement léonin où l'on se nourrissait à travers les relations et se sentait exister à travers l'amour, pour questionner son rapport à l'ego et se tourner vers le collectif. Le Verseau symbolise le portail évolutif qui quitte la matrice et découvre sa propre nature et la responsabilité de sa vie, ce qui entretient un ego également mais dans une dimension collective, en lien avec les autres et pas uniquement égoïste. Le projet karmique consiste à vivre des expériences à travers des groupes, des collectifs et des regroupements, acceptant de ne pas être tout le temps au centre des choses et des relations, et allant dans le monde des idées et la sphère intellectuelle plutôt que d'être uniquement centré sur soi, ses plaisirs et ses amours. Les apprentissages clés invitent à participer à l'élévation du niveau collectif même dans l'ombre sans forcément de reconnaissance, lui trouvant une autre forme de valeur, malgré un côté désabusé de l'humain largement expérimenté dans les vies passées. Il n'y a plus de création d'illusions sur la nature humaine et plus d'envie de s'impliquer trop fortement émotionnellement. L'enjeu central est de te dépouiller de ton image de prestige pour développer ton esprit, ta communication et ta créativité à travers les autres, en confrontant tes propres idéaux fraternels et égalitaires aux autres qui te permettent d'apprendre à te connaître. Tu as un rôle de précurseur avec un talent d'inventeur, des idées de construction de nouveaux modèles sociaux, des découvertes technologiques ou scientifiques. Le chemin consiste à aller vers ta propre liberté, remettre en cause le fonctionnement social tel qu'il est et ne pas épouser n'importe quelle autorité, avec un projet professionnel humanitaire, associatif ou au contraire comme indépendant pour trouver ta propre manière de fonctionner. Il s'agit de se libérer du besoin excessif relationnel et des attachements sentimentaux, apprendre l'indépendance et la distance affective ou expérimenter d'autres formes de relations, accepter l'expérience de la solitude et apprécier l'importance des relations amicales. Tu grandiras en construisant une indépendance vis-à-vis du besoin de reconnaissance, libre de tes attachements, affirmant ta différence, ton individualité et ton originalité."
NOEUD_SUD,signe,lion,"Le Nœud Sud en Lion révèle des mémoires karmiques de vies antérieures dans des lieux royalistes, marquées par le faste, le clinquant, l'opulence et l'égocentrisme. Tu as vécu dans la richesse et les honneurs, constamment sur le devant de la scène et au centre de l'attention, avec une soif absolue de reconnaissance de tes qualités et un sens puissant de la valeur personnelle. Ta vie était faite d'opportunités sociales, de richesses et d'honneurs dans la démesure, où ton ego était constamment mis en valeur et nourri à travers l'amour et la valorisation égotique. Tu portes en toi les valeurs d'honneur, de courage, d'affirmation personnelle et d'aspiration à la réussite héritées de ces vies. Dans l'incarnation présente, l'enfance a réactivé ces mémoires léonines de deux manières possibles : soit un manque constant de reconnaissance et de revalorisation égotique te laissant insatisfait et jamais assez reconnu, soit une position d'enfant unique au centre de toute l'attention familiale. Dans les deux cas, tu as développé un besoin de te sentir exister à travers l'amour et l'admiration des autres, un fonctionnement qui ne marche plus dans les relations adultes. Ces patterns constituent ta zone de confort karmique qu'il s'agit de transcender, avec un projet de se dépouiller de ces images anciennes de prestige pour aller vers un projet plus intérieur et plus secret, acceptant la solitude pour apprendre le détachement."
NOEUD_NORD,Signe,poissons,"Le Nœud Nord en Poissons invite à lâcher prise sur le contrôle mental, la rigidité intellectuelle et les carcans de principes pour s'ouvrir à la spiritualité, au monde inconscient et émotionnel, à la compassion et à la tolérance pure sans intolérance. Il s'agit de passer de la vérité intellectuelle à la vérité de l'être, d'accepter de ne pas tout maîtriser, de laisser faire, de se laisser aller au fameux lâcher-prise. Le projet karmique consiste à avoir une vie plus calme et plus douce, pas une vie de dur labeur, de contraintes et d'obligations comme dans les vies antérieures. Les apprentissages clés invitent à communiquer de manière plus spontanée dans une dimension d'amour et de réelle connexion aux autres, en comprenant ce qu'est l'autre vraiment et pas comme tu penses qu'il serait bien qu'il soit. Il s'agit de laisser de la place à l'amour sans jugements, sans attentes rigides, sans analyse mentale de tout, mais se laisser aller aux sentiments et émotions, les accepter et les intégrer. L'enjeu central est de découvrir le don de soi pour les autres et pour le monde, accepter de donner sans compter le retour, découvrir la compassion et résoudre le conflit du sauveur que tu portes en toi. Le défi consiste à ne pas basculer dans le sacrifice excessif, le fantasme spirituel ou la confusion mentale, mais à trouver le lâcher-prise du Poissons sans renoncer à tes besoins vitaux au profit des autres. Il s'agit de trouver dans ta vie le lien avec le spirituel et le côté missionnaire sans verser dans le fantasme égotique, acceptant pleinement ta vulnérabilité. C'est une véritable quête de l'amour divin et inconditionnel."
NOEUD_SUD,signe,vierge,"Le Nœud Sud en Vierge révèle des mémoires karmiques de vies antérieures marquées par une rigidité morale et intellectuelle extrême, avec des principes stricts, des jugements sévères et une exigence de pureté absolue. Tu as vécu dans un carcan social très exigeant imposant des exigences de tenue, de discrétion, de soumission à des modèles établis, le rejet de l'expression de la souffrance, la honte du bonheur et l'obligation de pudeur. Ta mentalité était rigide avec une tendance à condamner les autres au nom de principes et de valeurs, jugeant avec une notion bien précise du bien et du mal. Envers toi-même, tu maintenais une exigence de pureté, un rejet de la souillure, une quête d'authenticité et de dépouillement, un rejet du mensonge et de l'hypocrisie, avec un idéal de vie simple, sobre et modeste. Tu avais un rejet de ta propre vulnérabilité et as fait un choix de travail laborieux dans l'ombre en refusant la gloire. Tu possédais des connaissances en matière de santé, de biologie, de nutrition, des sciences de la vie et de la terre, et des animaux. Dans l'incarnation présente, l'enfance a porté cette même maturité précoce tant au niveau intellectuel qu'émotionnel, avec une survalorisation du mental au détriment de la vie émotionnelle qui était mise de côté. Enfant, tu condamnais le mensonge et la médiocrité intellectuelle, considérant que la parole engage et que les promesses sont gravées dans le marbre, manquant de fantaisie et de simplicité avec un esprit intransigeant et peu tolérant. Tu n'étais pas toujours écouté par les adultes malgré ta maturité. Si ta famille a rejeté cet esprit mature, tu as développé une tendance à l'isolement et à la protection en érigeant des barrières pour éviter les débordements émotionnels, à t'effacer et tenter de te fondre dans ton milieu pour ne pas faire de vagues, cherchant à te tenir constamment."
NOEUD_NORD,aspect,conjonction_soleil,"Le Soleil conjoint au Nœud Nord indique que ton identité profonde et ton rayonnement personnel sont alignés avec ta mission karmique. Tu es venu incarner consciemment le projet d'évolution de ton Nœud Nord. Ton ego et ta volonté soutiennent naturellement ta direction évolutive, facilitant l'accomplissement de ton chemin. Cette conjonction suggère que tu trouveras ton accomplissement et ta reconnaissance en allant pleinement vers les qualités de ton Nœud Nord. C'est une configuration très favorable qui donne de l'énergie et de la conscience pour avancer sur ton chemin d'évolution.
Notre père, dans sa version idéalisée, ou ce qu'on a le plus aimé de lui pourra être un soutien. Ainsi que notre mari pour une femme. "
NOEUD_NORD,aspect,conjonction_lune,"La Lune conjointe au Nœud Nord indique que tes besoins émotionnels et ton monde intérieur sont alignés avec ta mission karmique. Tu dois aller vers la famille, la vie privée, le foyer et te réconcilier avec la mère ou la sphère maternelle. Cette conjonction facilite l'intégration émotionnelle des qualités du Nœud Nord et suggère que ta sécurité affective passe par l'accomplissement de ton chemin évolutif. Tu peux avoir une capacité naturelle à nourrir et accompagner les autres dans la direction de ton Nœud Nord. Ce peut être un point de libération en te dévouant pour les enfants, une cause familiale, ou en développant ton imagination créatrice comme l'écriture de romans ou la composition musicale. Des femmes très importantes peuvent apparaître sur ton chemin pour t'apporter des leçons essentielles.  Il s'agit d'expérimenter pleinement les choses lunaires pour accomplir ton chemin.La mère (ou la grand-mère), tous les personnages maternels peuvent représenter un soutien. Pour un homme, notre femme pourra également être un soutien. "
NOEUD_NORD,aspect,conjonction_mercure,"Mercure conjoint au Nœud Nord indique que ton intelligence, ta communication et ta curiosité intellectuelle sont orientées vers ta mission karmique. Tu es venu apprendre et transmettre dans le domaine de ton Nœud Nord. Tes capacités mentales, d'analyse et de communication soutiennent ton évolution. Cette conjonction suggère que l'étude, l'écriture, l'enseignement ou toute forme d'échange intellectuel liés aux qualités de ton Nœud Nord sont importants dans ton chemin. Ta pensée et ta parole sont des outils d'accomplissement de ta mission."
NOEUD_NORD,aspect,conjonction_venus,"Vénus conjointe au Nœud Nord indique que tes valeurs, ton sens de l'harmonie et ta capacité d'aimer sont alignés avec ta mission karmique. Tu es venu créer de la beauté et de l'harmonie dans le domaine de ton Nœud Nord. Tes relations, ton sens esthétique et ta capacité à attirer ce que tu désires soutiennent ton évolution. Cette conjonction suggère que l'amour, l'art, les plaisirs ou les partenariats liés aux qualités de ton Nœud Nord sont centraux dans ton chemin. Tu trouves naturellement du plaisir et de la satisfaction en allant vers ton projet d'évolution."
NOEUD_NORD,aspect,conjonction_mars,"Mars conjoint au Nœud Nord indique que ton énergie, ta volonté d'action et ton courage sont orientés vers ta mission karmique. Tu es venu agir et te battre pour accomplir le projet de ton Nœud Nord. Ton désir, ton assertivité et ta capacité à initier soutiennent puissamment ton évolution. Cette conjonction donne une force combative pour surmonter les résistances du Nœud Sud et avancer avec détermination. Tu as la capacité de prendre des initiatives audacieuses dans la direction de ton chemin évolutif et de défendre avec passion ta mission."
NOEUD_NORD,aspect,conjonction_jupiter,"Jupiter conjoint au Nœud Nord indique que ta quête de sens, ton optimisme et ta capacité d'expansion sont alignés avec ta mission karmique. Tu es venu grandir et t'élever à travers les qualités de ton Nœud Nord. Ta foi, ta générosité et ta vision positive de la vie soutiennent ton évolution. Cette conjonction très favorable suggère que tu auras des opportunités naturelles et une certaine chance dans l'accomplissement de ton chemin. L'enseignement, la philosophie, les voyages ou la spiritualité liés à ton Nœud Nord peuvent être importants dans ta mission."
NOEUD_NORD,aspect,conjonction_saturne,"Saturne conjoint au Nœud Nord indique que ta mission karmique demande discipline, patience et maturité. Tu es venu construire solidement et durablement dans le domaine de ton Nœud Nord. Cette conjonction apporte des responsabilités et des défis liés à ton chemin évolutif, mais aussi la capacité de persévérer malgré les obstacles. Le chemin vers ton Nœud Nord peut être plus lent mais plus structuré. Saturne enseigne la maîtrise progressive des qualités de ton Nœud Nord à travers l'effort, le temps et l'expérience. L'accomplissement de ta mission apporte sagesse et autorité véritable."
NOEUD_NORD,aspect,conjonction_uranus,"Uranus conjoint au Nœud Nord indique que ta mission karmique passe par la libération, l'innovation et l'originalité. Tu es venu briser les schémas anciens et apporter du nouveau dans le domaine de ton Nœud Nord. Cette conjonction apporte une énergie révolutionnaire à ton chemin évolutif et suggère que tu dois embrasser ta différence et ton indépendance pour accomplir ta mission. Des changements soudains et des révélations peuvent jalonner ton parcours. Tu as un rôle de précurseur dans les qualités de ton Nœud Nord, apportant des idées nouvelles et une vision avant-gardiste."
NOEUD_NORD,aspect,conjonction_neptune,"Neptune conjoint au Nœud Nord indique que ta mission karmique passe par la spiritualité, la compassion et la transcendance. Tu es venu dissoudre les frontières et t'ouvrir à l'invisible dans le domaine de ton Nœud Nord. Cette conjonction apporte une dimension mystique et inspirée à ton chemin évolutif. L'intuition, l'art, la méditation ou le service désintéressé liés aux qualités de ton Nœud Nord sont importants. Le défi est de ne pas te perdre dans le flou ou l'illusion, mais d'utiliser ta sensibilité et ton ouverture spirituelle pour accomplir concrètement ta mission."
NOEUD_NORD,aspect,conjonction_pluton,"Pluton conjoint au Nœud Nord indique que ta mission karmique passe par la transformation profonde, la confrontation aux profondeurs et la renaissance. Tu es venu mourir et renaître à travers les qualités de ton Nœud Nord. Cette conjonction apporte une intensité puissante à ton chemin évolutif et suggère que tu dois traverser des crises transformatrices pour accomplir ta mission. Le pouvoir personnel, la psychologie des profondeurs, ou la guérison des blessures profondes liés à ton Nœud Nord sont importants. Tu as un potentiel de métamorphose radicale en embrassant ton projet d'évolution."
NOEUD_SUD,aspect,conjonction_soleil,"Le Soleil conjoint au Nœud Sud indique que ton identité profonde et ton ego sont fortement attachés aux patterns karmiques anciens. Tu as tendance à rayonner naturellement dans les qualités du Nœud Sud car c'est là que tu te sens le plus toi-même et reconnu. Cette conjonction rend plus difficile l'évolution vers le Nœud Nord car ton sens de qui tu es est enraciné dans le passé. Le défi est de ne pas rester enfermé dans une identité héritée des vies antérieures, mais d'avoir le courage de redéfinir qui tu es en allant vers ton Nœud Nord, même si cela demande de renoncer à une certaine reconnaissance."
NOEUD_SUD,aspect,conjonction_lune,"La Lune conjointe au Nœud Sud n'est pas toujours un point facile car le Nœud Sud est un point de purification et de détachement. Tu portes des mémoires traumatiques en lien avec les enfants, la famille, la mère ou le foyer. En début de vie, il y a souvent un fort lien avec la mère et la famille qui peut être marqué par un rapport conflictuel ou difficile. Cette conjonction peut indiquer un éloignement nécessaire avec la famille ou la mère pour évoluer, ou une obsession d'avoir un enfant liée à des mémoires anciennes. Le détachement karmique concerne les émotions, les liens affectifs et tout ce qui touche à la sphère lunaire comme la nourriture ou le foyer. Tu peux rencontrer des femmes très importantes sur ton chemin qui sont là pour t'apprendre quelque chose dans la joie ou la douleur, mais la vie finira par t'en éloigner car c'est une leçon karmique à intégrer avant de passer à autre chose. Le défi est de comprendre que ta vraie sécurité intérieure passe par l'acceptation de ce détachement émotionnel et familial pour évoluer vers ton Nœud Nord. "
NOEUD_SUD,aspect,conjonction_mercure,"Mercure conjoint au Nœud Sud indique que ton mode de pensée, de communication et d'apprentissage est fortement conditionné par les patterns karmiques anciens. Tu as une facilité intellectuelle naturelle dans les domaines du Nœud Sud et tu as tendance à revenir mentalement vers ces territoires familiers. Cette conjonction peut créer une répétition des mêmes schémas de pensée hérités du passé. Le défi est de ne pas rester prisonnier d'une vision mentale limitée par tes vies antérieures, mais d'ouvrir ton esprit et ta communication aux nouvelles perspectives du Nœud Nord."
NOEUD_SUD,aspect,conjonction_venus,"Vénus conjointe au Nœud Sud indique que tes valeurs, tes plaisirs et ton mode relationnel sont profondément ancrés dans les patterns karmiques anciens. Tu trouves naturellement du plaisir et de l'harmonie dans les qualités du Nœud Sud et tu as tendance à attirer des situations qui renforcent ces patterns. Cette conjonction peut créer une répétition des mêmes types de relations ou des mêmes choix esthétiques hérités du passé. Le défi est de ne pas chercher uniquement le confort et le plaisir dans ce que tu connais déjà, mais d'avoir le courage d'aimer et de valoriser différemment en allant vers ton Nœud Nord."
NOEUD_SUD,aspect,conjonction_mars,"Mars conjoint au Nœud Sud indique que ton énergie, tes désirs et ta combativité sont orientés instinctivement vers les patterns karmiques anciens. Tu as une force d'action naturelle dans les domaines du Nœud Sud et tu peux te battre avec véhémence pour défendre ces territoires familiers. Cette conjonction peut créer une agressivité ou une résistance face à l'évolution vers le Nœud Nord. Le défi est de ne pas gaspiller ton énergie à répéter les mêmes combats du passé, mais de réorienter ton courage et ta volonté vers l'accomplissement de ta mission évolutive."
NOEUD_SUD,aspect,conjonction_jupiter,"Jupiter conjoint au Nœud Sud indique que tu as une grande facilité, une expansion naturelle et possiblement un excès dans les domaines du Nœud Sud. Tu as acquis une sagesse et des talents importants dans ces domaines lors de vies antérieures. Cette conjonction peut créer un sentiment de supériorité ou une complaisance excessive dans ces qualités familières, te donnant l'impression que tu n'as pas besoin d'évoluer. Le défi est de reconnaître que malgré ta maîtrise dans ces domaines, ton évolution passe par l'humilité d'apprendre les qualités opposées du Nœud Nord."
NOEUD_SUD,aspect,conjonction_saturne,"Saturne conjoint au Nœud Sud indique que tu portes des limitations, des peurs et des responsabilités karmiques liées aux patterns anciens. Tu peux te sentir prisonnier ou bloqué dans les qualités du Nœud Sud par un sentiment de devoir ou de culpabilité hérité du passé. Cette conjonction peut créer une rigidité importante et une difficulté à lâcher les structures anciennes. Le défi est de comprendre que les limitations du Nœud Sud ne sont plus nécessaires dans cette vie et que tu as la permission de te libérer de ces fardeaux karmiques pour évoluer vers ton Nœud Nord."
NOEUD_SUD,aspect,conjonction_uranus,"Uranus conjoint au Nœud Sud indique que tu portes une énergie rebelle, originale ou chaotique liée aux patterns karmiques anciens. Tu peux avoir vécu des ruptures brutales ou des révolutions dans ces domaines lors de vies antérieures. Cette conjonction peut créer une instabilité chronique ou une répétition de schémas de libération suivis de nouveaux attachements dans les qualités du Nœud Sud. Le défi est de ne pas utiliser ton originalité ou ton indépendance pour justifier le maintien des patterns anciens, mais de diriger ton énergie révolutionnaire vers l'accomplissement de ton Nœud Nord."
NOEUD_SUD,aspect,conjonction_neptune,"Neptune conjoint au Nœud Sud indique que tu portes une confusion, une illusion ou une dimension spirituelle non résolue liée aux patterns karmiques anciens. Tu peux avoir du mal à voir clairement les qualités du Nœud Sud et te perdre dans des fantasmes ou des idéalisations de ces patterns familiers. Cette conjonction peut créer une difficulté à lâcher prise sur des attachements spirituels ou émotionnels hérités du passé. Le défi est de dissoudre les illusions qui t'empêchent d'évoluer et d'utiliser ta sensibilité spirituelle pour te guider vers ton Nœud Nord plutôt que pour te maintenir dans le passé."
NOEUD_SUD,aspect,conjonction_pluton,"Pluton conjoint au Nœud Sud indique que tu portes des attachements obsessionnels, des dynamiques de pouvoir ou des traumas profonds liés aux patterns karmiques anciens. Tu peux avoir vécu des expériences intenses de mort, de transformation ou de manipulation dans ces domaines lors de vies antérieures. Cette conjonction peut créer des compulsions puissantes et une difficulté extrême à lâcher les qualités du Nœud Sud. Le défi est de traverser une mort symbolique de ces patterns anciens, d'accepter la perte et le vide temporaire, pour renaître pleinement dans ton Nœud Nord à travers une transformation radicale."
NOEUD_NORD,aspect,carre_lune,"Le carré de la Lune orchestre des crises domestiques ou des conflits majeurs avec la figure maternelle qui agissent comme des points de rupture nécessaires à l'autonomie. Un événement familial soudain, un changement de lieu de vie forcé ou une rupture affective brutale sert de point de bascule entre le passé (Nœud Sud) et l'avenir (Nœud Nord). Ces crises émotionnelles intenses ne sont pas gratuites ; elles obligent l'individu à quitter ses réflexes de dépendance pour s'aligner sur ses besoins réels. La mère peut jouer un rôle déstabilisateur ou castrateur, forçant l'enfant devenu adulte à affirmer sa propre structure émotionnelle. En résolvant cette tension entre le besoin de sécurité et l'appel de l'indépendance, l'individu transmute ses blessures d'enfance en une force de maturation. Le carré devient le pont alchimique par lequel l'âme se libère de ses chaînes matricielles pour embrasser pleinement son destin singulier."
NOEUD_NORD,aspect,carre_soleil,"Le carré du Soleil crée une tension permanente entre l'identité profonde et les exigences du destin. Cette dynamique est souvent médiée par des figures masculines provocatrices ou des crises d'autorité majeures. Karmiquement, cela peut signaler des ""rencontres criminelles"" ou des confrontations violentes avec des hommes qui marquent le destin de façon indélébile. Ces crises d'ego ne sont pas des obstacles, mais les moteurs mêmes de l'évolution : elles forcent l'individu à se positionner radicalement et à forger sa volonté dans le feu de l'épreuve. C'est souvent par une confrontation avec un mari, un père ou un patron tyrannique que la personne trouve la force de basculer vers son Nœud Nord. Le carré demande de purifier l'identité de ses scories pour n'en garder que la quintessence. En résolvant cette tension entre affirmation et destin, l'individu accède à une conscience solaire équilibrée, capable de diriger sa vie avec sagesse et intégrité."
NOEUD_NORD,aspect,carre_mercure,"Le carré mercurien manifeste des crises de communication et des malentendus systématiques qui agissent comme des déclencheurs évolutifs. Des trahisons amicales, des échecs dans les transactions ou des ruptures brutales avec la fratrie forcent l'individu à remettre en question sa structure mentale. Ces moments de tension sont des ponts indispensables : c'est souvent à la suite d'un voyage imprévu, d'une rencontre fortuite lors d'un déplacement ou d'un apprentissage technique forcé que la personne trouve le point de bascule vers son Nœud Nord. Le carré indique que le mental doit être ""cassé"" pour être reconstruit de manière plus alignée. La crise intellectuelle ou relationnelle n'est pas un détour, mais le chemin lui-même, obligeant l'individu à épurer ses croyances limitantes et ses modes d'interaction superficiels pour accéder à une compréhension plus holistique de sa trajectoire de vie.
"
NOEUD_NORD,aspect,carre_venus,"Cette configuration orchestre des points de bascule à travers des crises sentimentales ou financières intenses. Une rupture amoureuse dévastatrice ou une perte radicale de ressources financières sert de catalyseur pour forcer l'individu à redéfinir ses valeurs profondes. Ces épreuves ne sont pas des fatalités, mais des révélateurs de ce qui est réellement précieux pour l'âme. Souvent, une femme influente, une rivale ou une maîtresse apparaît dans le destin pour perturber l'équilibre apparent et forcer une remise en question de la trajectoire globale. Le carré crée une tension entre le désir de confort et l'appel de l'évolution, transformant la souffrance affective en un levier de transformation identitaire. C'est en résolvant cette tension entre attachement et liberté que l'individu trouve le pont vers son Nœud Nord, apprenant que l'amour et l'abondance véritables ne peuvent s'épanouir que sur un terrain de vérité intérieure."
NOEUD_NORD,aspect,carre_mars,"Le carré de Mars signale une crise majeure d'action ou de violence qui servira de pivot existentiel. L'individu traverse souvent un événement brutal — un accident soudain, une agression ou une confrontation avec un ennemi — qui agit comme un ""pont"" vers sa nouvelle direction de vie,. Cette tension force une réorientation radicale : c'est souvent dans l'urgence, la survie ou la douleur que la personne trouve la motivation pour s'aligner vers son Nœud Nord. Ce placement demande une grande prudence, car il peut exacerber des tendances autodestructrices ou impulsives (risques suicidaires ou prise de risque inconsidérée),. L'épreuve martiale n'est pas gratuite ; elle est le catalyseur nécessaire pour briser l'inertie et forcer l'âme à reprendre le pouvoir sur son destin"
NOEUD_NORD,aspect,carre_jupiter,"Le carré de Jupiter à l'axe nodal crée une tension aiguë entre le désir d'expansion et les risques d'excès pathologiques. L'individu peut être confronté à des crises liées à l'arrogance, au gaspillage ou à une tendance à se croire au-dessus des lois humaines. Ces crises ne sont pas des punitions, mais des ""ponts"" alchimiques : elles forcent un réalignement par la tension. Souvent, c'est par le biais d'un conflit judiciaire, d'un scandale public ou d'une crise de foi profonde que l'individu est contraint de choisir une nouvelle direction. Le revers de la médaille — une condamnation, une faillite due à l'excès de confiance — devient le tremplin nécessaire pour basculer du Nœud Sud au Nœud Nord. La leçon de sagesse réside dans la modération et la compréhension que la véritable loi n'est pas seulement sociale, mais éthique et spirituelle. En résolvant ces tensions, la personne transmute son besoin d'inflation égotique en une force de propulsion vers sa mission d'âme, utilisant la crise comme un catalyseur de restructuration radicale."
NOEUD_NORD,aspect,carre_saturne,"Le carré de Saturne se manifeste par une sensation de blocage permanent ou de retard systématique, agissant comme un outil d'introspection forcée. L'individu se sent souvent stoppé dans ses élans par des figures d'autorité (père, patron) ou des contraintes matérielles insurmontables. Ces phases de solitude et de frustration ne sont pas des impasses, mais des temps de maturation nécessaires. Le carré sert de pont : c'est en acceptant la confrontation avec ses propres limites et en purifiant son karma trans-générationnel que la personne peut basculer vers son Nœud Nord. Une épreuve de santé ou un échec professionnel majeur peut agir comme la ""claque"" nécessaire pour restructurer totalement son existence. La solitude saturnienne devient alors un espace sacré de réflexion où l'individu apprend à construire sur des bases plus saines, transformant la rigidité du passé en une stabilité flexible capable de soutenir son évolution future."
NOEUD_NORD,aspect,carre_uranus,"Des événements brusques — accidents de parcours, séparations soudaines ou révélations foudroyantes — servent de catalyseurs pour briser les structures limitantes. Le carré uranien agit comme un éclair qui re-paramètre le destin en un instant. Ces chocs, bien que déstabilisants, sont des points de bascule essentiels qui forcent l'individu à s'adapter à l'imprévu et à l'impermanence. La tension entre le passé et le futur est résolue par une rupture radicale avec les certitudes anciennes. C'est souvent à la suite d'un ""burn-out"" ou d'un changement de cap imprévisible que la personne se retrouve enfin sur son axe évolutif. L'individu apprend ici la leçon de l'accueil de l'inconnu, comprenant que la sécurité véritable réside dans sa capacité à se renouveler et à embrasser le changement comme l'unique constante de l'existence."
NOEUD_NORD,aspect,carre_neptune,"Le carré de Neptune crée des désillusions majeures qui servent de pont spirituel vers la conscience pure. Des trahisons amicales, des erreurs médicales graves ou des faillites financières forcent l'individu à lâcher ses derniers attachements matériels ou égotiques. Ces épreuves dissolvent les résistances psychiques et obligent à passer de la survie à la transcendance. C'est souvent par une ""crise de foi"" ou une période d'exil intérieur que la personne trouve le tremplin nécessaire pour basculer vers son Nœud Nord. Le carré demande d'intégrer la dimension de l'âme dans chaque acte, apprenant que la souffrance apparente est une initiation au pardon et au lâcher-prise. En résolvant cette tension entre illusion et vérité, l'individu accède à une inspiration supérieure, capable de transformer sa propre douleur en une œuvre de compassion universelle."
NOEUD_NORD,aspect,carre_pluton,"Le carré de Pluton manifeste des crises de pouvoir et des points de basculement extrêmes qui forcent une renaissance totale. L'individu peut être confronté à des événements violents — pertes radicales, confrontations à la mort réelle ou symbolique — qui le poussent dans ses derniers retranchements. Ces moments de ""fond du trou"" sont les graines d'une nouvelle existence. Le carré agit comme une mort nécessaire de l'ancien moi pour que la puissance intérieure se déploie enfin sans entrave. C'est souvent par une épreuve de survie ou une transformation psychologique profonde que la personne trouve son axe évolutif. L'individu apprend ici que sa plus grande force réside dans sa capacité à se désintégrer pour mieux se reconstruire. En résolvant cette tension entre destruction et création, il devient un maître de la métamorphose, capable de guider les autres à travers leurs propres ombres grâce à sa propre expérience de la régénération."
NOEUD_NORD,maître,soleil,"Quand le Soleil gouverne ton Nœud Nord, ta mission évolutive passe par l'incarnation totale de ton identité unique. Tu es ici pour rayonner, créer, diriger - non par ego, mais par alignement à ta nature profonde. Chaque acte d'affirmation authentique devient un pas vers ton destin. Le défi : sortir de l'ombre collective, des rôles sociaux, des attentes du groupe pour oser briller seul(e). Ta lumière personnelle EST le chemin. Ton épanouissement individuel n'est pas égoïste, c'est ton devoir karmique. Quand tu oses être pleinement toi, tu libères les autres de leurs propres chaînes."
NOEUD_NORD,maître,lune,"Avec la Lune comme maîtresse de ton Nœud Nord, ton évolution passe par la réconciliation avec ton monde émotionnel et tes besoins fondamentaux. Tu es ici pour apprendre à nourrir, accueillir, ressentir sans filtre mental. Le défi : quitter l'hyper-contrôle, l'ambition froide ou l'autorité rigide pour t'ouvrir à ta vulnérabilité. Ton intuition, tes cycles, ton foyer intérieur deviennent ta boussole évolutive. C'est en honorant tes racines, en créant de la sécurité émotionnelle pour toi et les autres que tu actives ton potentiel. La sensibilité n'est pas une faiblesse, c'est ton super-pouvoir karmique."
NOEUD_NORD,maître,mercure,"Quand Mercure gouverne ton Nœud Nord, ta mission passe par l'apprentissage perpétuel, la communication et la connexion intellectuelle. Tu es ici pour apprendre, transmettre, échanger, multiplier les perspectives. Le défi : sortir de la certitude dogmatique, de la quête d'absolu ou de l'isolement philosophique pour accepter la diversité du réel. Ton évolution se fait par la curiosité, les rencontres, la lecture, l'écriture. Chaque conversation, chaque livre, chaque nouvel apprentissage t'élève. Ta mission est d'être un pont, un messager, un éternel étudiant de la vie qui partage ce qu'il découvre."
NOEUD_NORD,maître,venus,"Avec Vénus comme maîtresse de ton Nœud Nord, ton chemin évolutif passe par l'amour, la beauté, l'harmonie et la valeur personnelle. Tu es ici pour apprendre à recevoir, à créer du beau, à cultiver des relations équilibrées. Le défi : quitter la guerre intérieure, l'autonomie rigide ou la survie solitaire pour t'ouvrir au plaisir d'exister et à l'interdépendance. Ton épanouissement passe par l'art, l'esthétique, la douceur, la diplomatie. C'est en développant ton sens des valeurs, ton goût, ta capacité à aimer et être aimé(e) que tu réalises ton potentiel. La paix et la beauté ne sont pas superficielles, elles sont ton enseignement karmique."
NOEUD_NORD,maître,mars,"Quand Mars gouverne ton Nœud Nord, ta mission évolutive passe par l'action, le courage et l'affirmation de ta volonté. Tu es ici pour apprendre à te battre pour toi, à initier, à conquérir ton territoire. Le défi : sortir de la passivité, de la dépendance ou de la diplomatie excessive pour oser le conflit constructif et l'indépendance. Ton évolution se fait par l'audace, la prise de risque, l'affirmation directe. Chaque acte de courage, chaque ""non"" posé, chaque initiative lancée t'élève vers ton destin. Ta colère saine, ton désir, ta force brute sont des outils sacrés. Tu n'es pas ici pour la paix, mais pour la conquête de toi-même."
NOEUD_NORD,maître,jupiter,"Avec Jupiter comme maître de ton Nœud Nord, ton chemin évolutif passe par l'expansion, la foi et la quête de sens. Tu es ici pour apprendre à voir grand, à croire en la vie, à explorer au-delà de ton connu. Le défi : quitter l'anxiété mentale, les détails obsessionnels ou le contrôle micro-gestionnaire pour t'ouvrir à la confiance cosmique. Ton épanouissement passe par les voyages (intérieurs ou extérieurs), l'enseignement, la philosophie, la spiritualité. C'est en osant l'inconnu, en suivant ta foi intérieure que tu actives ton potentiel. L'optimisme n'est pas naïveté, c'est ta mission d'âme."
NOEUD_NORD,maître,saturne,"Quand Saturne gouverne ton Nœud Nord, ta mission évolutive passe par la structure, la responsabilité et la maîtrise. Tu es ici pour apprendre la discipline, construire du durable, assumer ton autorité légitime. Le défi : sortir de la fusion émotionnelle, de la dépendance affective ou du refuge dans le passé pour bâtir ton empire personnel. Ton évolution se fait par l'effort soutenu, l'engagement à long terme, la construction patiente. Chaque limite acceptée, chaque structure créée, chaque responsabilité assumée t'élève. La solitude productive, l'ambition saine, la maturité émotionnelle sont tes outils karmiques. Tu es ici pour devenir l'architecte de ta vie."
NOEUD_NORD,maître,uranus,"Avec Uranus comme maître de ton Nœud Nord, ton chemin évolutif passe par la libération, l'innovation et l'authenticité radicale. Tu es ici pour apprendre à casser les codes, à te détacher, à embrasser ton étrangeté. Le défi : sortir du besoin d'approbation, du conformisme créatif ou de l'attachement au plaisir personnel pour servir une vision collective révolutionnaire. Ton épanouissement passe par la rupture avec les normes, l'engagement dans des causes, la technologie, l'avant-garde. C'est en osant être différent(e), en acceptant ton inadaptation comme un don que tu réalises ton potentiel. Ta bizarrerie est ta mission."
NOEUD_NORD,maître,neptune,"Quand Neptune gouverne ton Nœud Nord, ta mission évolutive passe par la dissolution, la compassion et la transcendance. Tu es ici pour apprendre à lâcher prise, à pardonner, à t'ouvrir au divin. Le défi : sortir de l'hyper-contrôle mental, de l'analyse excessive ou du service pragmatique pour accepter le mystère et la foi. Ton évolution se fait par la méditation, l'art, la spiritualité, le sacrifice sacré. Chaque acte de pardon, chaque moment de contemplation, chaque ouverture au subtil t'élève. Tes dons psychiques, ta sensibilité extrême, ton besoin de fusion universelle sont des outils karmiques. Tu es ici pour dissoudre les frontières de l'ego."
NOEUD_NORD,maître,pluton,"Avec Pluton comme maître de ton Nœud Nord, ton chemin évolutif passe par la transformation radicale, le pouvoir personnel et la mort-renaissance. Tu es ici pour apprendre à détruire pour recréer, à plonger dans l'ombre, à transmuter la matière première de ton être. Le défi : sortir de la superficialité, de la légèreté sociale ou du détachement intellectuel pour accepter l'intensité, la profondeur, la fusion totale. Ton épanouissement passe par les crises, les pertes, les confrontations à l'abîme. C'est en acceptant de mourir à toi-même encore et encore que tu accèdes à ton pouvoir réel. Ton intensité n'est pas toxique, c'est ton feu alchimique sacré."
NOEUD_SUD,maître,soleil,"Tu arrives dans cette vie avec une maîtrise innée du leadership, de la créativité et du rayonnement personnel. Être au centre, briller, créer, diriger : c'est ton reflexe automatique. Le piège : l'égocentrisme, le besoin constant d'attention, l'incapacité à faire partie d'un collectif sans être la star. Tu peux rester coincé(e) dans le ""moi je"", perdre des opportunités parce que tu refuses de partager la lumière ou de collaborer. Ton évolution demande d'utiliser ta puissance solaire non pour ton ego, mais au service d'une cause collective. Ton rayonnement devient alors un phare qui éclaire le chemin pour tous, pas juste pour toi."
NOEUD_SUD,maître,lune,"Tu es déjà expert(e) en émotions, en nurturance, en création de cocon. L'intimité, la famille, les besoins affectifs : tu connais ce territoire les yeux fermés. Le piège : la dépendance émotionnelle, les humeurs qui dictent ta vie, l'infantilisation de toi ou des autres, l'incapacité à sortir de ton nid douillet. Tu peux rester coincé(e) dans le maternage excessif, les drames familiaux sans fin, la victimisation émotionnelle. Ton évolution demande de transformer cette sensibilité en autorité mature, de créer des structures là où il n'y avait que des flux. Tes dons émotionnels deviennent alors la base d'une ambition saine et d'un leadership responsable."
NOEUD_SUD,maître,mercure,"Tu maîtrises naturellement la communication, l'apprentissage, l'analyse intellectuelle. Les mots, les concepts, la logique : c'est ton terrain de jeu naturel. Le piège : la dispersion mentale, le papillonnage intellectuel, la superficialité, l'incapacité à t'engager dans une vérité profonde. Tu peux rester coincé(e) dans le relativisme mental, les discours sans substance, la collecte d'infos sans intégration réelle. Ton évolution demande de passer de la quantité à la profondeur, du savoir à la sagesse, du discours à la vision. Ton intelligence devient alors le véhicule d'une vérité universelle, pas juste un jeu mental."
NOEUD_SUD,maître,venus,"Tu arrives avec une maîtrise innée de l'harmonie, de la beauté, des relations et du plaisir. Créer du beau, plaire, séduire, équilibrer : c'est ton automatisme. Le piège : la complaisance, la dépendance à l'approbation, l'évitement du conflit, la passivité déguisée en douceur. Tu peux rester coincé(e) dans des relations déséquilibrées, sacrifier ton désir pour maintenir la paix, te perdre dans l'esthétique au détriment de l'authenticité. Ton évolution demande d'utiliser ton sens de l'harmonie pour affirmer tes valeurs avec force, de transformer ta grâce en courage guerrier. Ta beauté devient alors une arme de vérité, pas un masque social."
NOEUD_SUD,maître,mars,"Tu maîtrises naturellement l'action, le combat, l'indépendance et l'affirmation directe. Foncer, conquérir, t'imposer : c'est ton mode par défaut. Le piège : l'impulsivité destructrice, l'égoïsme guerrier, l'incapacité à coopérer, la violence comme réflexe. Tu peux rester coincé(e) dans des batailles inutiles, brûler des ponts par orgueil, confondre force et brutalité. Ton évolution demande de transformer ta force brute en diplomatie consciente, ton combat en négociation élégante. Ton courage devient alors le gardien de l'équilibre, pas juste de ta victoire personnelle."
NOEUD_SUD,maître,jupiter,"Tu arrives avec une foi innée, une vision large et une capacité naturelle à enseigner ou inspirer. Voir grand, croire, philosopher : c'est ton terrain connu. Le piège : l'excès de confiance, le dogmatisme spirituel, la fuite dans l'abstrait, l'irresponsabilité déguisée en optimisme. Tu peux rester coincé(e) dans des croyances non vérifiées, négliger les détails pratiques, prêcher sans incarner. Ton évolution demande d'ancrer ta vision dans le concret, de vérifier tes intuitions par l'analyse, de servir humblement avant d'enseigner. Ta foi devient alors une compétence pratique qui améliore le quotidien, pas juste une belle idée."
NOEUD_SUD,maître,saturne,"Tu maîtrises naturellement la structure, la discipline, le contrôle et la responsabilité. Organiser, construire, maîtriser : c'est ton automatisme. Le piège : la rigidité, le contrôle excessif, la froideur émotionnelle, l'isolement par peur de la vulnérabilité. Tu peux rester coincé(e) dans l'ambition aride, sacrifier l'humain pour l'efficacité, devenir un tyran de toi-même et des autres. Ton évolution demande de dissoudre ces murs, d'accepter ta dépendance émotionnelle, de lâcher le contrôle pour accueillir la vie. Ta maturité devient alors le terreau d'une vulnérabilité consciente, pas une armure."
NOEUD_SUD,maître,uranus,"Tu arrives avec un talent naturel pour la rupture, l'innovation, la liberté radicale. Être différent, rebeller, détacher : c'est ton mode par défaut. Le piège : le détachement pathologique, la rébellion comme identité figée, l'incapacité à t'engager, la froideur émotionnelle sous couvert d'évolution. Tu peux rester coincé(e) dans l'isolement du génie incompris, fuir l'intimité au nom de la liberté, changer pour changer sans but réel. Ton évolution demande d'utiliser ton originalité pour créer de la beauté accessible, d'ancrer ton innovation dans le plaisir partagé. Ta révolution devient alors une célébration de la vie, pas une fuite du sentiment."
NOEUD_SUD,maître,neptune,"Tu maîtrises naturellement la dissolution, la compassion, la sensibilité psychique et la transcendance. Fusionner, imaginer, pardonner : c'est ton territoire connu. Le piège : la confusion chronique, le martyrisme, la fuite dans l'illusion, l'incapacité à poser des limites saines. Tu peux rester coincé(e) dans le sacrifice stérile, les addictions spirituelles, le déni du réel au nom du ""tout est amour"". Ton évolution demande d'ancrer ta spiritualité dans le service concret, de transformer ta compassion en compétence utile, d'accepter l'imperfection du monde. Ta sensibilité devient alors un outil de guérison précis, pas une évasion du réel."
NOEUD_SUD,maître,pluton,"Tu arrives avec une maîtrise innée de la transformation, du pouvoir, de l'intensité et de la profondeur. Mourir-renaître, fusionner, contrôler : c'est ton automatisme. Le piège : la manipulation, l'obsession du pouvoir, l'incapacité à lâcher prise, la lourdeur émotionnelle permanente. Tu peux rester coincé(e) dans des crises sans fin, utiliser ta puissance pour dominer, confondre intensité et profondeur. Ton évolution demande d'alléger ton être, d'accepter la superficialité saine, de circuler librement sans tout transformer en drame. Ta profondeur devient alors une ressource à partager légèrement, pas un gouffre où entraîner les autres."
NOEUD_SUD,maison,1,"Mémoire karmique centrée sur l’affirmation de soi, l’autonomie et la survie personnelle. La personne connaît déjà le réflexe de compter sur elle-même, d’avancer seule, de se défendre ou de prendre toute la place. Le piège consiste à rester enfermée dans une posture d’indépendance excessive, comme si toute dépendance à l’autre était une menace."
NOEUD_SUD,maison,2,"Mémoire karmique liée à la sécurité, à la possession, au corps, à la valeur personnelle et aux ressources matérielles. La personne connaît déjà le besoin de contrôler son territoire, ses acquis ou son confort. Le piège consiste à s’accrocher à ce qui rassure, même quand cela empêche une transformation profonde."
NOEUD_SUD,maison,3,"Mémoire karmique liée au mental, à la parole, à l’entourage proche, aux apprentissages et aux automatismes de pensée. La personne connaît déjà l’analyse, la curiosité, la dispersion ou le besoin de tout comprendre. Le piège consiste à rester dans le commentaire permanent au lieu d’entrer dans une vision plus large."
NOEUD_SUD,maison,4,"Mémoire karmique liée à la famille, aux racines, au foyer, au passé et aux loyautés invisibles. La personne connaît déjà le refuge dans l’intime, l’histoire familiale ou les anciens conditionnements émotionnels. Le piège consiste à rester attachée à une sécurité ancienne, même quand elle limite la construction d’une place plus visible."
NOEUD_SUD,maison,5,"Mémoire karmique liée à l’expression personnelle, au désir d’être reconnu, à la créativité, à l’amour et à la mise en scène de soi. La personne connaît déjà le besoin de briller, de créer ou d’être choisie. Le piège consiste à chercher la validation affective ou personnelle au lieu de contribuer à quelque chose de plus vaste."
NOEUD_SUD,maison,6,"Mémoire karmique liée au travail quotidien, au service, au devoir, au perfectionnement et au contrôle des détails. La personne connaît déjà l’effort, l’utilité, l’adaptation et la charge mentale. Le piège consiste à se réduire à ce qu’elle doit faire, corriger, gérer ou réparer."
NOEUD_SUD,maison,7,"Mémoire karmique liée au couple, aux alliances, au regard de l’autre et à la recherche d’équilibre relationnel. La personne connaît déjà l’art de s’adapter, de composer, de séduire ou de maintenir le lien. Le piège consiste à se définir à travers l’autre, au risque de perdre son axe personnel."
NOEUD_SUD,maison,8,"Mémoire karmique liée aux crises, aux pertes, aux dettes émotionnelles, aux attachements profonds et aux transformations radicales. La personne connaît déjà l’intensité, la fusion, la méfiance ou la survie psychique. Le piège consiste à rester dans des dynamiques de contrôle, de peur ou de dépendance invisible."
NOEUD_SUD,maison,9,"Mémoire karmique liée aux croyances, aux études, aux voyages, aux idéaux, aux dogmes ou à la quête de sens. La personne connaît déjà le besoin d’avoir une vérité, une direction ou une vision supérieure. Le piège consiste à s’accrocher à une certitude plutôt que de revenir à l’expérience concrète."
NOEUD_SUD,maison,10,"Mémoire karmique liée au statut, à la carrière, à l’autorité, à l’ambition et à l’image sociale. La personne connaît déjà le devoir de réussir, de tenir une place ou d’être reconnue publiquement. Le piège consiste à confondre valeur personnelle et performance extérieure."
NOEUD_SUD,maison,11,"Mémoire karmique liée au collectif, aux groupes, aux amitiés, aux causes et aux projets d’avenir. La personne connaît déjà le détachement, l’idéal social ou l’appartenance à une communauté. Le piège consiste à se diluer dans le groupe ou dans une vision abstraite, au lieu d’assumer un désir personnel."
NOEUD_SUD,maison,12,"Mémoire karmique liée à l’inconscient, à l’isolement, aux sacrifices, aux vies intérieures puissantes et aux schémas invisibles. La personne connaît déjà le retrait, la dissolution, la fuite ou la connexion à ce qui dépasse le rationnel. Le piège consiste à disparaître, subir ou se perdre dans l’invisible au lieu d’incarner clairement sa présence."
NOEUDS,croisement,ns_maitre_dans_maison_nn,"Quand le maître du Nœud Sud tombe dans la maison du Nœud Nord, le passé et l'évolution se mélangent fortement. Ce qui semblait être un ancien automatisme devient paradoxalement un levier d'incarnation. La personne ne peut pas simplement abandonner ses anciens fonctionnements : elle doit apprendre à les transformer, les réorienter et les utiliser autrement. Le piège consiste à croire que l'ancien territoire suffit encore ; la clé est de comprendre que ce matériau karmique doit être mis au service d'une direction nouvelle."
NOEUDS,croisement,nn_maitre_dans_maison_ns,"Quand le maître du Nœud Nord tombe dans la maison du Nœud Sud, l'évolution semble ramenée sans cesse vers un ancien décor intérieur. La personne peut sentir que son futur est pris dans les habitudes du passé, comme si la nouveauté devait d'abord traverser une vieille zone de confort avant de devenir réelle. Cette configuration demande de ne pas fuir les répétitions, mais de les lire comme des portes de passage. Le chemin évolutif s'ouvre précisément là où l'ancien réflexe se répète avec le plus d'insistance."
NOEUD_SUD,maitre_retrograde,mercure,"Quand Mercure est maître du Nœud Sud et rétrograde, la mémoire karmique liée à la pensée, la parole, l'apprentissage et la compréhension intérieure est fortement intériorisée. Le passé ne se rejoue pas seulement à travers des événements extérieurs : il fonctionne comme une boucle psychique intime, parfois difficile à nommer. La personne peut revenir plusieurs fois sur les mêmes réactions, les mêmes peurs ou les mêmes attachements avant d'en comprendre la mécanique. Le travail karmique consiste à reconnaître cette répétition sans s'y identifier, puis à extraire de l'ancien réflexe une compétence plus consciente."
NOEUD_NORD,maitre_retrograde,mercure,"Quand Mercure est maître du Nœud Nord et rétrograde, l'évolution liée à la pensée, la parole, l'apprentissage et la compréhension intérieure ne se fait pas en ligne droite. La personne avance par reprises, retours, révisions et intégrations lentes. Il peut y avoir une impression de retard ou de décalage, comme si la direction de vie devait d'abord mûrir intérieurement avant de se manifester clairement. Ce maître rétrograde demande de ne pas forcer l'accomplissement extérieur trop vite : la progression karmique passe par une compréhension profonde, personnelle et patiemment consolidée."
NOEUD_SUD,maitre_retrograde,venus,"Quand Venus est maître du Nœud Sud et rétrograde, la mémoire karmique liée à l'amour, la valeur personnelle, les choix relationnels et le rapport au désir est fortement intériorisée. Le passé ne se rejoue pas seulement à travers des événements extérieurs : il fonctionne comme une boucle psychique intime, parfois difficile à nommer. La personne peut revenir plusieurs fois sur les mêmes réactions, les mêmes peurs ou les mêmes attachements avant d'en comprendre la mécanique. Le travail karmique consiste à reconnaître cette répétition sans s'y identifier, puis à extraire de l'ancien réflexe une compétence plus consciente."
NOEUD_NORD,maitre_retrograde,venus,"Quand Venus est maître du Nœud Nord et rétrograde, l'évolution liée à l'amour, la valeur personnelle, les choix relationnels et le rapport au désir ne se fait pas en ligne droite. La personne avance par reprises, retours, révisions et intégrations lentes. Il peut y avoir une impression de retard ou de décalage, comme si la direction de vie devait d'abord mûrir intérieurement avant de se manifester clairement. Ce maître rétrograde demande de ne pas forcer l'accomplissement extérieur trop vite : la progression karmique passe par une compréhension profonde, personnelle et patiemment consolidée."
NOEUD_SUD,maitre_retrograde,mars,"Quand Mars est maître du Nœud Sud et rétrograde, la mémoire karmique liée à l'action, la colère, la volonté et l'affirmation personnelle est fortement intériorisée. Le passé ne se rejoue pas seulement à travers des événements extérieurs : il fonctionne comme une boucle psychique intime, parfois difficile à nommer. La personne peut revenir plusieurs fois sur les mêmes réactions, les mêmes peurs ou les mêmes attachements avant d'en comprendre la mécanique. Le travail karmique consiste à reconnaître cette répétition sans s'y identifier, puis à extraire de l'ancien réflexe une compétence plus consciente."
NOEUD_NORD,maitre_retrograde,mars,"Quand Mars est maître du Nœud Nord et rétrograde, l'évolution liée à l'action, la colère, la volonté et l'affirmation personnelle ne se fait pas en ligne droite. La personne avance par reprises, retours, révisions et intégrations lentes. Il peut y avoir une impression de retard ou de décalage, comme si la direction de vie devait d'abord mûrir intérieurement avant de se manifester clairement. Ce maître rétrograde demande de ne pas forcer l'accomplissement extérieur trop vite : la progression karmique passe par une compréhension profonde, personnelle et patiemment consolidée."
NOEUD_SUD,maitre_retrograde,jupiter,"Quand Jupiter est maître du Nœud Sud et rétrograde, la mémoire karmique liée à la foi, l'expansion, les croyances et la quête de sens est fortement intériorisée. Le passé ne se rejoue pas seulement à travers des événements extérieurs : il fonctionne comme une boucle psychique intime, parfois difficile à nommer. La personne peut revenir plusieurs fois sur les mêmes réactions, les mêmes peurs ou les mêmes attachements avant d'en comprendre la mécanique. Le travail karmique consiste à reconnaître cette répétition sans s'y identifier, puis à extraire de l'ancien réflexe une compétence plus consciente."
NOEUD_NORD,maitre_retrograde,jupiter,"Quand Jupiter est maître du Nœud Nord et rétrograde, l'évolution liée à la foi, l'expansion, les croyances et la quête de sens ne se fait pas en ligne droite. La personne avance par reprises, retours, révisions et intégrations lentes. Il peut y avoir une impression de retard ou de décalage, comme si la direction de vie devait d'abord mûrir intérieurement avant de se manifester clairement. Ce maître rétrograde demande de ne pas forcer l'accomplissement extérieur trop vite : la progression karmique passe par une compréhension profonde, personnelle et patiemment consolidée."
NOEUD_SUD,maitre_retrograde,saturne,"Quand Saturne est maître du Nœud Sud et rétrograde, la mémoire karmique liée à la structure, la peur, le temps, la responsabilité et les limites est fortement intériorisée. Le passé ne se rejoue pas seulement à travers des événements extérieurs : il fonctionne comme une boucle psychique intime, parfois difficile à nommer. La personne peut revenir plusieurs fois sur les mêmes réactions, les mêmes peurs ou les mêmes attachements avant d'en comprendre la mécanique. Le travail karmique consiste à reconnaître cette répétition sans s'y identifier, puis à extraire de l'ancien réflexe une compétence plus consciente."
NOEUD_NORD,maitre_retrograde,saturne,"Quand Saturne est maître du Nœud Nord et rétrograde, l'évolution liée à la structure, la peur, le temps, la responsabilité et les limites ne se fait pas en ligne droite. La personne avance par reprises, retours, révisions et intégrations lentes. Il peut y avoir une impression de retard ou de décalage, comme si la direction de vie devait d'abord mûrir intérieurement avant de se manifester clairement. Ce maître rétrograde demande de ne pas forcer l'accomplissement extérieur trop vite : la progression karmique passe par une compréhension profonde, personnelle et patiemment consolidée."
NOEUD_SUD,maitre_retrograde,uranus,"Quand Uranus est maître du Nœud Sud et rétrograde, la mémoire karmique liée à la liberté, la rupture, l'individuation et le refus des normes est fortement intériorisée. Le passé ne se rejoue pas seulement à travers des événements extérieurs : il fonctionne comme une boucle psychique intime, parfois difficile à nommer. La personne peut revenir plusieurs fois sur les mêmes réactions, les mêmes peurs ou les mêmes attachements avant d'en comprendre la mécanique. Le travail karmique consiste à reconnaître cette répétition sans s'y identifier, puis à extraire de l'ancien réflexe une compétence plus consciente."
NOEUD_NORD,maitre_retrograde,uranus,"Quand Uranus est maître du Nœud Nord et rétrograde, l'évolution liée à la liberté, la rupture, l'individuation et le refus des normes ne se fait pas en ligne droite. La personne avance par reprises, retours, révisions et intégrations lentes. Il peut y avoir une impression de retard ou de décalage, comme si la direction de vie devait d'abord mûrir intérieurement avant de se manifester clairement. Ce maître rétrograde demande de ne pas forcer l'accomplissement extérieur trop vite : la progression karmique passe par une compréhension profonde, personnelle et patiemment consolidée."
NOEUD_SUD,maitre_retrograde,neptune,"Quand Neptune est maître du Nœud Sud et rétrograde, la mémoire karmique liée à la foi, la dissolution, la confusion, l'idéal et la compassion est fortement intériorisée. Le passé ne se rejoue pas seulement à travers des événements extérieurs : il fonctionne comme une boucle psychique intime, parfois difficile à nommer. La personne peut revenir plusieurs fois sur les mêmes réactions, les mêmes peurs ou les mêmes attachements avant d'en comprendre la mécanique. Le travail karmique consiste à reconnaître cette répétition sans s'y identifier, puis à extraire de l'ancien réflexe une compétence plus consciente."
NOEUD_NORD,maitre_retrograde,neptune,"Quand Neptune est maître du Nœud Nord et rétrograde, l'évolution liée à la foi, la dissolution, la confusion, l'idéal et la compassion ne se fait pas en ligne droite. La personne avance par reprises, retours, révisions et intégrations lentes. Il peut y avoir une impression de retard ou de décalage, comme si la direction de vie devait d'abord mûrir intérieurement avant de se manifester clairement. Ce maître rétrograde demande de ne pas forcer l'accomplissement extérieur trop vite : la progression karmique passe par une compréhension profonde, personnelle et patiemment consolidée."
NOEUD_SUD,maitre_retrograde,pluton,"Quand Pluton est maître du Nœud Sud et rétrograde, la mémoire karmique liée à le pouvoir, la transformation, les attachements profonds et la survie psychique est fortement intériorisée. Le passé ne se rejoue pas seulement à travers des événements extérieurs : il fonctionne comme une boucle psychique intime, parfois difficile à nommer. La personne peut revenir plusieurs fois sur les mêmes réactions, les mêmes peurs ou les mêmes attachements avant d'en comprendre la mécanique. Le travail karmique consiste à reconnaître cette répétition sans s'y identifier, puis à extraire de l'ancien réflexe une compétence plus consciente."
NOEUD_NORD,maitre_retrograde,pluton,"Quand Pluton est maître du Nœud Nord et rétrograde, l'évolution liée à le pouvoir, la transformation, les attachements profonds et la survie psychique ne se fait pas en ligne droite. La personne avance par reprises, retours, révisions et intégrations lentes. Il peut y avoir une impression de retard ou de décalage, comme si la direction de vie devait d'abord mûrir intérieurement avant de se manifester clairement. Ce maître rétrograde demande de ne pas forcer l'accomplissement extérieur trop vite : la progression karmique passe par une compréhension profonde, personnelle et patiemment consolidée."
NOEUD_NORD,aspect,conjonction_chiron,"Chiron conjoint au Nœud Nord indique que la direction évolutive passe par une zone de blessure, de refus ou d'hypersensibilité qui ne peut plus être contournée. La personne est appelée à faire de ce point sensible un lieu de lucidité et de puissance intérieure. Ce n'est pas un chemin confortable : l'évolution oblige à traverser ce qui dérange, ce qui expose, ce qui oblige à sortir des vieux mécanismes de protection. Mais c'est précisément là que se trouve une forme de guérison active et d'autorité personnelle."
NOEUD_SUD,aspect,conjonction_chiron,"Chiron conjoint au Nœud Sud signale une mémoire karmique fortement attachée à une blessure, une exclusion, un refus ou une zone psychique difficile à intégrer. La personne connaît déjà ce territoire : elle peut y retourner par automatisme, parfois avec une forme de fascination ou de crispation. Le défi n'est pas de nier cette marque ancienne, mais de cesser d'en faire une identité. L'évolution demande de reconnaître l'empreinte sans lui laisser gouverner toute la trajectoire."
NOEUD_NORD,aspect,carre_chiron,"Chiron en tension majeure avec l'axe nodal montre une zone de blocage qui revient régulièrement comme un point de passage obligatoire. L'évolution ne peut pas se faire en évitant cette blessure, ce refus ou cette intensité intérieure. La personne peut avoir l'impression que quelque chose résiste exactement au moment où elle cherche à avancer. Cette tension agit comme un révélateur : tant que ce point n'est pas regardé avec honnêteté, le mouvement vers le Nœud Nord reste partiel."
NOEUD_SUD,aspect,carre_chiron,"Chiron en tension majeure avec l'axe nodal indique qu'une mémoire ancienne continue d'interférer avec la direction évolutive. Ce point peut créer des réactions disproportionnées, des évitements ou des zones de crispation difficiles à expliquer rationnellement. La personne peut répéter une défense ancienne sans comprendre qu'elle bloque son propre passage. La clé consiste à ne plus subir ce point comme une fatalité, mais à l'utiliser comme un indicateur précis de ce qui demande intégration."
NOEUD_NORD,aspect,conjonction_lune_noire,"la Lune Noire conjoint au Nœud Nord indique que la direction évolutive passe par une zone de blessure, de refus ou d'hypersensibilité qui ne peut plus être contournée. La personne est appelée à faire de ce point sensible un lieu de lucidité et de puissance intérieure. Ce n'est pas un chemin confortable : l'évolution oblige à traverser ce qui dérange, ce qui expose, ce qui oblige à sortir des vieux mécanismes de protection. Mais c'est précisément là que se trouve une forme de guérison active et d'autorité personnelle."
NOEUD_SUD,aspect,conjonction_lune_noire,"la Lune Noire conjoint au Nœud Sud signale une mémoire karmique fortement attachée à une blessure, une exclusion, un refus ou une zone psychique difficile à intégrer. La personne connaît déjà ce territoire : elle peut y retourner par automatisme, parfois avec une forme de fascination ou de crispation. Le défi n'est pas de nier cette marque ancienne, mais de cesser d'en faire une identité. L'évolution demande de reconnaître l'empreinte sans lui laisser gouverner toute la trajectoire."
NOEUD_NORD,aspect,carre_lune_noire,"la Lune Noire en tension majeure avec l'axe nodal montre une zone de blocage qui revient régulièrement comme un point de passage obligatoire. L'évolution ne peut pas se faire en évitant cette blessure, ce refus ou cette intensité intérieure. La personne peut avoir l'impression que quelque chose résiste exactement au moment où elle cherche à avancer. Cette tension agit comme un révélateur : tant que ce point n'est pas regardé avec honnêteté, le mouvement vers le Nœud Nord reste partiel."
NOEUD_SUD,aspect,carre_lune_noire,"la Lune Noire en tension majeure avec l'axe nodal indique qu'une mémoire ancienne continue d'interférer avec la direction évolutive. Ce point peut créer des réactions disproportionnées, des évitements ou des zones de crispation difficiles à expliquer rationnellement. La personne peut répéter une défense ancienne sans comprendre qu'elle bloque son propre passage. La clé consiste à ne plus subir ce point comme une fatalité, mais à l'utiliser comme un indicateur précis de ce qui demande intégration."
MAITRE_NN,aspect,conjonction_soleil,"Le maître du Nœud Nord conjoint à soleil montre que l'évolution est directement liée à l'identité, le rayonnement et la volonté consciente. Cette énergie ne peut pas rester secondaire : elle colore le chemin de croissance et donne une tonalité centrale à la manière d'aller vers le futur. La personne avance lorsqu'elle accepte d'incarner cette fonction consciemment, sans la vivre comme un simple trait de caractère. C'est un levier évolutif majeur, parfois évident, parfois exigeant, mais impossible à contourner."
MAITRE_NS,aspect,conjonction_soleil,"Le maître du Nœud Sud conjoint à soleil renforce fortement les automatismes karmiques liés à l'identité, le rayonnement et la volonté consciente. La personne connaît déjà cette énergie et peut s'y réfugier sans même s'en rendre compte. Ce lien donne une compétence ancienne, mais aussi une tendance à répéter le même scénario. Le travail consiste à récupérer la maîtrise de cette fonction sans la laisser enfermer toute la trajectoire dans le passé."
MAITRE_NN,aspect,carre_soleil,"Le maître du Nœud Nord en tension majeure avec soleil indique que l'évolution se heurte à l'identité, le rayonnement et la volonté consciente. La personne peut avoir l'impression qu'une partie d'elle freine exactement ce qu'elle cherche à construire. Cette tension n'annule pas le chemin : elle l'oblige à devenir plus mature, plus lucide et moins automatique. Le futur se débloque lorsque ce conflit cesse d'être subi et devient un matériau de travail conscient."
MAITRE_NS,aspect,carre_soleil,"Le maître du Nœud Sud en tension majeure avec soleil montre que le passé karmique reste chargé d'un conflit lié à l'identité, le rayonnement et la volonté consciente. Cette tension peut se rejouer sous forme de réactions défensives, de blocages ou de contradictions intérieures. Elle signale un point ancien qui n'a pas été digéré. La personne doit cesser de répondre à cette tension par réflexe et apprendre à transformer ce conflit en conscience."
MAITRE_NN,aspect,opposition_soleil,"Le maître du Nœud Nord en opposition à soleil crée une polarité forte entre l'appel évolutif et l'identité, le rayonnement et la volonté consciente. La personne peut osciller entre deux directions, comme si son futur demandait une négociation permanente avec une force contraire. L'enjeu n'est pas de choisir un camp, mais d'apprendre à tenir la tension sans se diviser. L'évolution passe par l'intégration de ce face-à-face intérieur ou relationnel."
MAITRE_NS,aspect,opposition_soleil,"Le maître du Nœud Sud en opposition à soleil indique une mémoire karmique construite autour d'une polarité non résolue avec l'identité, le rayonnement et la volonté consciente. La personne peut se sentir tirée entre une ancienne habitude et une force qui la met face à ses contradictions. Ce face-à-face réactive souvent des scénarios relationnels ou psychologiques familiers. L'enjeu est de ne plus projeter ce conflit à l'extérieur, mais de l'intégrer comme une vieille dynamique à dépasser."
MAITRE_NN,aspect,trigone_soleil,"Le maître du Nœud Nord en trigone à soleil offre une ressource naturelle pour avancer vers l'évolution. L'identité, le rayonnement et la volonté consciente peut devenir un soutien fluide, presque instinctif, à condition de ne pas tomber dans la facilité passive. Ce lien donne un talent, une ouverture ou une aide intérieure qui permet d'incarner plus facilement la direction du Nœud Nord. La personne gagne à s'appuyer consciemment sur cette force."
MAITRE_NS,aspect,trigone_soleil,"Le maître du Nœud Sud en trigone à soleil signale une facilité ancienne liée à l'identité, le rayonnement et la volonté consciente. Cette ressource peut être précieuse, mais elle peut aussi maintenir la personne dans un territoire trop connu. Le piège est de confondre talent et direction de vie. Cette aisance doit être utilisée comme appui, non comme refuge, afin de soutenir le passage vers le Nœud Nord sans reproduire indéfiniment le passé."
MAITRE_NN,aspect,sextile_soleil,"Le maître du Nœud Nord en sextile à soleil indique une opportunité d'évolution liée à l'identité, le rayonnement et la volonté consciente. Ce n'est pas une facilité automatique : il faut activer ce potentiel par des choix, des rencontres ou des initiatives concrètes. La personne peut progresser en utilisant cette énergie comme un appui souple, discret mais réel. Ce lien fonctionne comme une porte entrouverte : il faut encore décider de l'emprunter."
MAITRE_NS,aspect,sextile_soleil,"Le maître du Nœud Sud en sextile à soleil indique une compétence karmique disponible autour de l'identité, le rayonnement et la volonté consciente. Cette énergie peut aider à comprendre le passé et à en extraire quelque chose d'utile. Mais elle ne doit pas devenir une excuse pour rester dans l'ancien fonctionnement. La personne peut s'en servir comme outil de transition, à condition de l'orienter vers une évolution réelle plutôt que vers la répétition confortable."
MAITRE_NN,aspect,conjonction_lune,"Le maître du Nœud Nord conjoint à lune montre que l'évolution est directement liée à les besoins émotionnels, l'attachement et la sécurité intérieure. Cette énergie ne peut pas rester secondaire : elle colore le chemin de croissance et donne une tonalité centrale à la manière d'aller vers le futur. La personne avance lorsqu'elle accepte d'incarner cette fonction consciemment, sans la vivre comme un simple trait de caractère. C'est un levier évolutif majeur, parfois évident, parfois exigeant, mais impossible à contourner."
MAITRE_NS,aspect,conjonction_lune,"Le maître du Nœud Sud conjoint à lune renforce fortement les automatismes karmiques liés à les besoins émotionnels, l'attachement et la sécurité intérieure. La personne connaît déjà cette énergie et peut s'y réfugier sans même s'en rendre compte. Ce lien donne une compétence ancienne, mais aussi une tendance à répéter le même scénario. Le travail consiste à récupérer la maîtrise de cette fonction sans la laisser enfermer toute la trajectoire dans le passé."
MAITRE_NN,aspect,carre_lune,"Le maître du Nœud Nord en tension majeure avec lune indique que l'évolution se heurte à les besoins émotionnels, l'attachement et la sécurité intérieure. La personne peut avoir l'impression qu'une partie d'elle freine exactement ce qu'elle cherche à construire. Cette tension n'annule pas le chemin : elle l'oblige à devenir plus mature, plus lucide et moins automatique. Le futur se débloque lorsque ce conflit cesse d'être subi et devient un matériau de travail conscient."
MAITRE_NS,aspect,carre_lune,"Le maître du Nœud Sud en tension majeure avec lune montre que le passé karmique reste chargé d'un conflit lié à les besoins émotionnels, l'attachement et la sécurité intérieure. Cette tension peut se rejouer sous forme de réactions défensives, de blocages ou de contradictions intérieures. Elle signale un point ancien qui n'a pas été digéré. La personne doit cesser de répondre à cette tension par réflexe et apprendre à transformer ce conflit en conscience."
MAITRE_NN,aspect,opposition_lune,"Le maître du Nœud Nord en opposition à lune crée une polarité forte entre l'appel évolutif et les besoins émotionnels, l'attachement et la sécurité intérieure. La personne peut osciller entre deux directions, comme si son futur demandait une négociation permanente avec une force contraire. L'enjeu n'est pas de choisir un camp, mais d'apprendre à tenir la tension sans se diviser. L'évolution passe par l'intégration de ce face-à-face intérieur ou relationnel."
MAITRE_NS,aspect,opposition_lune,"Le maître du Nœud Sud en opposition à lune indique une mémoire karmique construite autour d'une polarité non résolue avec les besoins émotionnels, l'attachement et la sécurité intérieure. La personne peut se sentir tirée entre une ancienne habitude et une force qui la met face à ses contradictions. Ce face-à-face réactive souvent des scénarios relationnels ou psychologiques familiers. L'enjeu est de ne plus projeter ce conflit à l'extérieur, mais de l'intégrer comme une vieille dynamique à dépasser."
MAITRE_NN,aspect,trigone_lune,"Le maître du Nœud Nord en trigone à lune offre une ressource naturelle pour avancer vers l'évolution. Les besoins émotionnels, l'attachement et la sécurité intérieure peut devenir un soutien fluide, presque instinctif, à condition de ne pas tomber dans la facilité passive. Ce lien donne un talent, une ouverture ou une aide intérieure qui permet d'incarner plus facilement la direction du Nœud Nord. La personne gagne à s'appuyer consciemment sur cette force."
MAITRE_NS,aspect,trigone_lune,"Le maître du Nœud Sud en trigone à lune signale une facilité ancienne liée à les besoins émotionnels, l'attachement et la sécurité intérieure. Cette ressource peut être précieuse, mais elle peut aussi maintenir la personne dans un territoire trop connu. Le piège est de confondre talent et direction de vie. Cette aisance doit être utilisée comme appui, non comme refuge, afin de soutenir le passage vers le Nœud Nord sans reproduire indéfiniment le passé."
MAITRE_NN,aspect,sextile_lune,"Le maître du Nœud Nord en sextile à lune indique une opportunité d'évolution liée à les besoins émotionnels, l'attachement et la sécurité intérieure. Ce n'est pas une facilité automatique : il faut activer ce potentiel par des choix, des rencontres ou des initiatives concrètes. La personne peut progresser en utilisant cette énergie comme un appui souple, discret mais réel. Ce lien fonctionne comme une porte entrouverte : il faut encore décider de l'emprunter."
MAITRE_NS,aspect,sextile_lune,"Le maître du Nœud Sud en sextile à lune indique une compétence karmique disponible autour de les besoins émotionnels, l'attachement et la sécurité intérieure. Cette énergie peut aider à comprendre le passé et à en extraire quelque chose d'utile. Mais elle ne doit pas devenir une excuse pour rester dans l'ancien fonctionnement. La personne peut s'en servir comme outil de transition, à condition de l'orienter vers une évolution réelle plutôt que vers la répétition confortable."
MAITRE_NN,aspect,conjonction_mercure,"Le maître du Nœud Nord conjoint à mercure montre que l'évolution est directement liée à la pensée, la parole, les apprentissages et la manière de comprendre. Cette énergie ne peut pas rester secondaire : elle colore le chemin de croissance et donne une tonalité centrale à la manière d'aller vers le futur. La personne avance lorsqu'elle accepte d'incarner cette fonction consciemment, sans la vivre comme un simple trait de caractère. C'est un levier évolutif majeur, parfois évident, parfois exigeant, mais impossible à contourner."
MAITRE_NS,aspect,conjonction_mercure,"Le maître du Nœud Sud conjoint à mercure renforce fortement les automatismes karmiques liés à la pensée, la parole, les apprentissages et la manière de comprendre. La personne connaît déjà cette énergie et peut s'y réfugier sans même s'en rendre compte. Ce lien donne une compétence ancienne, mais aussi une tendance à répéter le même scénario. Le travail consiste à récupérer la maîtrise de cette fonction sans la laisser enfermer toute la trajectoire dans le passé."
MAITRE_NN,aspect,carre_mercure,"Le maître du Nœud Nord en tension majeure avec mercure indique que l'évolution se heurte à la pensée, la parole, les apprentissages et la manière de comprendre. La personne peut avoir l'impression qu'une partie d'elle freine exactement ce qu'elle cherche à construire. Cette tension n'annule pas le chemin : elle l'oblige à devenir plus mature, plus lucide et moins automatique. Le futur se débloque lorsque ce conflit cesse d'être subi et devient un matériau de travail conscient."
MAITRE_NS,aspect,carre_mercure,"Le maître du Nœud Sud en tension majeure avec mercure montre que le passé karmique reste chargé d'un conflit lié à la pensée, la parole, les apprentissages et la manière de comprendre. Cette tension peut se rejouer sous forme de réactions défensives, de blocages ou de contradictions intérieures. Elle signale un point ancien qui n'a pas été digéré. La personne doit cesser de répondre à cette tension par réflexe et apprendre à transformer ce conflit en conscience."
MAITRE_NN,aspect,opposition_mercure,"Le maître du Nœud Nord en opposition à mercure crée une polarité forte entre l'appel évolutif et la pensée, la parole, les apprentissages et la manière de comprendre. La personne peut osciller entre deux directions, comme si son futur demandait une négociation permanente avec une force contraire. L'enjeu n'est pas de choisir un camp, mais d'apprendre à tenir la tension sans se diviser. L'évolution passe par l'intégration de ce face-à-face intérieur ou relationnel."
MAITRE_NS,aspect,opposition_mercure,"Le maître du Nœud Sud en opposition à mercure indique une mémoire karmique construite autour d'une polarité non résolue avec la pensée, la parole, les apprentissages et la manière de comprendre. La personne peut se sentir tirée entre une ancienne habitude et une force qui la met face à ses contradictions. Ce face-à-face réactive souvent des scénarios relationnels ou psychologiques familiers. L'enjeu est de ne plus projeter ce conflit à l'extérieur, mais de l'intégrer comme une vieille dynamique à dépasser."
MAITRE_NN,aspect,trigone_mercure,"Le maître du Nœud Nord en trigone à mercure offre une ressource naturelle pour avancer vers l'évolution. La pensée, la parole, les apprentissages et la manière de comprendre peut devenir un soutien fluide, presque instinctif, à condition de ne pas tomber dans la facilité passive. Ce lien donne un talent, une ouverture ou une aide intérieure qui permet d'incarner plus facilement la direction du Nœud Nord. La personne gagne à s'appuyer consciemment sur cette force."
MAITRE_NS,aspect,trigone_mercure,"Le maître du Nœud Sud en trigone à mercure signale une facilité ancienne liée à la pensée, la parole, les apprentissages et la manière de comprendre. Cette ressource peut être précieuse, mais elle peut aussi maintenir la personne dans un territoire trop connu. Le piège est de confondre talent et direction de vie. Cette aisance doit être utilisée comme appui, non comme refuge, afin de soutenir le passage vers le Nœud Nord sans reproduire indéfiniment le passé."
MAITRE_NN,aspect,sextile_mercure,"Le maître du Nœud Nord en sextile à mercure indique une opportunité d'évolution liée à la pensée, la parole, les apprentissages et la manière de comprendre. Ce n'est pas une facilité automatique : il faut activer ce potentiel par des choix, des rencontres ou des initiatives concrètes. La personne peut progresser en utilisant cette énergie comme un appui souple, discret mais réel. Ce lien fonctionne comme une porte entrouverte : il faut encore décider de l'emprunter."
MAITRE_NS,aspect,sextile_mercure,"Le maître du Nœud Sud en sextile à mercure indique une compétence karmique disponible autour de la pensée, la parole, les apprentissages et la manière de comprendre. Cette énergie peut aider à comprendre le passé et à en extraire quelque chose d'utile. Mais elle ne doit pas devenir une excuse pour rester dans l'ancien fonctionnement. La personne peut s'en servir comme outil de transition, à condition de l'orienter vers une évolution réelle plutôt que vers la répétition confortable."
MAITRE_NN,aspect,conjonction_venus,"Le maître du Nœud Nord conjoint à venus montre que l'évolution est directement liée à l'amour, les valeurs, le plaisir, le lien et l'estime personnelle. Cette énergie ne peut pas rester secondaire : elle colore le chemin de croissance et donne une tonalité centrale à la manière d'aller vers le futur. La personne avance lorsqu'elle accepte d'incarner cette fonction consciemment, sans la vivre comme un simple trait de caractère. C'est un levier évolutif majeur, parfois évident, parfois exigeant, mais impossible à contourner."
MAITRE_NS,aspect,conjonction_venus,"Le maître du Nœud Sud conjoint à venus renforce fortement les automatismes karmiques liés à l'amour, les valeurs, le plaisir, le lien et l'estime personnelle. La personne connaît déjà cette énergie et peut s'y réfugier sans même s'en rendre compte. Ce lien donne une compétence ancienne, mais aussi une tendance à répéter le même scénario. Le travail consiste à récupérer la maîtrise de cette fonction sans la laisser enfermer toute la trajectoire dans le passé."
MAITRE_NN,aspect,carre_venus,"Le maître du Nœud Nord en tension majeure avec venus indique que l'évolution se heurte à l'amour, les valeurs, le plaisir, le lien et l'estime personnelle. La personne peut avoir l'impression qu'une partie d'elle freine exactement ce qu'elle cherche à construire. Cette tension n'annule pas le chemin : elle l'oblige à devenir plus mature, plus lucide et moins automatique. Le futur se débloque lorsque ce conflit cesse d'être subi et devient un matériau de travail conscient."
MAITRE_NS,aspect,carre_venus,"Le maître du Nœud Sud en tension majeure avec venus montre que le passé karmique reste chargé d'un conflit lié à l'amour, les valeurs, le plaisir, le lien et l'estime personnelle. Cette tension peut se rejouer sous forme de réactions défensives, de blocages ou de contradictions intérieures. Elle signale un point ancien qui n'a pas été digéré. La personne doit cesser de répondre à cette tension par réflexe et apprendre à transformer ce conflit en conscience."
MAITRE_NN,aspect,opposition_venus,"Le maître du Nœud Nord en opposition à venus crée une polarité forte entre l'appel évolutif et l'amour, les valeurs, le plaisir, le lien et l'estime personnelle. La personne peut osciller entre deux directions, comme si son futur demandait une négociation permanente avec une force contraire. L'enjeu n'est pas de choisir un camp, mais d'apprendre à tenir la tension sans se diviser. L'évolution passe par l'intégration de ce face-à-face intérieur ou relationnel."
MAITRE_NS,aspect,opposition_venus,"Le maître du Nœud Sud en opposition à venus indique une mémoire karmique construite autour d'une polarité non résolue avec l'amour, les valeurs, le plaisir, le lien et l'estime personnelle. La personne peut se sentir tirée entre une ancienne habitude et une force qui la met face à ses contradictions. Ce face-à-face réactive souvent des scénarios relationnels ou psychologiques familiers. L'enjeu est de ne plus projeter ce conflit à l'extérieur, mais de l'intégrer comme une vieille dynamique à dépasser."
MAITRE_NN,aspect,trigone_venus,"Le maître du Nœud Nord en trigone à venus offre une ressource naturelle pour avancer vers l'évolution. L'amour, les valeurs, le plaisir, le lien et l'estime personnelle peut devenir un soutien fluide, presque instinctif, à condition de ne pas tomber dans la facilité passive. Ce lien donne un talent, une ouverture ou une aide intérieure qui permet d'incarner plus facilement la direction du Nœud Nord. La personne gagne à s'appuyer consciemment sur cette force."
MAITRE_NS,aspect,trigone_venus,"Le maître du Nœud Sud en trigone à venus signale une facilité ancienne liée à l'amour, les valeurs, le plaisir, le lien et l'estime personnelle. Cette ressource peut être précieuse, mais elle peut aussi maintenir la personne dans un territoire trop connu. Le piège est de confondre talent et direction de vie. Cette aisance doit être utilisée comme appui, non comme refuge, afin de soutenir le passage vers le Nœud Nord sans reproduire indéfiniment le passé."
MAITRE_NN,aspect,sextile_venus,"Le maître du Nœud Nord en sextile à venus indique une opportunité d'évolution liée à l'amour, les valeurs, le plaisir, le lien et l'estime personnelle. Ce n'est pas une facilité automatique : il faut activer ce potentiel par des choix, des rencontres ou des initiatives concrètes. La personne peut progresser en utilisant cette énergie comme un appui souple, discret mais réel. Ce lien fonctionne comme une porte entrouverte : il faut encore décider de l'emprunter."
MAITRE_NS,aspect,sextile_venus,"Le maître du Nœud Sud en sextile à venus indique une compétence karmique disponible autour de l'amour, les valeurs, le plaisir, le lien et l'estime personnelle. Cette énergie peut aider à comprendre le passé et à en extraire quelque chose d'utile. Mais elle ne doit pas devenir une excuse pour rester dans l'ancien fonctionnement. La personne peut s'en servir comme outil de transition, à condition de l'orienter vers une évolution réelle plutôt que vers la répétition confortable."
MAITRE_NN,aspect,conjonction_mars,"Le maître du Nœud Nord conjoint à mars montre que l'évolution est directement liée à l'action, le désir, la colère, le courage et l'affirmation. Cette énergie ne peut pas rester secondaire : elle colore le chemin de croissance et donne une tonalité centrale à la manière d'aller vers le futur. La personne avance lorsqu'elle accepte d'incarner cette fonction consciemment, sans la vivre comme un simple trait de caractère. C'est un levier évolutif majeur, parfois évident, parfois exigeant, mais impossible à contourner."
MAITRE_NS,aspect,conjonction_mars,"Le maître du Nœud Sud conjoint à mars renforce fortement les automatismes karmiques liés à l'action, le désir, la colère, le courage et l'affirmation. La personne connaît déjà cette énergie et peut s'y réfugier sans même s'en rendre compte. Ce lien donne une compétence ancienne, mais aussi une tendance à répéter le même scénario. Le travail consiste à récupérer la maîtrise de cette fonction sans la laisser enfermer toute la trajectoire dans le passé."
MAITRE_NN,aspect,carre_mars,"Le maître du Nœud Nord en tension majeure avec mars indique que l'évolution se heurte à l'action, le désir, la colère, le courage et l'affirmation. La personne peut avoir l'impression qu'une partie d'elle freine exactement ce qu'elle cherche à construire. Cette tension n'annule pas le chemin : elle l'oblige à devenir plus mature, plus lucide et moins automatique. Le futur se débloque lorsque ce conflit cesse d'être subi et devient un matériau de travail conscient."
MAITRE_NS,aspect,carre_mars,"Le maître du Nœud Sud en tension majeure avec mars montre que le passé karmique reste chargé d'un conflit lié à l'action, le désir, la colère, le courage et l'affirmation. Cette tension peut se rejouer sous forme de réactions défensives, de blocages ou de contradictions intérieures. Elle signale un point ancien qui n'a pas été digéré. La personne doit cesser de répondre à cette tension par réflexe et apprendre à transformer ce conflit en conscience."
MAITRE_NN,aspect,opposition_mars,"Le maître du Nœud Nord en opposition à mars crée une polarité forte entre l'appel évolutif et l'action, le désir, la colère, le courage et l'affirmation. La personne peut osciller entre deux directions, comme si son futur demandait une négociation permanente avec une force contraire. L'enjeu n'est pas de choisir un camp, mais d'apprendre à tenir la tension sans se diviser. L'évolution passe par l'intégration de ce face-à-face intérieur ou relationnel."
MAITRE_NS,aspect,opposition_mars,"Le maître du Nœud Sud en opposition à mars indique une mémoire karmique construite autour d'une polarité non résolue avec l'action, le désir, la colère, le courage et l'affirmation. La personne peut se sentir tirée entre une ancienne habitude et une force qui la met face à ses contradictions. Ce face-à-face réactive souvent des scénarios relationnels ou psychologiques familiers. L'enjeu est de ne plus projeter ce conflit à l'extérieur, mais de l'intégrer comme une vieille dynamique à dépasser."
MAITRE_NN,aspect,trigone_mars,"Le maître du Nœud Nord en trigone à mars offre une ressource naturelle pour avancer vers l'évolution. L'action, le désir, la colère, le courage et l'affirmation peut devenir un soutien fluide, presque instinctif, à condition de ne pas tomber dans la facilité passive. Ce lien donne un talent, une ouverture ou une aide intérieure qui permet d'incarner plus facilement la direction du Nœud Nord. La personne gagne à s'appuyer consciemment sur cette force."
MAITRE_NS,aspect,trigone_mars,"Le maître du Nœud Sud en trigone à mars signale une facilité ancienne liée à l'action, le désir, la colère, le courage et l'affirmation. Cette ressource peut être précieuse, mais elle peut aussi maintenir la personne dans un territoire trop connu. Le piège est de confondre talent et direction de vie. Cette aisance doit être utilisée comme appui, non comme refuge, afin de soutenir le passage vers le Nœud Nord sans reproduire indéfiniment le passé."
MAITRE_NN,aspect,sextile_mars,"Le maître du Nœud Nord en sextile à mars indique une opportunité d'évolution liée à l'action, le désir, la colère, le courage et l'affirmation. Ce n'est pas une facilité automatique : il faut activer ce potentiel par des choix, des rencontres ou des initiatives concrètes. La personne peut progresser en utilisant cette énergie comme un appui souple, discret mais réel. Ce lien fonctionne comme une porte entrouverte : il faut encore décider de l'emprunter."
MAITRE_NS,aspect,sextile_mars,"Le maître du Nœud Sud en sextile à mars indique une compétence karmique disponible autour de l'action, le désir, la colère, le courage et l'affirmation. Cette énergie peut aider à comprendre le passé et à en extraire quelque chose d'utile. Mais elle ne doit pas devenir une excuse pour rester dans l'ancien fonctionnement. La personne peut s'en servir comme outil de transition, à condition de l'orienter vers une évolution réelle plutôt que vers la répétition confortable."
MAITRE_NN,aspect,conjonction_jupiter,"Le maître du Nœud Nord conjoint à jupiter montre que l'évolution est directement liée à la foi, l'expansion, le sens, la confiance et les excès possibles. Cette énergie ne peut pas rester secondaire : elle colore le chemin de croissance et donne une tonalité centrale à la manière d'aller vers le futur. La personne avance lorsqu'elle accepte d'incarner cette fonction consciemment, sans la vivre comme un simple trait de caractère. C'est un levier évolutif majeur, parfois évident, parfois exigeant, mais impossible à contourner."
MAITRE_NS,aspect,conjonction_jupiter,"Le maître du Nœud Sud conjoint à jupiter renforce fortement les automatismes karmiques liés à la foi, l'expansion, le sens, la confiance et les excès possibles. La personne connaît déjà cette énergie et peut s'y réfugier sans même s'en rendre compte. Ce lien donne une compétence ancienne, mais aussi une tendance à répéter le même scénario. Le travail consiste à récupérer la maîtrise de cette fonction sans la laisser enfermer toute la trajectoire dans le passé."
MAITRE_NN,aspect,carre_jupiter,"Le maître du Nœud Nord en tension majeure avec jupiter indique que l'évolution se heurte à la foi, l'expansion, le sens, la confiance et les excès possibles. La personne peut avoir l'impression qu'une partie d'elle freine exactement ce qu'elle cherche à construire. Cette tension n'annule pas le chemin : elle l'oblige à devenir plus mature, plus lucide et moins automatique. Le futur se débloque lorsque ce conflit cesse d'être subi et devient un matériau de travail conscient."
MAITRE_NS,aspect,carre_jupiter,"Le maître du Nœud Sud en tension majeure avec jupiter montre que le passé karmique reste chargé d'un conflit lié à la foi, l'expansion, le sens, la confiance et les excès possibles. Cette tension peut se rejouer sous forme de réactions défensives, de blocages ou de contradictions intérieures. Elle signale un point ancien qui n'a pas été digéré. La personne doit cesser de répondre à cette tension par réflexe et apprendre à transformer ce conflit en conscience."
MAITRE_NN,aspect,opposition_jupiter,"Le maître du Nœud Nord en opposition à jupiter crée une polarité forte entre l'appel évolutif et la foi, l'expansion, le sens, la confiance et les excès possibles. La personne peut osciller entre deux directions, comme si son futur demandait une négociation permanente avec une force contraire. L'enjeu n'est pas de choisir un camp, mais d'apprendre à tenir la tension sans se diviser. L'évolution passe par l'intégration de ce face-à-face intérieur ou relationnel."
MAITRE_NS,aspect,opposition_jupiter,"Le maître du Nœud Sud en opposition à jupiter indique une mémoire karmique construite autour d'une polarité non résolue avec la foi, l'expansion, le sens, la confiance et les excès possibles. La personne peut se sentir tirée entre une ancienne habitude et une force qui la met face à ses contradictions. Ce face-à-face réactive souvent des scénarios relationnels ou psychologiques familiers. L'enjeu est de ne plus projeter ce conflit à l'extérieur, mais de l'intégrer comme une vieille dynamique à dépasser."
MAITRE_NN,aspect,trigone_jupiter,"Le maître du Nœud Nord en trigone à jupiter offre une ressource naturelle pour avancer vers l'évolution. La foi, l'expansion, le sens, la confiance et les excès possibles peut devenir un soutien fluide, presque instinctif, à condition de ne pas tomber dans la facilité passive. Ce lien donne un talent, une ouverture ou une aide intérieure qui permet d'incarner plus facilement la direction du Nœud Nord. La personne gagne à s'appuyer consciemment sur cette force."
MAITRE_NS,aspect,trigone_jupiter,"Le maître du Nœud Sud en trigone à jupiter signale une facilité ancienne liée à la foi, l'expansion, le sens, la confiance et les excès possibles. Cette ressource peut être précieuse, mais elle peut aussi maintenir la personne dans un territoire trop connu. Le piège est de confondre talent et direction de vie. Cette aisance doit être utilisée comme appui, non comme refuge, afin de soutenir le passage vers le Nœud Nord sans reproduire indéfiniment le passé."
MAITRE_NN,aspect,sextile_jupiter,"Le maître du Nœud Nord en sextile à jupiter indique une opportunité d'évolution liée à la foi, l'expansion, le sens, la confiance et les excès possibles. Ce n'est pas une facilité automatique : il faut activer ce potentiel par des choix, des rencontres ou des initiatives concrètes. La personne peut progresser en utilisant cette énergie comme un appui souple, discret mais réel. Ce lien fonctionne comme une porte entrouverte : il faut encore décider de l'emprunter."
MAITRE_NS,aspect,sextile_jupiter,"Le maître du Nœud Sud en sextile à jupiter indique une compétence karmique disponible autour de la foi, l'expansion, le sens, la confiance et les excès possibles. Cette énergie peut aider à comprendre le passé et à en extraire quelque chose d'utile. Mais elle ne doit pas devenir une excuse pour rester dans l'ancien fonctionnement. La personne peut s'en servir comme outil de transition, à condition de l'orienter vers une évolution réelle plutôt que vers la répétition confortable."
MAITRE_NN,aspect,conjonction_saturne,"Le maître du Nœud Nord conjoint à saturne montre que l'évolution est directement liée à la peur, la structure, la responsabilité, le temps et les limites. Cette énergie ne peut pas rester secondaire : elle colore le chemin de croissance et donne une tonalité centrale à la manière d'aller vers le futur. La personne avance lorsqu'elle accepte d'incarner cette fonction consciemment, sans la vivre comme un simple trait de caractère. C'est un levier évolutif majeur, parfois évident, parfois exigeant, mais impossible à contourner."
MAITRE_NS,aspect,conjonction_saturne,"Le maître du Nœud Sud conjoint à saturne renforce fortement les automatismes karmiques liés à la peur, la structure, la responsabilité, le temps et les limites. La personne connaît déjà cette énergie et peut s'y réfugier sans même s'en rendre compte. Ce lien donne une compétence ancienne, mais aussi une tendance à répéter le même scénario. Le travail consiste à récupérer la maîtrise de cette fonction sans la laisser enfermer toute la trajectoire dans le passé."
MAITRE_NN,aspect,carre_saturne,"Le maître du Nœud Nord en tension majeure avec saturne indique que l'évolution se heurte à la peur, la structure, la responsabilité, le temps et les limites. La personne peut avoir l'impression qu'une partie d'elle freine exactement ce qu'elle cherche à construire. Cette tension n'annule pas le chemin : elle l'oblige à devenir plus mature, plus lucide et moins automatique. Le futur se débloque lorsque ce conflit cesse d'être subi et devient un matériau de travail conscient."
MAITRE_NS,aspect,carre_saturne,"Le maître du Nœud Sud en tension majeure avec saturne montre que le passé karmique reste chargé d'un conflit lié à la peur, la structure, la responsabilité, le temps et les limites. Cette tension peut se rejouer sous forme de réactions défensives, de blocages ou de contradictions intérieures. Elle signale un point ancien qui n'a pas été digéré. La personne doit cesser de répondre à cette tension par réflexe et apprendre à transformer ce conflit en conscience."
MAITRE_NN,aspect,opposition_saturne,"Le maître du Nœud Nord en opposition à saturne crée une polarité forte entre l'appel évolutif et la peur, la structure, la responsabilité, le temps et les limites. La personne peut osciller entre deux directions, comme si son futur demandait une négociation permanente avec une force contraire. L'enjeu n'est pas de choisir un camp, mais d'apprendre à tenir la tension sans se diviser. L'évolution passe par l'intégration de ce face-à-face intérieur ou relationnel."
MAITRE_NS,aspect,opposition_saturne,"Le maître du Nœud Sud en opposition à saturne indique une mémoire karmique construite autour d'une polarité non résolue avec la peur, la structure, la responsabilité, le temps et les limites. La personne peut se sentir tirée entre une ancienne habitude et une force qui la met face à ses contradictions. Ce face-à-face réactive souvent des scénarios relationnels ou psychologiques familiers. L'enjeu est de ne plus projeter ce conflit à l'extérieur, mais de l'intégrer comme une vieille dynamique à dépasser."
MAITRE_NN,aspect,trigone_saturne,"Le maître du Nœud Nord en trigone à saturne offre une ressource naturelle pour avancer vers l'évolution. La peur, la structure, la responsabilité, le temps et les limites peut devenir un soutien fluide, presque instinctif, à condition de ne pas tomber dans la facilité passive. Ce lien donne un talent, une ouverture ou une aide intérieure qui permet d'incarner plus facilement la direction du Nœud Nord. La personne gagne à s'appuyer consciemment sur cette force."
MAITRE_NS,aspect,trigone_saturne,"Le maître du Nœud Sud en trigone à saturne signale une facilité ancienne liée à la peur, la structure, la responsabilité, le temps et les limites. Cette ressource peut être précieuse, mais elle peut aussi maintenir la personne dans un territoire trop connu. Le piège est de confondre talent et direction de vie. Cette aisance doit être utilisée comme appui, non comme refuge, afin de soutenir le passage vers le Nœud Nord sans reproduire indéfiniment le passé."
MAITRE_NN,aspect,sextile_saturne,"Le maître du Nœud Nord en sextile à saturne indique une opportunité d'évolution liée à la peur, la structure, la responsabilité, le temps et les limites. Ce n'est pas une facilité automatique : il faut activer ce potentiel par des choix, des rencontres ou des initiatives concrètes. La personne peut progresser en utilisant cette énergie comme un appui souple, discret mais réel. Ce lien fonctionne comme une porte entrouverte : il faut encore décider de l'emprunter."
MAITRE_NS,aspect,sextile_saturne,"Le maître du Nœud Sud en sextile à saturne indique une compétence karmique disponible autour de la peur, la structure, la responsabilité, le temps et les limites. Cette énergie peut aider à comprendre le passé et à en extraire quelque chose d'utile. Mais elle ne doit pas devenir une excuse pour rester dans l'ancien fonctionnement. La personne peut s'en servir comme outil de transition, à condition de l'orienter vers une évolution réelle plutôt que vers la répétition confortable."
MAITRE_NN,aspect,conjonction_uranus,"Le maître du Nœud Nord conjoint à uranus montre que l'évolution est directement liée à la rupture, l'indépendance, l'inattendu et l'individuation. Cette énergie ne peut pas rester secondaire : elle colore le chemin de croissance et donne une tonalité centrale à la manière d'aller vers le futur. La personne avance lorsqu'elle accepte d'incarner cette fonction consciemment, sans la vivre comme un simple trait de caractère. C'est un levier évolutif majeur, parfois évident, parfois exigeant, mais impossible à contourner."
MAITRE_NS,aspect,conjonction_uranus,"Le maître du Nœud Sud conjoint à uranus renforce fortement les automatismes karmiques liés à la rupture, l'indépendance, l'inattendu et l'individuation. La personne connaît déjà cette énergie et peut s'y réfugier sans même s'en rendre compte. Ce lien donne une compétence ancienne, mais aussi une tendance à répéter le même scénario. Le travail consiste à récupérer la maîtrise de cette fonction sans la laisser enfermer toute la trajectoire dans le passé."
MAITRE_NN,aspect,carre_uranus,"Le maître du Nœud Nord en tension majeure avec uranus indique que l'évolution se heurte à la rupture, l'indépendance, l'inattendu et l'individuation. La personne peut avoir l'impression qu'une partie d'elle freine exactement ce qu'elle cherche à construire. Cette tension n'annule pas le chemin : elle l'oblige à devenir plus mature, plus lucide et moins automatique. Le futur se débloque lorsque ce conflit cesse d'être subi et devient un matériau de travail conscient."
MAITRE_NS,aspect,carre_uranus,"Le maître du Nœud Sud en tension majeure avec uranus montre que le passé karmique reste chargé d'un conflit lié à la rupture, l'indépendance, l'inattendu et l'individuation. Cette tension peut se rejouer sous forme de réactions défensives, de blocages ou de contradictions intérieures. Elle signale un point ancien qui n'a pas été digéré. La personne doit cesser de répondre à cette tension par réflexe et apprendre à transformer ce conflit en conscience."
MAITRE_NN,aspect,opposition_uranus,"Le maître du Nœud Nord en opposition à uranus crée une polarité forte entre l'appel évolutif et la rupture, l'indépendance, l'inattendu et l'individuation. La personne peut osciller entre deux directions, comme si son futur demandait une négociation permanente avec une force contraire. L'enjeu n'est pas de choisir un camp, mais d'apprendre à tenir la tension sans se diviser. L'évolution passe par l'intégration de ce face-à-face intérieur ou relationnel."
MAITRE_NS,aspect,opposition_uranus,"Le maître du Nœud Sud en opposition à uranus indique une mémoire karmique construite autour d'une polarité non résolue avec la rupture, l'indépendance, l'inattendu et l'individuation. La personne peut se sentir tirée entre une ancienne habitude et une force qui la met face à ses contradictions. Ce face-à-face réactive souvent des scénarios relationnels ou psychologiques familiers. L'enjeu est de ne plus projeter ce conflit à l'extérieur, mais de l'intégrer comme une vieille dynamique à dépasser."
MAITRE_NN,aspect,trigone_uranus,"Le maître du Nœud Nord en trigone à uranus offre une ressource naturelle pour avancer vers l'évolution. La rupture, l'indépendance, l'inattendu et l'individuation peut devenir un soutien fluide, presque instinctif, à condition de ne pas tomber dans la facilité passive. Ce lien donne un talent, une ouverture ou une aide intérieure qui permet d'incarner plus facilement la direction du Nœud Nord. La personne gagne à s'appuyer consciemment sur cette force."
MAITRE_NS,aspect,trigone_uranus,"Le maître du Nœud Sud en trigone à uranus signale une facilité ancienne liée à la rupture, l'indépendance, l'inattendu et l'individuation. Cette ressource peut être précieuse, mais elle peut aussi maintenir la personne dans un territoire trop connu. Le piège est de confondre talent et direction de vie. Cette aisance doit être utilisée comme appui, non comme refuge, afin de soutenir le passage vers le Nœud Nord sans reproduire indéfiniment le passé."
MAITRE_NN,aspect,sextile_uranus,"Le maître du Nœud Nord en sextile à uranus indique une opportunité d'évolution liée à la rupture, l'indépendance, l'inattendu et l'individuation. Ce n'est pas une facilité automatique : il faut activer ce potentiel par des choix, des rencontres ou des initiatives concrètes. La personne peut progresser en utilisant cette énergie comme un appui souple, discret mais réel. Ce lien fonctionne comme une porte entrouverte : il faut encore décider de l'emprunter."
MAITRE_NS,aspect,sextile_uranus,"Le maître du Nœud Sud en sextile à uranus indique une compétence karmique disponible autour de la rupture, l'indépendance, l'inattendu et l'individuation. Cette énergie peut aider à comprendre le passé et à en extraire quelque chose d'utile. Mais elle ne doit pas devenir une excuse pour rester dans l'ancien fonctionnement. La personne peut s'en servir comme outil de transition, à condition de l'orienter vers une évolution réelle plutôt que vers la répétition confortable."
MAITRE_NN,aspect,conjonction_neptune,"Le maître du Nœud Nord conjoint à neptune montre que l'évolution est directement liée à l'idéal, la confusion, la foi, la compassion et le lâcher-prise. Cette énergie ne peut pas rester secondaire : elle colore le chemin de croissance et donne une tonalité centrale à la manière d'aller vers le futur. La personne avance lorsqu'elle accepte d'incarner cette fonction consciemment, sans la vivre comme un simple trait de caractère. C'est un levier évolutif majeur, parfois évident, parfois exigeant, mais impossible à contourner."
MAITRE_NS,aspect,conjonction_neptune,"Le maître du Nœud Sud conjoint à neptune renforce fortement les automatismes karmiques liés à l'idéal, la confusion, la foi, la compassion et le lâcher-prise. La personne connaît déjà cette énergie et peut s'y réfugier sans même s'en rendre compte. Ce lien donne une compétence ancienne, mais aussi une tendance à répéter le même scénario. Le travail consiste à récupérer la maîtrise de cette fonction sans la laisser enfermer toute la trajectoire dans le passé."
MAITRE_NN,aspect,carre_neptune,"Le maître du Nœud Nord en tension majeure avec neptune indique que l'évolution se heurte à l'idéal, la confusion, la foi, la compassion et le lâcher-prise. La personne peut avoir l'impression qu'une partie d'elle freine exactement ce qu'elle cherche à construire. Cette tension n'annule pas le chemin : elle l'oblige à devenir plus mature, plus lucide et moins automatique. Le futur se débloque lorsque ce conflit cesse d'être subi et devient un matériau de travail conscient."
MAITRE_NS,aspect,carre_neptune,"Le maître du Nœud Sud en tension majeure avec neptune montre que le passé karmique reste chargé d'un conflit lié à l'idéal, la confusion, la foi, la compassion et le lâcher-prise. Cette tension peut se rejouer sous forme de réactions défensives, de blocages ou de contradictions intérieures. Elle signale un point ancien qui n'a pas été digéré. La personne doit cesser de répondre à cette tension par réflexe et apprendre à transformer ce conflit en conscience."
MAITRE_NN,aspect,opposition_neptune,"Le maître du Nœud Nord en opposition à neptune crée une polarité forte entre l'appel évolutif et l'idéal, la confusion, la foi, la compassion et le lâcher-prise. La personne peut osciller entre deux directions, comme si son futur demandait une négociation permanente avec une force contraire. L'enjeu n'est pas de choisir un camp, mais d'apprendre à tenir la tension sans se diviser. L'évolution passe par l'intégration de ce face-à-face intérieur ou relationnel."
MAITRE_NS,aspect,opposition_neptune,"Le maître du Nœud Sud en opposition à neptune indique une mémoire karmique construite autour d'une polarité non résolue avec l'idéal, la confusion, la foi, la compassion et le lâcher-prise. La personne peut se sentir tirée entre une ancienne habitude et une force qui la met face à ses contradictions. Ce face-à-face réactive souvent des scénarios relationnels ou psychologiques familiers. L'enjeu est de ne plus projeter ce conflit à l'extérieur, mais de l'intégrer comme une vieille dynamique à dépasser."
MAITRE_NN,aspect,trigone_neptune,"Le maître du Nœud Nord en trigone à neptune offre une ressource naturelle pour avancer vers l'évolution. L'idéal, la confusion, la foi, la compassion et le lâcher-prise peut devenir un soutien fluide, presque instinctif, à condition de ne pas tomber dans la facilité passive. Ce lien donne un talent, une ouverture ou une aide intérieure qui permet d'incarner plus facilement la direction du Nœud Nord. La personne gagne à s'appuyer consciemment sur cette force."
MAITRE_NS,aspect,trigone_neptune,"Le maître du Nœud Sud en trigone à neptune signale une facilité ancienne liée à l'idéal, la confusion, la foi, la compassion et le lâcher-prise. Cette ressource peut être précieuse, mais elle peut aussi maintenir la personne dans un territoire trop connu. Le piège est de confondre talent et direction de vie. Cette aisance doit être utilisée comme appui, non comme refuge, afin de soutenir le passage vers le Nœud Nord sans reproduire indéfiniment le passé."
MAITRE_NN,aspect,sextile_neptune,"Le maître du Nœud Nord en sextile à neptune indique une opportunité d'évolution liée à l'idéal, la confusion, la foi, la compassion et le lâcher-prise. Ce n'est pas une facilité automatique : il faut activer ce potentiel par des choix, des rencontres ou des initiatives concrètes. La personne peut progresser en utilisant cette énergie comme un appui souple, discret mais réel. Ce lien fonctionne comme une porte entrouverte : il faut encore décider de l'emprunter."
MAITRE_NS,aspect,sextile_neptune,"Le maître du Nœud Sud en sextile à neptune indique une compétence karmique disponible autour de l'idéal, la confusion, la foi, la compassion et le lâcher-prise. Cette énergie peut aider à comprendre le passé et à en extraire quelque chose d'utile. Mais elle ne doit pas devenir une excuse pour rester dans l'ancien fonctionnement. La personne peut s'en servir comme outil de transition, à condition de l'orienter vers une évolution réelle plutôt que vers la répétition confortable."
MAITRE_NN,aspect,conjonction_pluton,"Le maître du Nœud Nord conjoint à pluton montre que l'évolution est directement liée à le pouvoir, les crises, les attachements profonds et la transformation. Cette énergie ne peut pas rester secondaire : elle colore le chemin de croissance et donne une tonalité centrale à la manière d'aller vers le futur. La personne avance lorsqu'elle accepte d'incarner cette fonction consciemment, sans la vivre comme un simple trait de caractère. C'est un levier évolutif majeur, parfois évident, parfois exigeant, mais impossible à contourner."
MAITRE_NS,aspect,conjonction_pluton,"Le maître du Nœud Sud conjoint à pluton renforce fortement les automatismes karmiques liés à le pouvoir, les crises, les attachements profonds et la transformation. La personne connaît déjà cette énergie et peut s'y réfugier sans même s'en rendre compte. Ce lien donne une compétence ancienne, mais aussi une tendance à répéter le même scénario. Le travail consiste à récupérer la maîtrise de cette fonction sans la laisser enfermer toute la trajectoire dans le passé."
MAITRE_NN,aspect,carre_pluton,"Le maître du Nœud Nord en tension majeure avec pluton indique que l'évolution se heurte à le pouvoir, les crises, les attachements profonds et la transformation. La personne peut avoir l'impression qu'une partie d'elle freine exactement ce qu'elle cherche à construire. Cette tension n'annule pas le chemin : elle l'oblige à devenir plus mature, plus lucide et moins automatique. Le futur se débloque lorsque ce conflit cesse d'être subi et devient un matériau de travail conscient."
MAITRE_NS,aspect,carre_pluton,"Le maître du Nœud Sud en tension majeure avec pluton montre que le passé karmique reste chargé d'un conflit lié à le pouvoir, les crises, les attachements profonds et la transformation. Cette tension peut se rejouer sous forme de réactions défensives, de blocages ou de contradictions intérieures. Elle signale un point ancien qui n'a pas été digéré. La personne doit cesser de répondre à cette tension par réflexe et apprendre à transformer ce conflit en conscience."
MAITRE_NN,aspect,opposition_pluton,"Le maître du Nœud Nord en opposition à pluton crée une polarité forte entre l'appel évolutif et le pouvoir, les crises, les attachements profonds et la transformation. La personne peut osciller entre deux directions, comme si son futur demandait une négociation permanente avec une force contraire. L'enjeu n'est pas de choisir un camp, mais d'apprendre à tenir la tension sans se diviser. L'évolution passe par l'intégration de ce face-à-face intérieur ou relationnel."
MAITRE_NS,aspect,opposition_pluton,"Le maître du Nœud Sud en opposition à pluton indique une mémoire karmique construite autour d'une polarité non résolue avec le pouvoir, les crises, les attachements profonds et la transformation. La personne peut se sentir tirée entre une ancienne habitude et une force qui la met face à ses contradictions. Ce face-à-face réactive souvent des scénarios relationnels ou psychologiques familiers. L'enjeu est de ne plus projeter ce conflit à l'extérieur, mais de l'intégrer comme une vieille dynamique à dépasser."
MAITRE_NN,aspect,trigone_pluton,"Le maître du Nœud Nord en trigone à pluton offre une ressource naturelle pour avancer vers l'évolution. Le pouvoir, les crises, les attachements profonds et la transformation peut devenir un soutien fluide, presque instinctif, à condition de ne pas tomber dans la facilité passive. Ce lien donne un talent, une ouverture ou une aide intérieure qui permet d'incarner plus facilement la direction du Nœud Nord. La personne gagne à s'appuyer consciemment sur cette force."
MAITRE_NS,aspect,trigone_pluton,"Le maître du Nœud Sud en trigone à pluton signale une facilité ancienne liée à le pouvoir, les crises, les attachements profonds et la transformation. Cette ressource peut être précieuse, mais elle peut aussi maintenir la personne dans un territoire trop connu. Le piège est de confondre talent et direction de vie. Cette aisance doit être utilisée comme appui, non comme refuge, afin de soutenir le passage vers le Nœud Nord sans reproduire indéfiniment le passé."
MAITRE_NN,aspect,sextile_pluton,"Le maître du Nœud Nord en sextile à pluton indique une opportunité d'évolution liée à le pouvoir, les crises, les attachements profonds et la transformation. Ce n'est pas une facilité automatique : il faut activer ce potentiel par des choix, des rencontres ou des initiatives concrètes. La personne peut progresser en utilisant cette énergie comme un appui souple, discret mais réel. Ce lien fonctionne comme une porte entrouverte : il faut encore décider de l'emprunter."
MAITRE_NS,aspect,sextile_pluton,"Le maître du Nœud Sud en sextile à pluton indique une compétence karmique disponible autour de le pouvoir, les crises, les attachements profonds et la transformation. Cette énergie peut aider à comprendre le passé et à en extraire quelque chose d'utile. Mais elle ne doit pas devenir une excuse pour rester dans l'ancien fonctionnement. La personne peut s'en servir comme outil de transition, à condition de l'orienter vers une évolution réelle plutôt que vers la répétition confortable."
MAITRE_NN,aspect,conjonction_chiron,"Le maître du Nœud Nord conjoint à chiron montre que l'évolution est directement liée à la blessure, la réparation, la vulnérabilité et la transmission issue de l'expérience. Cette énergie ne peut pas rester secondaire : elle colore le chemin de croissance et donne une tonalité centrale à la manière d'aller vers le futur. La personne avance lorsqu'elle accepte d'incarner cette fonction consciemment, sans la vivre comme un simple trait de caractère. C'est un levier évolutif majeur, parfois évident, parfois exigeant, mais impossible à contourner."
MAITRE_NS,aspect,conjonction_chiron,"Le maître du Nœud Sud conjoint à chiron renforce fortement les automatismes karmiques liés à la blessure, la réparation, la vulnérabilité et la transmission issue de l'expérience. La personne connaît déjà cette énergie et peut s'y réfugier sans même s'en rendre compte. Ce lien donne une compétence ancienne, mais aussi une tendance à répéter le même scénario. Le travail consiste à récupérer la maîtrise de cette fonction sans la laisser enfermer toute la trajectoire dans le passé."
MAITRE_NN,aspect,carre_chiron,"Le maître du Nœud Nord en tension majeure avec chiron indique que l'évolution se heurte à la blessure, la réparation, la vulnérabilité et la transmission issue de l'expérience. La personne peut avoir l'impression qu'une partie d'elle freine exactement ce qu'elle cherche à construire. Cette tension n'annule pas le chemin : elle l'oblige à devenir plus mature, plus lucide et moins automatique. Le futur se débloque lorsque ce conflit cesse d'être subi et devient un matériau de travail conscient."
MAITRE_NS,aspect,carre_chiron,"Le maître du Nœud Sud en tension majeure avec chiron montre que le passé karmique reste chargé d'un conflit lié à la blessure, la réparation, la vulnérabilité et la transmission issue de l'expérience. Cette tension peut se rejouer sous forme de réactions défensives, de blocages ou de contradictions intérieures. Elle signale un point ancien qui n'a pas été digéré. La personne doit cesser de répondre à cette tension par réflexe et apprendre à transformer ce conflit en conscience."
MAITRE_NN,aspect,opposition_chiron,"Le maître du Nœud Nord en opposition à chiron crée une polarité forte entre l'appel évolutif et la blessure, la réparation, la vulnérabilité et la transmission issue de l'expérience. La personne peut osciller entre deux directions, comme si son futur demandait une négociation permanente avec une force contraire. L'enjeu n'est pas de choisir un camp, mais d'apprendre à tenir la tension sans se diviser. L'évolution passe par l'intégration de ce face-à-face intérieur ou relationnel."
MAITRE_NS,aspect,opposition_chiron,"Le maître du Nœud Sud en opposition à chiron indique une mémoire karmique construite autour d'une polarité non résolue avec la blessure, la réparation, la vulnérabilité et la transmission issue de l'expérience. La personne peut se sentir tirée entre une ancienne habitude et une force qui la met face à ses contradictions. Ce face-à-face réactive souvent des scénarios relationnels ou psychologiques familiers. L'enjeu est de ne plus projeter ce conflit à l'extérieur, mais de l'intégrer comme une vieille dynamique à dépasser."
MAITRE_NN,aspect,trigone_chiron,"Le maître du Nœud Nord en trigone à chiron offre une ressource naturelle pour avancer vers l'évolution. La blessure, la réparation, la vulnérabilité et la transmission issue de l'expérience peut devenir un soutien fluide, presque instinctif, à condition de ne pas tomber dans la facilité passive. Ce lien donne un talent, une ouverture ou une aide intérieure qui permet d'incarner plus facilement la direction du Nœud Nord. La personne gagne à s'appuyer consciemment sur cette force."
MAITRE_NS,aspect,trigone_chiron,"Le maître du Nœud Sud en trigone à chiron signale une facilité ancienne liée à la blessure, la réparation, la vulnérabilité et la transmission issue de l'expérience. Cette ressource peut être précieuse, mais elle peut aussi maintenir la personne dans un territoire trop connu. Le piège est de confondre talent et direction de vie. Cette aisance doit être utilisée comme appui, non comme refuge, afin de soutenir le passage vers le Nœud Nord sans reproduire indéfiniment le passé."
MAITRE_NN,aspect,sextile_chiron,"Le maître du Nœud Nord en sextile à chiron indique une opportunité d'évolution liée à la blessure, la réparation, la vulnérabilité et la transmission issue de l'expérience. Ce n'est pas une facilité automatique : il faut activer ce potentiel par des choix, des rencontres ou des initiatives concrètes. La personne peut progresser en utilisant cette énergie comme un appui souple, discret mais réel. Ce lien fonctionne comme une porte entrouverte : il faut encore décider de l'emprunter."
MAITRE_NS,aspect,sextile_chiron,"Le maître du Nœud Sud en sextile à chiron indique une compétence karmique disponible autour de la blessure, la réparation, la vulnérabilité et la transmission issue de l'expérience. Cette énergie peut aider à comprendre le passé et à en extraire quelque chose d'utile. Mais elle ne doit pas devenir une excuse pour rester dans l'ancien fonctionnement. La personne peut s'en servir comme outil de transition, à condition de l'orienter vers une évolution réelle plutôt que vers la répétition confortable."
MAITRE_NN,aspect,conjonction_lune_noire,"Le maître du Nœud Nord conjoint à lune noire montre que l'évolution est directement liée à le refus, l'absolu, la radicalité intérieure et la zone non négociable du psychisme. Cette énergie ne peut pas rester secondaire : elle colore le chemin de croissance et donne une tonalité centrale à la manière d'aller vers le futur. La personne avance lorsqu'elle accepte d'incarner cette fonction consciemment, sans la vivre comme un simple trait de caractère. C'est un levier évolutif majeur, parfois évident, parfois exigeant, mais impossible à contourner."
MAITRE_NS,aspect,conjonction_lune_noire,"Le maître du Nœud Sud conjoint à lune noire renforce fortement les automatismes karmiques liés à le refus, l'absolu, la radicalité intérieure et la zone non négociable du psychisme. La personne connaît déjà cette énergie et peut s'y réfugier sans même s'en rendre compte. Ce lien donne une compétence ancienne, mais aussi une tendance à répéter le même scénario. Le travail consiste à récupérer la maîtrise de cette fonction sans la laisser enfermer toute la trajectoire dans le passé."
MAITRE_NN,aspect,carre_lune_noire,"Le maître du Nœud Nord en tension majeure avec lune noire indique que l'évolution se heurte à le refus, l'absolu, la radicalité intérieure et la zone non négociable du psychisme. La personne peut avoir l'impression qu'une partie d'elle freine exactement ce qu'elle cherche à construire. Cette tension n'annule pas le chemin : elle l'oblige à devenir plus mature, plus lucide et moins automatique. Le futur se débloque lorsque ce conflit cesse d'être subi et devient un matériau de travail conscient."
MAITRE_NS,aspect,carre_lune_noire,"Le maître du Nœud Sud en tension majeure avec lune noire montre que le passé karmique reste chargé d'un conflit lié à le refus, l'absolu, la radicalité intérieure et la zone non négociable du psychisme. Cette tension peut se rejouer sous forme de réactions défensives, de blocages ou de contradictions intérieures. Elle signale un point ancien qui n'a pas été digéré. La personne doit cesser de répondre à cette tension par réflexe et apprendre à transformer ce conflit en conscience."
MAITRE_NN,aspect,opposition_lune_noire,"Le maître du Nœud Nord en opposition à lune noire crée une polarité forte entre l'appel évolutif et le refus, l'absolu, la radicalité intérieure et la zone non négociable du psychisme. La personne peut osciller entre deux directions, comme si son futur demandait une négociation permanente avec une force contraire. L'enjeu n'est pas de choisir un camp, mais d'apprendre à tenir la tension sans se diviser. L'évolution passe par l'intégration de ce face-à-face intérieur ou relationnel."
MAITRE_NS,aspect,opposition_lune_noire,"Le maître du Nœud Sud en opposition à lune noire indique une mémoire karmique construite autour d'une polarité non résolue avec le refus, l'absolu, la radicalité intérieure et la zone non négociable du psychisme. La personne peut se sentir tirée entre une ancienne habitude et une force qui la met face à ses contradictions. Ce face-à-face réactive souvent des scénarios relationnels ou psychologiques familiers. L'enjeu est de ne plus projeter ce conflit à l'extérieur, mais de l'intégrer comme une vieille dynamique à dépasser."
MAITRE_NN,aspect,trigone_lune_noire,"Le maître du Nœud Nord en trigone à lune noire offre une ressource naturelle pour avancer vers l'évolution. Le refus, l'absolu, la radicalité intérieure et la zone non négociable du psychisme peut devenir un soutien fluide, presque instinctif, à condition de ne pas tomber dans la facilité passive. Ce lien donne un talent, une ouverture ou une aide intérieure qui permet d'incarner plus facilement la direction du Nœud Nord. La personne gagne à s'appuyer consciemment sur cette force."
MAITRE_NS,aspect,trigone_lune_noire,"Le maître du Nœud Sud en trigone à lune noire signale une facilité ancienne liée à le refus, l'absolu, la radicalité intérieure et la zone non négociable du psychisme. Cette ressource peut être précieuse, mais elle peut aussi maintenir la personne dans un territoire trop connu. Le piège est de confondre talent et direction de vie. Cette aisance doit être utilisée comme appui, non comme refuge, afin de soutenir le passage vers le Nœud Nord sans reproduire indéfiniment le passé."
MAITRE_NN,aspect,sextile_lune_noire,"Le maître du Nœud Nord en sextile à lune noire indique une opportunité d'évolution liée à le refus, l'absolu, la radicalité intérieure et la zone non négociable du psychisme. Ce n'est pas une facilité automatique : il faut activer ce potentiel par des choix, des rencontres ou des initiatives concrètes. La personne peut progresser en utilisant cette énergie comme un appui souple, discret mais réel. Ce lien fonctionne comme une porte entrouverte : il faut encore décider de l'emprunter."
MAITRE_NS,aspect,sextile_lune_noire,"Le maître du Nœud Sud en sextile à lune noire indique une compétence karmique disponible autour de le refus, l'absolu, la radicalité intérieure et la zone non négociable du psychisme. Cette énergie peut aider à comprendre le passé et à en extraire quelque chose d'utile. Mais elle ne doit pas devenir une excuse pour rester dans l'ancien fonctionnement. La personne peut s'en servir comme outil de transition, à condition de l'orienter vers une évolution réelle plutôt que vers la répétition confortable."