ASTRE,DONNEE,VALEUR ,INTERPRETATION
lune_noire,Signe,Bélier,"Ta Lune Noire en Bélier révèle un paradoxe autour de l'action, de la domination et de l'identité. Dans des vies antérieures, tu as imposé tes désirs avec violence, colère et impulsivité, ce qui génère aujourd'hui une profonde méfiance envers ta propre violence intérieure. Tu vis une attraction/répulsion face à toute forme de violence, une peur de l'autorité des autres, et un rejet simultané des personnes trop passives ou trop directives. Cette ambiguïté se manifeste dans ta sexualité (honte de tes désirs et pulsions intenses que tu refuses de libérer), dans la compétition (envie de gagner mais blocage), et dans l'action (oscillation entre ne pas te donner les moyens de réussir et imposer violemment ce que tu veux).
Ta difficulté centrale, c'est que tu oscilles entre vouloir satisfaire l'autre et créer des rapports de force conflictuels, ce qui te fait culpabiliser. Avec un placement en Maison 1, tu portes une ambiguïté identitaire profonde : tu te demandes si tu es légitime à être qui tu es. Ta voie de réalisation passe par un travail identitaire et l'incarnation d'un rôle de leader, pour apprendre à vivre la relation dans l'équilibre sans violence ni soumission."
lune_noire,Maison,1,"Ta Lune Noire en Bélier révèle un paradoxe autour de l'action, de la domination et de l'identité. Dans des vies antérieures, tu as imposé tes désirs avec violence, colère et impulsivité, ce qui génère aujourd'hui une profonde méfiance envers ta propre violence intérieure. Tu vis une attraction/répulsion face à toute forme de violence, une peur de l'autorité des autres, et un rejet simultané des personnes trop passives ou trop directives. Cette ambiguïté se manifeste dans ta sexualité (honte de tes désirs et pulsions intenses que tu refuses de libérer), dans la compétition (envie de gagner mais blocage), et dans l'action (oscillation entre ne pas te donner les moyens de réussir et imposer violemment ce que tu veux).
Ta difficulté centrale, c'est que tu oscilles entre vouloir satisfaire l'autre et créer des rapports de force conflictuels, ce qui te fait culpabiliser. Avec un placement en Maison 1, tu portes une ambiguïté identitaire profonde : tu te demandes si tu es légitime à être qui tu es. Ta voie de réalisation passe par un travail identitaire et l'incarnation d'un rôle de leader, pour apprendre à vivre la relation dans l'équilibre sans violence ni soumission."
lune_noire,Signe,Taureau,"Ta Lune Noire en Taureau révèle un paradoxe autour de la possession, de la sécurité matérielle et affective. Dans des vies antérieures, tu as soit vécu dans l'égoïsme matériel extrême (tout garder pour toi), soit dans la pauvreté absolue (paysannerie où tu n'avais rien), avec des excès dans les plaisirs de la chair et de la nourriture. Aujourd'hui, tu portes une peur viscérale de manquer et de posséder à la fois, une avidité et possessivité forte (voire de la radinerie), tout en refusant simultanément l'attachement et l'engagement par peur d'enfermement.
Cette ambiguïté se manifeste dans ta vie affective : tu as besoin de posséder l'autre entièrement pour te rassurer, mais tu rejettes l'engagement et préfères rompre plutôt que d'appartenir à quelqu'un. Tu rejettes à la fois ceux qui n'ont rien et ceux qui ont tout. Ton besoin de sécurité n'est jamais satisfait, et tu accumules des biens matériels pour combler un manque d'amour issu de vies antérieures. Ta sensibilité est à vif émotionnellement, les démonstrations affectives ne sont jamais suffisantes.
Ta voie de réalisation passe par le développement de tes talents (notamment pour le beau) et l'apprentissage du don aux autres autant que de la réception, pour sortir de l'avidité et trouver une vraie sécurité intérieure."
lune_noire,Maison,2,"Ta Lune Noire en Taureau révèle un paradoxe autour de la possession, de la sécurité matérielle et affective. Dans des vies antérieures, tu as soit vécu dans l'égoïsme matériel extrême (tout garder pour toi), soit dans la pauvreté absolue (paysannerie où tu n'avais rien), avec des excès dans les plaisirs de la chair et de la nourriture. Aujourd'hui, tu portes une peur viscérale de manquer et de posséder à la fois, une avidité et possessivité forte (voire de la radinerie), tout en refusant simultanément l'attachement et l'engagement par peur d'enfermement.
Cette ambiguïté se manifeste dans ta vie affective : tu as besoin de posséder l'autre entièrement pour te rassurer, mais tu rejettes l'engagement et préfères rompre plutôt que d'appartenir à quelqu'un. Tu rejettes à la fois ceux qui n'ont rien et ceux qui ont tout. Ton besoin de sécurité n'est jamais satisfait, et tu accumules des biens matériels pour combler un manque d'amour issu de vies antérieures. Ta sensibilité est à vif émotionnellement, les démonstrations affectives ne sont jamais suffisantes.
Ta voie de réalisation passe par le développement de tes talents (notamment pour le beau) et l'apprentissage du don aux autres autant que de la réception, pour sortir de l'avidité et trouver une vraie sécurité intérieure."
lune_noire,Signe,Gémeaux,"Ta Lune Noire en Gémeaux révèle un paradoxe autour de la communication, de l'identité et de la séparation. Tu portes la déchirure de la séparation et recherches compulsivement ton double, ton jumeau cosmique, pour te sentir entier.e et complet.e. Dans des vies antérieures, tu as abusé du langage pour manipuler, mentir et distordre la réalité, et tu t'es conformé.e à des attentes qui ne te convenaient pas sans savoir concilier ce qu'on attendait de toi avec ta vraie personnalité.
Aujourd'hui, tu portes un sentiment profond d'être seul.e au monde, coupé.e de ton entourage, avec une difficulté majeure à communiquer. Tu oscilles entre bavardage intempestif (expression débordante) et mutisme total, cherchant le pouvoir par le langage. Tu as besoin de briller intellectuellement et de prouver tes capacités, mais tu as très peur de ne pas être reconnu.e comme intelligent.e. Ta vie mentale alterne entre suractivité et vide, avec possiblement des problèmes d'oralité (dyslexie, pertes de mémoire, expression décalée). Tu rejettes ceux qui ne savent pas s'exprimer correctement ou qui sont trop/pas assez cultivés, tout en ayant peur de rencontrer quelqu'un de plus cultivé que toi. En Maison 3, tu portes des problèmes karmiques avec la fratrie et une enfance difficile qui t'ont mis.e en marge du monde.
Ta voie de réalisation passe par le travail avec des personnes en marge de la société (jeunes inadaptés par exemple), pour transformer ton histoire à travers elles et te réconcilier avec ta dualité."
lune_noire,Maison,3,"Ta Lune Noire en Gémeaux révèle un paradoxe autour de la communication, de l'identité et de la séparation. Tu portes la déchirure de la séparation et recherches compulsivement ton double, ton jumeau cosmique, pour te sentir entier.e et complet.e. Dans des vies antérieures, tu as abusé du langage pour manipuler, mentir et distordre la réalité, et tu t'es conformé.e à des attentes qui ne te convenaient pas sans savoir concilier ce qu'on attendait de toi avec ta vraie personnalité.
Aujourd'hui, tu portes un sentiment profond d'être seul.e au monde, coupé.e de ton entourage, avec une difficulté majeure à communiquer. Tu oscilles entre bavardage intempestif (expression débordante) et mutisme total, cherchant le pouvoir par le langage. Tu as besoin de briller intellectuellement et de prouver tes capacités, mais tu as très peur de ne pas être reconnu.e comme intelligent.e. Ta vie mentale alterne entre suractivité et vide, avec possiblement des problèmes d'oralité (dyslexie, pertes de mémoire, expression décalée). Tu rejettes ceux qui ne savent pas s'exprimer correctement ou qui sont trop/pas assez cultivés, tout en ayant peur de rencontrer quelqu'un de plus cultivé que toi. En Maison 3, tu portes des problèmes karmiques avec la fratrie et une enfance difficile qui t'ont mis.e en marge du monde.
Ta voie de réalisation passe par le travail avec des personnes en marge de la société (jeunes inadaptés par exemple), pour transformer ton histoire à travers elles et te réconcilier avec ta dualité."
lune_noire,Signe,Cancer,"Ta Lune Noire en Cancer révèle un paradoxe autour des origines, de la famille, de la mère et du foyer. Tu portes un mal-être profond lié à ta structure familiale : abandon, absence, danger, secrets violents, tabous, drames familiaux, migrations, ou flou sur tes origines. Ta relation à la mère a été difficile, voire traumatique. Dans des vies antérieures, tu as négligé.e ou abandonné.e ton foyer et tes enfants, ou au contraire vécu.e uniquement à travers eux.
Aujourd'hui, tu vis une anxiété intense autour de la question familiale. Tu es à la fois fasciné.e et repoussé.e par ton modèle familial qui t'a fait souffrir. Tu oscilles entre une peur viscérale des enfants/de la parentalité et une focalisation obsessionnelle sur ce projet. Ton hypersensibilité et ta crainte de l'abandon te poussent à rechercher une fusion sécurisante, puis à la rompre avant de tout perdre. Tu t'infantilises ou infantilises les autres, avec un besoin d'être pris.e en charge ou de prendre en charge autrui. Tu peux vivre une coupure émotionnelle et craindre de ne pas savoir aimer (ce qui n'est pas ta réalité intérieure), avoir des troubles alimentaires, et rejeter le statut parental par peur de ne pas être un.e bon.ne parent.
Ta voie de réalisation passe par la création de ta propre structure familiale en affrontant tes peurs, et par une thérapie transgénérationnelle essentielle pour guérir tes fondations blessées."
lune_noire,Maison,4,"Ta Lune Noire en Cancer révèle un paradoxe autour des origines, de la famille, de la mère et du foyer. Tu portes un mal-être profond lié à ta structure familiale : abandon, absence, danger, secrets violents, tabous, drames familiaux, migrations, ou flou sur tes origines. Ta relation à la mère a été difficile, voire traumatique. Dans des vies antérieures, tu as négligé.e ou abandonné.e ton foyer et tes enfants, ou au contraire vécu.e uniquement à travers eux.
Aujourd'hui, tu vis une anxiété intense autour de la question familiale. Tu es à la fois fasciné.e et repoussé.e par ton modèle familial qui t'a fait souffrir. Tu oscilles entre une peur viscérale des enfants/de la parentalité et une focalisation obsessionnelle sur ce projet. Ton hypersensibilité et ta crainte de l'abandon te poussent à rechercher une fusion sécurisante, puis à la rompre avant de tout perdre. Tu t'infantilises ou infantilises les autres, avec un besoin d'être pris.e en charge ou de prendre en charge autrui. Tu peux vivre une coupure émotionnelle et craindre de ne pas savoir aimer (ce qui n'est pas ta réalité intérieure), avoir des troubles alimentaires, et rejeter le statut parental par peur de ne pas être un.e bon.ne parent.
Ta voie de réalisation passe par la création de ta propre structure familiale en affrontant tes peurs, et par une thérapie transgénérationnelle essentielle pour guérir tes fondations blessées."
lune_noire,Signe,Lion,"Ta Lune Noire en Lion révèle un paradoxe autour de l'ego et de la reconnaissance. Tu portes une blessure égotique profonde qui crée une alternance entre un ego démesuré et un ego défaillant : hyper confiance et manque total de confiance en toi coexistent. Dans des vies antérieures, tu as vécu un excès d'ego à travers une réalisation artistique ou sociale, te nourrissant de cette reconnaissance jusqu'à en devenir fou.folle ou violent.e.
Aujourd'hui, tu te sens jamais assez bien, jamais assez méritant.e, tout en cherchant constamment à être au centre de l'attention et à ramener les choses à toi. Tu es extrêmement susceptible : chaque mot peut être perçu comme un rejet. Tu vis une ambivalence forte avec la figure paternelle (idéalisation, dépassement, compétition) et une obligation interne de réussir et de briller. Tu peux développer une obsession pour la famille et les enfants de manière patriarcale, valorisant le respect et la fierté. Tu rejettes les personnes narcissiques, égocentriques, dominantes, ou celles qui ne te reconnaissent pas assez ou qui n'arrivent pas à briller. Dans tes relations amoureuses, tu ne te sens pas à la hauteur, tu fuis tout en reprochant à l'autre de t'avoir rejeté.e.
Ta voie de réalisation passe par la créativité pour découvrir tes vraies qualités et accepter la critique, ou par la parentalité où l'enfant agira comme un miroir, t'apprenant à mettre ton ego de côté pour faire de la place à l'autre. Tu dois apprendre à t'aimer ni en excès ni en manque."
lune_noire,Maison,5,"""Ta Lune Noire en Lion révèle un paradoxe autour de l'ego et de la reconnaissance. Tu portes une blessure égotique profonde qui crée une alternance entre un ego démesuré et un ego défaillant : hyper confiance et manque total de confiance en toi coexistent. Dans des vies antérieures, tu as vécu un excès d'ego à travers une réalisation artistique ou sociale, te nourrissant de cette reconnaissance jusqu'à en devenir fou.folle ou violent.e.
Aujourd'hui, tu te sens jamais assez bien, jamais assez méritant.e, tout en cherchant constamment à être au centre de l'attention et à ramener les choses à toi. Tu es extrêmement susceptible : chaque mot peut être perçu comme un rejet. Tu vis une ambivalence forte avec la figure paternelle (idéalisation, dépassement, compétition) et une obligation interne de réussir et de briller. Tu peux développer une obsession pour la famille et les enfants de manière patriarcale, valorisant le respect et la fierté. Tu rejettes les personnes narcissiques, égocentriques, dominantes, ou celles qui ne te reconnaissent pas assez ou qui n'arrivent pas à briller. Dans tes relations amoureuses, tu ne te sens pas à la hauteur, tu fuis tout en reprochant à l'autre de t'avoir rejeté.e.
Ta voie de réalisation passe par la créativité pour découvrir tes vraies qualités et accepter la critique, ou par la parentalité où l'enfant agira comme un miroir, t'apprenant à mettre ton ego de côté pour faire de la place à l'autre. Tu dois apprendre à t'aimer ni en excès ni en manque."""
lune_noire,Signe,Vierge,"Ta Lune Noire en Vierge révèle un paradoxe autour du service, de la perfection et du contrôle. Tu portes une hyper-exigence et une obsession de l'ordre, de la propreté et de la pureté absolue. Dans des vies antérieures, tu t'es mis.e au service des autres de manière extrême, t'oubliant complètement pour l'autre, ce qui crée aujourd'hui une méfiance vis-à-vis du don de soi.
Aujourd'hui, tu as un besoin compulsif de te mettre au service pour te sentir utile et exister, ne t'aimant pas réellement si tu ne rends pas service. Ton plan mental et analytique est surdéveloppé, tu pointes le moindre défaut chez les autres (qui te renvoient tes propres imperfections que tu ne supportes pas), et tu vis dans une recherche absolue de perfection. Tu rejettes à la fois les personnes trop strictes et analytiques (comme toi) et celles qui sont désorganisées et indisciplinées. Tu as une obsession pour l'hygiène de vie et alimentaire, rejetant ceux qui ne s'imposent pas ces principes.
Tu vis dans une peur viscérale de perdre ton autonomie, de la maladie (hypocondrie), des imprévus qui bousculent ta routine, et de renvoyer une image imparfaite ou médiocre. Tu crains par-dessus tout de perdre le contrôle, de paraître faible.faible ou de te sentir dépassé.e par les circonstances. Ton quotidien strict te rassure face à un sentiment profond d'inutilité.
Ta voie de réalisation passe par un métier de service où tu te sentiras utile, tout en apprenant à mieux gérer le don de soi sans t'oublier ni fuir cette mission."
lune_noire,Maison,6,"Ta Lune Noire en Vierge révèle un paradoxe autour du service, de la perfection et du contrôle. Tu portes une hyper-exigence et une obsession de l'ordre, de la propreté et de la pureté absolue. Dans des vies antérieures, tu t'es mis.e au service des autres de manière extrême, t'oubliant complètement pour l'autre, ce qui crée aujourd'hui une méfiance vis-à-vis du don de soi.
Aujourd'hui, tu as un besoin compulsif de te mettre au service pour te sentir utile et exister, ne t'aimant pas réellement si tu ne rends pas service. Ton plan mental et analytique est surdéveloppé, tu pointes le moindre défaut chez les autres (qui te renvoient tes propres imperfections que tu ne supportes pas), et tu vis dans une recherche absolue de perfection. Tu rejettes à la fois les personnes trop strictes et analytiques (comme toi) et celles qui sont désorganisées et indisciplinées. Tu as une obsession pour l'hygiène de vie et alimentaire, rejetant ceux qui ne s'imposent pas ces principes.
Tu vis dans une peur viscérale de perdre ton autonomie, de la maladie (hypocondrie), des imprévus qui bousculent ta routine, et de renvoyer une image imparfaite ou médiocre. Tu crains par-dessus tout de perdre le contrôle, de paraître faible.faible ou de te sentir dépassé.e par les circonstances. Ton quotidien strict te rassure face à un sentiment profond d'inutilité.
Ta voie de réalisation passe par un métier de service où tu te sentiras utile, tout en apprenant à mieux gérer le don de soi sans t'oublier ni fuir cette mission."
lune_noire,Signe,Balance,"Ta Lune Noire en Balance révèle un paradoxe autour du couple, des relations et de l'image. Tu portes une vision idéalisée et rejetée du couple simultanément : tu as une image précise de ce que doit être une relation et tu demandes à l'autre de s'y conformer, ce qui t'éloigne de l'amour véritable. Dans des vies antérieures, tu as vécu des couples difficiles avec des séparations violentes, une injonction forte du couple, un échec sentimental ou une prise de pouvoir sur l'autre.
Aujourd'hui, tu vis une méfiance envers les relations tout en recherchant absolument à être aimé.e, intégré.e socialement et à plaire, pour savoir si tu es digne d'amour. Tu veux une relation parfaite et harmonieuse, mais tu choisis des partenaires contradictoires : ambigus, tourmenté.e.s, instables. Tu as une peur absolue d'être seul.e et en même temps une difficulté à vivre en couple, te sentant vite oppressé.e. Tu réponds aux désirs de l'autre pour acheter son amour, tout en exigeant qu'il/elle se conforme à ton image du couple (contrôle, manipulation), avec un manque d'indulgence.
Tu as une obsession pour ton apparence physique et ton image, cherchant à plaire et séduire, tout en rejetant ceux/celles qui misent tout sur leur physique (trop superficiel.le.s) ou qui ne savent pas se mettre en valeur. Tu rejettes aussi les personnes trop douces, conciliantes, peu affirmées. Tu peux désirer être constamment entouré.e pour combler un vide intérieur, tout en refusant de te conformer aux mondanités et aux demandes sociales.
Ta voie de réalisation passe par l'affirmation de ton identité propre avant de t'exercer dans le couple, et par la création de collaborations et partenariats équilibrés."
lune_noire,Maison,7,"Ta Lune Noire en Balance révèle un paradoxe autour du couple, des relations et de l'image. Tu portes une vision idéalisée et rejetée du couple simultanément : tu as une image précise de ce que doit être une relation et tu demandes à l'autre de s'y conformer, ce qui t'éloigne de l'amour véritable. Dans des vies antérieures, tu as vécu des couples difficiles avec des séparations violentes, une injonction forte du couple, un échec sentimental ou une prise de pouvoir sur l'autre.
Aujourd'hui, tu vis une méfiance envers les relations tout en recherchant absolument à être aimé.e, intégré.e socialement et à plaire, pour savoir si tu es digne d'amour. Tu veux une relation parfaite et harmonieuse, mais tu choisis des partenaires contradictoires : ambigus, tourmenté.e.s, instables. Tu as une peur absolue d'être seul.e et en même temps une difficulté à vivre en couple, te sentant vite oppressé.e. Tu réponds aux désirs de l'autre pour acheter son amour, tout en exigeant qu'il/elle se conforme à ton image du couple (contrôle, manipulation), avec un manque d'indulgence.
Tu as une obsession pour ton apparence physique et ton image, cherchant à plaire et séduire, tout en rejetant ceux/celles qui misent tout sur leur physique (trop superficiel.le.s) ou qui ne savent pas se mettre en valeur. Tu rejettes aussi les personnes trop douces, conciliantes, peu affirmées. Tu peux désirer être constamment entouré.e pour combler un vide intérieur, tout en refusant de te conformer aux mondanités et aux demandes sociales.
Ta voie de réalisation passe par l'affirmation de ton identité propre avant de t'exercer dans le couple, et par la création de collaborations et partenariats équilibrés."
lune_noire,Signe,Scorpion,"Ta Lune Noire en Scorpion révèle un paradoxe autour du contrôle, de la violence et de la transformation. Ce placement est particulièrement difficile car il active les parts les plus sombres du Scorpion. Dans des vies antérieures, tu as vécu des expériences traumatiques : guerre, haine, violence, destruction, dépossession, et une confrontation très violente à la mort. Ces souvenirs ont laissé une empreinte karmique profonde, un trouble au fond de ton âme qui nécessite une thérapie pour s'épurer.
Aujourd'hui, tu vis dans des angoisses paralysantes, de l'hyperanxiété et des peurs que tu ne comprends pas toujours comme faisant partie de toi. Tu as un besoin de contrôle absolu sur toi et les autres par sentiment profond d'insécurité, tout en refusant que quiconque exerce le moindre contrôle sur toi. Tu as besoin de plonger constamment dans des tourments, de ressentir intensément passion et destruction, attraction et répulsion, danger et risque. Tu as du mal à être dans la juste mesure, basculant souvent dans l'autodestruction et la radicalité, te mettant consciemment ou inconsciemment dans des situations dangereuses.
Tu es attiré.e par l'ésotérisme, l'argent, les secrets, le sexe, la psychologie et les mystères, mais tu ne supportes pas qu'on te cache des choses. Tu as un attrait pour la vengeance et la rancune, le pardon est difficile. Tu rejettes les figures d'autorité et les personnes sans contrôle sur elles-mêmes, ainsi que les personnes superficielles. Tes peurs viscérales : être abusé.e, violenté.e, trahi.e, perdre le contrôle, montrer ta vulnérabilité, être exposé.e. Tu vis une fascination/répulsion pour la mort, le sexe et la violence.
Ta voie de réalisation passe par le développement d'un talent de chercheur.euse : plonger dans les profondeurs de ton inconscient en devenant thérapeute, te lancer dans l'ésotérisme pour percer les secrets existentiels, ou devenir chercheur.euse en sciences humaines pour mieux comprendre l'humain et aider les autres à se transformer."
lune_noire,Maison,8,"Ta Lune Noire en Scorpion révèle un paradoxe autour du contrôle, de la violence et de la transformation. Ce placement est particulièrement difficile car il active les parts les plus sombres du Scorpion. Dans des vies antérieures, tu as vécu des expériences traumatiques : guerre, haine, violence, destruction, dépossession, et une confrontation très violente à la mort. Ces souvenirs ont laissé une empreinte karmique profonde, un trouble au fond de ton âme qui nécessite une thérapie pour s'épurer.
Aujourd'hui, tu vis dans des angoisses paralysantes, de l'hyperanxiété et des peurs que tu ne comprends pas toujours comme faisant partie de toi. Tu as un besoin de contrôle absolu sur toi et les autres par sentiment profond d'insécurité, tout en refusant que quiconque exerce le moindre contrôle sur toi. Tu as besoin de plonger constamment dans des tourments, de ressentir intensément passion et destruction, attraction et répulsion, danger et risque. Tu as du mal à être dans la juste mesure, basculant souvent dans l'autodestruction et la radicalité, te mettant consciemment ou inconsciemment dans des situations dangereuses.
Tu es attiré.e par l'ésotérisme, l'argent, les secrets, le sexe, la psychologie et les mystères, mais tu ne supportes pas qu'on te cache des choses. Tu as un attrait pour la vengeance et la rancune, le pardon est difficile. Tu rejettes les figures d'autorité et les personnes sans contrôle sur elles-mêmes, ainsi que les personnes superficielles. Tes peurs viscérales : être abusé.e, violenté.e, trahi.e, perdre le contrôle, montrer ta vulnérabilité, être exposé.e. Tu vis une fascination/répulsion pour la mort, le sexe et la violence.
Ta voie de réalisation passe par le développement d'un talent de chercheur.euse : plonger dans les profondeurs de ton inconscient en devenant thérapeute, te lancer dans l'ésotérisme pour percer les secrets existentiels, ou devenir chercheur.euse en sciences humaines pour mieux comprendre l'humain et aider les autres à se transformer."
lune_noire,Signe,Sagittaire,"Ta Lune Noire en Sagittaire révèle un paradoxe autour de la quête de sens, de la liberté et de la vérité. Tu portes une tension interne liée à une recherche absolue de réponses sur le sens de l'existence, ce qui t'amène à te plonger avec fanatisme dans des spiritualités et courants religieux, tout en refusant pourtant tout dogme qui t'enfermerait. Dans des vies antérieures, tu as pu vivre l'immigration et le déracinement, des vies de guide spirituel, et une volonté de transgresser l'ordre établi, la loi et la justice, avec une intolérance envers l'étranger.
Aujourd'hui, tu vis un décalage profond au niveau identitaire et culturel. Tu mènes une quête sans fin de liberté, de grands espaces, de savoir absolu, cherchant des réponses dans le monde qui sonneraient comme une vérité. Tu refuses le conformisme social et tout ce qui limite, peinant à te plier aux lois car tu te sens limité.e par elles. Tu rejettes ou idéalises les études et les diplômes, tu vis une contre-phobie concernant les voyages (idéalisation et peur simultanées), et tu refuses l'ordre moral en imposant aux autres tes propres croyances. Ton idéalisme te rend insatisfait.e de toi, de ta vie et des autres.
Tu portes un complexe de supériorité (qui cache un complexe d'infériorité) et une nature excessive. Tu rejettes l'autorité, les lois, l'élite, la ""bourgeoisie"" qui symbolise la réussite sociale que tu idéalises mais refuses pour toi-même. Tu rejettes les personnes qui se sentent supérieures ou arrogantes, comme celles qui ne se prennent pas en charge. Tu rejettes l'étranger et les personnes différentes, tout en rejetant les personnes racistes. Tu rejettes l'ouverture d'esprit comme la ""petitesse"" d'esprit.
Tes peurs viscérales : ne jamais trouver ta juste place, la réussite que tu recherches, le sens des choses, ne pas être à la hauteur de ta propre exigence, être inférieur.e.
Ta voie de réalisation passe par l'acceptation du non-sens, comprendre qu'il n'existe pas de sens absolu, ou travailler dans la justice."
lune_noire,Maison,9,"Ta Lune Noire en Sagittaire révèle un paradoxe autour de la quête de sens, de la liberté et de la vérité. Tu portes une tension interne liée à une recherche absolue de réponses sur le sens de l'existence, ce qui t'amène à te plonger avec fanatisme dans des spiritualités et courants religieux, tout en refusant pourtant tout dogme qui t'enfermerait. Dans des vies antérieures, tu as pu vivre l'immigration et le déracinement, des vies de guide spirituel, et une volonté de transgresser l'ordre établi, la loi et la justice, avec une intolérance envers l'étranger.
Aujourd'hui, tu vis un décalage profond au niveau identitaire et culturel. Tu mènes une quête sans fin de liberté, de grands espaces, de savoir absolu, cherchant des réponses dans le monde qui sonneraient comme une vérité. Tu refuses le conformisme social et tout ce qui limite, peinant à te plier aux lois car tu te sens limité.e par elles. Tu rejettes ou idéalises les études et les diplômes, tu vis une contre-phobie concernant les voyages (idéalisation et peur simultanées), et tu refuses l'ordre moral en imposant aux autres tes propres croyances. Ton idéalisme te rend insatisfait.e de toi, de ta vie et des autres.
Tu portes un complexe de supériorité (qui cache un complexe d'infériorité) et une nature excessive. Tu rejettes l'autorité, les lois, l'élite, la ""bourgeoisie"" qui symbolise la réussite sociale que tu idéalises mais refuses pour toi-même. Tu rejettes les personnes qui se sentent supérieures ou arrogantes, comme celles qui ne se prennent pas en charge. Tu rejettes l'étranger et les personnes différentes, tout en rejetant les personnes racistes. Tu rejettes l'ouverture d'esprit comme la ""petitesse"" d'esprit.
Tes peurs viscérales : ne jamais trouver ta juste place, la réussite que tu recherches, le sens des choses, ne pas être à la hauteur de ta propre exigence, être inférieur.e.
Ta voie de réalisation passe par l'acceptation du non-sens, comprendre qu'il n'existe pas de sens absolu, ou travailler dans la justice."
lune_noire,Signe,Capricorne,"Ta Lune Noire en Capricorne révèle un paradoxe autour du père, de l'autorité et de la réussite. Tu portes une ambiguïté profonde dans ta relation au père (haine et amour, conflits, rivalité) et au poids écrasant de ta lignée familiale qui semble imposer un modèle de référence. Tu oscilles entre rejet total et adhésion totale à ce modèle, cherchant à t'y plier tout en le redoutant. Dans des vies antérieures, tu as abusé d'un grand pouvoir sur les autres et exercé une domination forte.
Aujourd'hui, tu portes des ambitions démesurées avec une hyper-exigence et une auto-discipline exacerbées, tout en refusant simultanément l'ordre et le contrôle d'autrui. Tu refuses la hiérarchie et l'autorité, voulant conserver la suprématie de ton propre cadre de vie. Paradoxalement, réussir signifierait satisfaire ton père, ce qui te pousse vers l'auto-sabotage et l'échec malgré ton désir profond d'ambition. Tu es dans une intolérance absolue envers ta propre faiblesse, tes failles et ta vulnérabilité.
Tu rejettes ton émotivité, associant les émotions à de la faiblesse, te construisant une carapace pour éviter la souffrance. Tu vis dans le contrôle, la froideur, le pessimisme et le cynisme, avec une insatisfaction perpétuelle. Tu as un besoin extrême de sécuriser ta vie (notamment ton emploi) et recherches la solitude dans une vie dépouillée (figure de l'ermite). Le lâcher-prise est très difficile pour toi.
Tu rejettes les personnes manquant de sérieux, d'auto-contrôle et de constance, comme celles qui sont trop strictes, froides et autoritaires. Tu imposes tes directives aux autres, et ceux/celles qui les refusent provoquent ta colère.
Tes peurs viscérales : trop te dévoiler, te laisser aller et être rejeté.e, ne pas concrétiser tes ambitions professionnelles élevées, manquer, être en danger, ne plus avoir de cadre rassurant. Tu peines à réaliser tes ambitions profondes car tu n'es jamais assez sûr.e de toi.
Ta voie de réalisation passe par le travail (lieu de réalisation avec modestie) ou par la parentalité, pour comprendre la position paternelle et la place du/de la chef.fe de famille, ce qui t'obligera à comprendre ton père."
lune_noire,Maison,10,"Ta Lune Noire en Capricorne révèle un paradoxe autour du père, de l'autorité et de la réussite. Tu portes une ambiguïté profonde dans ta relation au père (haine et amour, conflits, rivalité) et au poids écrasant de ta lignée familiale qui semble imposer un modèle de référence. Tu oscilles entre rejet total et adhésion totale à ce modèle, cherchant à t'y plier tout en le redoutant. Dans des vies antérieures, tu as abusé d'un grand pouvoir sur les autres et exercé une domination forte.
Aujourd'hui, tu portes des ambitions démesurées avec une hyper-exigence et une auto-discipline exacerbées, tout en refusant simultanément l'ordre et le contrôle d'autrui. Tu refuses la hiérarchie et l'autorité, voulant conserver la suprématie de ton propre cadre de vie. Paradoxalement, réussir signifierait satisfaire ton père, ce qui te pousse vers l'auto-sabotage et l'échec malgré ton désir profond d'ambition. Tu es dans une intolérance absolue envers ta propre faiblesse, tes failles et ta vulnérabilité.
Tu rejettes ton émotivité, associant les émotions à de la faiblesse, te construisant une carapace pour éviter la souffrance. Tu vis dans le contrôle, la froideur, le pessimisme et le cynisme, avec une insatisfaction perpétuelle. Tu as un besoin extrême de sécuriser ta vie (notamment ton emploi) et recherches la solitude dans une vie dépouillée (figure de l'ermite). Le lâcher-prise est très difficile pour toi.
Tu rejettes les personnes manquant de sérieux, d'auto-contrôle et de constance, comme celles qui sont trop strictes, froides et autoritaires. Tu imposes tes directives aux autres, et ceux/celles qui les refusent provoquent ta colère.
Tes peurs viscérales : trop te dévoiler, te laisser aller et être rejeté.e, ne pas concrétiser tes ambitions professionnelles élevées, manquer, être en danger, ne plus avoir de cadre rassurant. Tu peines à réaliser tes ambitions profondes car tu n'es jamais assez sûr.e de toi.
Ta voie de réalisation passe par le travail (lieu de réalisation avec modestie) ou par la parentalité, pour comprendre la position paternelle et la place du/de la chef.fe de famille, ce qui t'obligera à comprendre ton père."
lune_noire,Signe,Verseau,"Ta Lune Noire en Verseau révèle un paradoxe autour de la liberté, de l'individualité et du collectif. Tu portes des idéaux humanistes et solidaires avec une volonté de fraternité et de collaboration en groupe, mais en réalité ta volonté d'indépendance est si forte que tu rejettes le groupe et as du mal à nouer des amitiés par peur de perdre ta singularité. Tu aimes l'humanité mais tu as des difficultés avec l'individu. Dans des vies antérieures, tu as été militant.e, révolutionnaire, syndicaliste, vivant des rébellions pour modifier l'ordre social et politique.
Aujourd'hui, tu prônes les concepts intellectuels plutôt que les émotions, ce qui rend difficile ton lien émotionnel aux humains. Tu idéalises le milieu militant tout en t'en méfiant, en percevant toutes ses limites. Tu as une volonté exacerbée et égotique de cultiver ton originalité et ta différence, avec une peur viscérale d'être comme tout le monde. La norme et la masse sont pour toi à rejeter automatiquement, tu prends systématiquement le contre-courant. Tu as un rapport ambigu à l'amitié (idéalisation et peur simultanées).
Tu as un problème dans ton rapport à la liberté : tu veux être libre sans te donner les moyens réels de l'être, prônant ton droit à la liberté tout en cherchant des situations enfermantes. Tu refuses tout ordre social au nom de la liberté, ce qui paradoxalement peut t'enfermer dans la précarité ou la marginalité. Tout système, groupe, contexte ou individu constitue une menace à ta liberté que tu rejettes avec force, te sentant immédiatement attaqué.e car tu n'es pas sûr.e toi-même de ce qu'est la liberté.
Tu cherches désespérément à laisser ton empreinte et ton impact social (placement d'inventeur.euse, notion de progrès), mais rien n'est jamais assez absolu, parfait ou brillant à tes yeux. Tu rejettes les personnes trop libres, chaotiques, comme celles prisonnières de la norme. Tu rejettes celles trop différentes ou atypiques, comme celles trop ""normales"".
Tes peurs viscérales : ne pas exister, être comme tout le monde, ne pas être accepté.e comme tu es, le rejet.
Ta voie de réalisation passe par le développement de ton côté visionnaire en réalisant une œuvre collective et solidaire, en mettant ton ego de côté au profit du collectif. Sinon, tu subiras de plein fouet le rejet, ce qui renforcera ta structure égotique de manière négative et souffrante."
lune_noire,Maison,11,"Ta Lune Noire en Verseau révèle un paradoxe autour de la liberté, de l'individualité et du collectif. Tu portes des idéaux humanistes et solidaires avec une volonté de fraternité et de collaboration en groupe, mais en réalité ta volonté d'indépendance est si forte que tu rejettes le groupe et as du mal à nouer des amitiés par peur de perdre ta singularité. Tu aimes l'humanité mais tu as des difficultés avec l'individu. Dans des vies antérieures, tu as été militant.e, révolutionnaire, syndicaliste, vivant des rébellions pour modifier l'ordre social et politique.
Aujourd'hui, tu prônes les concepts intellectuels plutôt que les émotions, ce qui rend difficile ton lien émotionnel aux humains. Tu idéalises le milieu militant tout en t'en méfiant, en percevant toutes ses limites. Tu as une volonté exacerbée et égotique de cultiver ton originalité et ta différence, avec une peur viscérale d'être comme tout le monde. La norme et la masse sont pour toi à rejeter automatiquement, tu prends systématiquement le contre-courant. Tu as un rapport ambigu à l'amitié (idéalisation et peur simultanées).
Tu as un problème dans ton rapport à la liberté : tu veux être libre sans te donner les moyens réels de l'être, prônant ton droit à la liberté tout en cherchant des situations enfermantes. Tu refuses tout ordre social au nom de la liberté, ce qui paradoxalement peut t'enfermer dans la précarité ou la marginalité. Tout système, groupe, contexte ou individu constitue une menace à ta liberté que tu rejettes avec force, te sentant immédiatement attaqué.e car tu n'es pas sûr.e toi-même de ce qu'est la liberté.
Tu cherches désespérément à laisser ton empreinte et ton impact social (placement d'inventeur.euse, notion de progrès), mais rien n'est jamais assez absolu, parfait ou brillant à tes yeux. Tu rejettes les personnes trop libres, chaotiques, comme celles prisonnières de la norme. Tu rejettes celles trop différentes ou atypiques, comme celles trop ""normales"".
Tes peurs viscérales : ne pas exister, être comme tout le monde, ne pas être accepté.e comme tu es, le rejet.
Ta voie de réalisation passe par le développement de ton côté visionnaire en réalisant une œuvre collective et solidaire, en mettant ton ego de côté au profit du collectif. Sinon, tu subiras de plein fouet le rejet, ce qui renforcera ta structure égotique de manière négative et souffrante."
lune_noire,Signe,Poissons,"Ta Lune Noire en Poissons révèle un paradoxe autour de l'inconscient, de la spiritualité et de la folie. Ce placement est particulièrement difficile car il se loge au fond de l'inconscient, rendant difficile la conscientisation. En Maison 12, il évoque une blessure d'âme et transgénérationnelle : tu t'es choisi.e une famille qui répond en miroir à ta blessure karmique pour la soigner et libérer la lignée. Dans des vies antérieures, tu as vécu la folie, la psychiatrie, l'enfermement, l'abandon, le manque d'amour total, ou tu as été gourou.e vivant dans le fantasme ou le dogme spirituel.
Aujourd'hui, tu portes une peur de ta propre folie et de la maladie mentale, de sombrer dans un absolu indifférencié sans formes ni contours. Tu vis des expériences étranges, des confusions, possiblement des expériences paranormales, et tu dois apprendre à les dissocier de la réalité pour ne pas te laisser aller au délire. Tu as une fascination pour la spiritualité où tu recherches du danger pour tester tes limites, ou un rejet complet de cet univers. Tu es sensible aux addictions sous toutes leurs formes (drogues, alcool, art, jeux, idéologies, imaginaire) - tout ce qui permet de fuir une réalité trop difficile à appréhender.
Tu as une tendance au sacrifice, au déni de soi, à l'oubli de toi, avec un tempérament de sauveur.euse qui t'entraîne dans des relations toxiques. Tu as besoin de montrer ta gentillesse pour te convaincre d'être quelqu'un.e de bien, vivant avec un ego dissolu difficile. Tu peux avoir tendance à cacher des aspects de ta vie, mener des projets secrets, mentir, mener une double vie. Tu rejettes les personnes trop sensibles/naïves, trop dépendantes/soumises ou trop autonomes, manquant d'empathie.
Tes peurs viscérales : la tromperie, les déceptions, l'abandon, voir le monde tel qu'il est par peur d'être déçu.e. Dans ton vécu familial, il a pu y avoir des décès, secrets, tabous, violences remontant loin dans les ancêtres.
Ta voie de réalisation passe par le service aux autres en utilisant tes dons (art, musique), et en te confrontant à l'autre pour revenir aux limites et ne pas sombrer dans tes talents. Une thérapie transgénérationnelle sera essentielle pour libérer les mémoires ancestrales qui réactivent ta blessure d'âme."
lune_noire,Maison,12,"Ta Lune Noire en Poissons révèle un paradoxe autour de l'inconscient, de la spiritualité et de la folie. Ce placement est particulièrement difficile car il se loge au fond de l'inconscient, rendant difficile la conscientisation. En Maison 12, il évoque une blessure d'âme et transgénérationnelle : tu t'es choisi.e une famille qui répond en miroir à ta blessure karmique pour la soigner et libérer la lignée. Dans des vies antérieures, tu as vécu la folie, la psychiatrie, l'enfermement, l'abandon, le manque d'amour total, ou tu as été gourou.e vivant dans le fantasme ou le dogme spirituel.
Aujourd'hui, tu portes une peur de ta propre folie et de la maladie mentale, de sombrer dans un absolu indifférencié sans formes ni contours. Tu vis des expériences étranges, des confusions, possiblement des expériences paranormales, et tu dois apprendre à les dissocier de la réalité pour ne pas te laisser aller au délire. Tu as une fascination pour la spiritualité où tu recherches du danger pour tester tes limites, ou un rejet complet de cet univers. Tu es sensible aux addictions sous toutes leurs formes (drogues, alcool, art, jeux, idéologies, imaginaire) - tout ce qui permet de fuir une réalité trop difficile à appréhender.
Tu as une tendance au sacrifice, au déni de soi, à l'oubli de toi, avec un tempérament de sauveur.euse qui t'entraîne dans des relations toxiques. Tu as besoin de montrer ta gentillesse pour te convaincre d'être quelqu'un.e de bien, vivant avec un ego dissolu difficile. Tu peux avoir tendance à cacher des aspects de ta vie, mener des projets secrets, mentir, mener une double vie. Tu rejettes les personnes trop sensibles/naïves, trop dépendantes/soumises ou trop autonomes, manquant d'empathie.
Tes peurs viscérales : la tromperie, les déceptions, l'abandon, voir le monde tel qu'il est par peur d'être déçu.e. Dans ton vécu familial, il a pu y avoir des décès, secrets, tabous, violences remontant loin dans les ancêtres.
Ta voie de réalisation passe par le service aux autres en utilisant tes dons (art, musique), et en te confrontant à l'autre pour revenir aux limites et ne pas sombrer dans tes talents. Une thérapie transgénérationnelle sera essentielle pour libérer les mémoires ancestrales qui réactivent ta blessure d'âme."
chiron,Signe,Bélier,"Ta blessure de Chiron en Bélier s'ancre dans une blessure profonde de l'identité et du ""je suis"". Née de situations passées où tu as été critiqué.e ou ignoré.e lorsque tu tentais de t'affirmer, d'un sentiment d'invisibilité précoce, ou de la conviction que tes besoins étaient secondaires par rapport à ceux des autres, cette blessure t'a convaincu.e que tu n'avais pas le droit d'exister pleinement. Elle se manifeste par une difficulté à exister sans justification, un refus instinctif de l'autorité et de l'agressivité, et une peur tenace d'être ""trop"" ou ""pas assez"". Sur le plan émotionnel, elle génère un manque de confiance, une dépendance à l'approbation extérieure pour se sentir légitime, et une paralysie face au risque d'être rejeté.e si l'on se montre authentique. Dans les relations, elle se traduit par une tendance à s'effacer pour éviter les conflits, à se sacrifier pour maintenir la paix, et à chercher constamment une validation qui ne vient jamais combler le vide intérieur. Le chemin de guérison passe par la réconciliation avec sa propre valeur intrinsèque, l'apprentissage de l'affirmation sereine sans quête d'approbation, et la capacité à poser des limites en se disant oui à soi-même. Les talents naturels associés à ce Chiron guéri se révèlent dans les domaines du sport, des arts martiaux, de la compétition, des métiers d'action et de l'aventure — autant d'espaces où l'affirmation de soi devient puissance. Un point d'attention côté santé : surveiller la consommation de viande rouge, d'alcool et d'épices fortes, qui peuvent générer maux de tête et éruptions cutanées. Le don de guérison de ce Chiron est d'amener les autres à développer leur propre différence, en devenant un modèle de leadership authentique qui montre que la vulnérabilité peut être le point de départ d'une affirmation plus puissante."
chiron,Maison,1,"Vie antérieure marquée par une difficulté à s'affirmer, exprimer ses désirs, passer à l'action et développer sa personnalité. Projet d'apprendre à être soi-même. Ta blessure de Chiron en Maison 1 s'ancre dans la peur du regard de l'autre et le doute sur ta légitimité à exister. Née d'expériences de jugement, de rejet ou d'invisibilisation dès l'enfance (critiques sur l'apparence, pression de conformité, manque de validation), elle génère une hypersensibilité au regard extérieur, un besoin constant de validation et l'adoption de masques sociaux pour te protéger. Les croyances limitantes associées tournent autour du sentiment de ne pas être assez, de devoir te cacher pour être accepté.e, et de déranger quand tu prends ta place. Le chemin de guérison passe par l'autorisation de t'affirmer sans masque, de poser des limites, et d'accueillir tes émotions comme des signaux de ton authenticité. Le don de guérison de ce Chiron — appelé ""Phénix de l'Identité"" — est de devenir un modèle d'intégrité personnelle, capable d'inspirer les autres à s'accepter radicalement et à incarner leur unicité sans crainte du jugement.
"
chiron,Signe,Taureau,"Ta blessure de Chiron en Taureau s'ancre dans une blessure profonde de l'estime de soi et du rapport au corps et à l'incarnation. Née d'un environnement où la sécurité matérielle, affective ou émotionnelle manquait, ou de situations passées où tu t'es senti.e rejeté.e ou insuffisant.e, cette blessure t'a convaincu.e que ta valeur dépendait de ce que tu possèdes ou de ton apparence extérieure. Elle se manifeste par une difficulté à assumer pleinement ses désirs, à posséder et à se développer sans culpabilité, ainsi que par un sentiment tenace de ne jamais être ""assez"". Sur le plan émotionnel, elle génère une insécurité profonde liée à l'apparence ou au succès matériel, une peur chronique du manque — d'amour, de temps, d'argent — et une tendance à s'accrocher aux possessions ou aux personnes comme substituts d'une sécurité intérieure absente. Dans les relations, elle se traduit par des dynamiques de dépendance, une possessivité née de la peur de perdre, et une recherche constante de validation extérieure pour compenser une faible estime de soi. Le chemin de guérison passe par la reconnaissance de sa valeur intrinsèque indépendante de toute possession ou opinion extérieure, la reconnexion au corps et à la Terre, et la libération des croyances de manque et d'insuffisance. Les talents naturels associés à ce Chiron guéri s'expriment dans les arts, la musique, la décoration, la sculpture, la cuisine et tout ce qui touche à la nature et à la beauté sensorielle — avec un attrait naturel pour les questions d'argent et d'abondance matérielle. Un point d'attention côté santé : la gorge et la thyroïde sont des zones sensibles, avec une vigilance à porter sur la prise de poids et le cholestérol. Le don de guérison de ce Chiron est de guider les autres à développer leurs propres capacités et à se reconnecter à leur valeur intrinsèque, en devenant une source vivante d'apaisement et d'abondance pour soi et pour ceux qui les entourent."
chiron,Maison,2,"Vie antérieure marquée par une difficulté en lien avec la sécurité, l'argent, le rapport à la matière, aux possessions et à l'alimentation. Projet d'apprendre à se sécuriser intérieurement, sans besoin d'accumuler. Ta blessure de Chiron en Maison 2 s'ancre dans un sentiment profond de manque de sécurité — financière, émotionnelle ou affective — qui a érodé ton estime personnelle. Née d'un environnement où l'argent était source d'angoisse, où l'affection devait se mériter, ou encore où tes talents n'ont jamais été vraiment reconnus, cette blessure t'a fait douter de ton droit à recevoir en abondance — que ce soit l'amour, la joie ou la prospérité matérielle. Les dynamiques de protection qui en découlent incluent un sentiment de manque constant, une anxiété face à l'instabilité, une tendance à prouver ta valeur par ce que tu possèdes ou offres, et une difficulté à recevoir sans culpabilité. Les croyances limitantes tournent autour du fait de ne pas mériter l'abondance, de devoir se battre pour exister, ou de n'avoir de valeur qu'à travers ses possessions. Le chemin de guérison passe par la reconnexion à ta valeur intrinsèque — indépendante de l'argent ou de la validation externe — et par l'autorisation de recevoir pleinement, dans toutes les sphères de ta vie. Le don de guérison de ce Chiron — appelé ""Gardien de l'Abondance"" — est de montrer aux autres que la véritable sécurité vient de l'intérieur et que chacun a le droit de vivre dans la plénitude."
chiron,Signe,Gémeaux,"Ta blessure de Chiron en Gémeaux s'ancre dans une blessure profonde de la parole et du droit à s'exprimer. Née souvent d'une scolarité difficile, d'une enfance où l'on se sentait ""à part"", moqué.e, ignoré.e ou critiqué.e pour ses idées, ou d'un environnement où la voix semblait sans importance, cette blessure t'a convaincu.e que tes pensées ne méritaient pas d'être entendues. Elle se double d'un sentiment de ne pas être complet.e, d'une quête intérieure du jumeau karmique — cet autre qui pourrait enfin comprendre et refléter pleinement ce que l'on est. Sur le plan émotionnel, elle génère une peur persistante d'être jugé.e ou perçu.e comme insuffisamment intelligent.e, une tendance à douter de ses idées, à hésiter avant de prendre la parole, et à se perdre dans des ruminations sans fin. Dans les relations, elle se traduit par une suradaptation pour plaire, une tendance à adopter les idées des autres pour se sentir accepté.e, et un évitement de l'expression authentique par peur du rejet. Le chemin de guérison passe par la réconciliation avec sa propre voix, la confiance en sa manière unique — souvent anticonventionnelle — de penser, et l'abandon de la recherche de validation intellectuelle extérieure. Les talents naturels associés à ce Chiron guéri s'épanouissent dans la littérature, l'écriture, le théâtre, les voyages, l'apprentissage et la politique, avec un intérêt naturel pour de nombreux domaines intellectuels à la fois. Un point d'attention côté santé : les bronches et le système nerveux sont des zones sensibles à surveiller. Le don de guérison de ce Chiron est d'aider les autres à assumer pleinement leur façon de penser, aussi anticonventionnelle soit-elle, en devenant un facilitateur d'expression authentique qui crée des espaces d'échange sans jugement."
chiron,Maison,3,"Vie antérieure marquée par une difficulté avec la communication auprès de l'entourage, une blessure karmique
avec la fratrie, au moment de la scolarité, sur la confiance en soi pour apprendre, avoir des connaissances. Projet d'apprendre à parler. Ta blessure de Chiron en Maison 3 s'ancre dans une insécurité profonde autour de ta capacité à t'exprimer et à être entendu.e. Née d'expériences où ta voix a été étouffée, moquée ou ignorée — que ce soit dans un cadre familial où les enfants devaient se taire, à l'école où tes difficultés d'apprentissage n'ont pas été accueillies, ou encore face à des critiques répétées sur ta façon de communiquer — cette blessure t'a laissé.e avec le sentiment que tes idées ne valent rien et que mieux vaut se taire pour éviter le jugement. Sur le plan émotionnel, elle se manifeste par de l'anxiété sociale, de l'autocritique et un doute constant sur ta capacité à bien t'exprimer. Dans tes relations, elle pousse à la superficialité ou à l'évitement pour ne pas risquer d'être critiqué.e, et à une quête permanente de validation intellectuelle. Le chemin de guérison passe par l'autorisation d'exprimer ta vérité, même imparfaitement, en écoutant tes propres pensées avant de les adapter aux attentes des autres, et en osant affirmer tes opinions sans craindre le conflit. Le don de guérison de ce Chiron — appelé ""Guérisseur des Mots"" — est de créer des ponts entre les cœurs et les esprits par une communication sincère, et d'aider les autres à retrouver leur propre voix avec clarté et confiance."
chiron,Signe,Cancer,"Ta blessure de Chiron en Cancer s'ancre dans une blessure profonde de l'attachement, souvent teintée d'un karma familial lourd à porter. Née d'un sentiment précoce d'être rejeté.e ou incompris.e, d'une relation difficile avec la figure maternelle, ou d'un environnement émotionnellement instable où les besoins affectifs étaient négligés, cette blessure t'a convaincu.e que tu n'étais pas digne d'être aimé.e sans condition. Elle se manifeste par une difficulté à accepter ses propres émotions envahissantes — qui débordent sans crier gare — et par une oscillation entre un attachement excessif par peur de l'abandon et un effacement total pour éviter le rejet. Sur le plan émotionnel, elle génère un besoin constant de réassurance affective, une hypersensibilité aux signes de désintérêt, et une tendance à revivre les blessures anciennes dans une mélancolie nostalgique. Dans les relations, elle se traduit par un sacrifice de soi pour assurer le confort des autres au détriment de ses propres besoins, une fusion dans les désirs de l'autre au point de perdre son propre fil, et une dépendance à la protection extérieure pour se sentir en sécurité. Le chemin de guérison passe par la reconnaissance que l'on peut être sa propre source de sécurité et d'amour, le développement de l'autonomie émotionnelle, et la libération douce des blessures héritées du système familial. Les talents naturels associés à ce Chiron guéri s'expriment dans une capacité rare à ressentir les émotions des autres, un attrait pour l'histoire et la mémoire collective, et une aptitude naturelle pour les métiers liés à l'eau et au soin. Un point d'attention côté santé : la digestion et l'estomac sont des zones sensibles, avec une tendance à la somatisation liée à une émotivité intense. Le don de guérison de ce Chiron est d'incarner une présence maternelle et réconfortante pour les autres, en devenant un pilier d'empathie qui accompagne chacun à devenir sa propre source de sécurité affective."
chiron,Maison,4,"Vie antérieure marquée par une difficulté familiale, pour créer et vivre avec son propre foyer ou se relier avec sa famille.
Sentiment d'être exclu de sa famille, histoire de vie mal vécue. Projet de recréer une famille pour se réconcilier avec la
parentalité. Ta blessure de Chiron en Maison 4 s'ancre dans un sentiment profond de ne pas appartenir, né d'un environnement familial où l'amour et la sécurité émotionnelle n'étaient pas constants. Foyer instable, déménagements fréquents, parent distant ou émotionnellement indisponible, tensions récurrentes à la maison — ces expériences t'ont laissé.e avec un sentiment de déracinement et de solitude, et la conviction douloureuse que tu es toujours de trop ou que tu ne peux compter sur personne. Sur le plan émotionnel, cette blessure se manifeste par une hypersensibilité à l'instabilité des proches et une nostalgie d'un ""chez-soi"" idéal qui n'a jamais vraiment existé. Dans tes relations, elle pousse à recréer inconsciemment des dynamiques familiales dysfonctionnelles, à avoir un besoin excessif de réassurance, et à craindre l'intimité par peur de l'abandon. Le chemin de guérison passe par la construction d'un foyer intérieur — apprendre à se donner à soi-même l'amour et la sécurité qu'on n'a pas reçus, poser des limites bienveillantes avec la famille, et se reconnecter à ses racines sans en être prisonnier.e. Le don de guérison de ce Chiron — appelé ""Architecte de l'Ancrage"" — est de créer des espaces de sécurité et d'appartenance pour soi et pour les autres, en montrant que les blessures familiales peuvent devenir des sources de sagesse et d'amour."
chiron,Signe,Lion,"Ta blessure de Chiron en Lion s'ancre dans une blessure profonde de la reconnaissance et de l'ego, souvent liée à une blessure karmique avec la figure paternelle et une dimension karmique affective plus large. Née de situations passées où tes talents ou ton individualité n'étaient pas valorisés, ou d'un environnement où tu devais constamment te surpasser pour obtenir attention et validation, cette blessure t'a convaincu.e que ta valeur dépendait de tes performances et du regard des autres. Elle se manifeste par une difficulté à s'accorder de la valeur intrinsèquement, un besoin de dominer ou d'être le/la meilleur.e pour exister, et une recherche compulsive de réussite comme substitut à une reconnaissance intérieure absente. Sur le plan émotionnel, elle génère une peur tenace d'être critiqué.e ou jugé.e si l'on se montre pleinement, une tendance à se comparer aux autres avec jalousie, et l'alternance entre un masque d'invincibilité et une créativité complètement refoulée. Dans les relations, elle se traduit par une conformité aux attentes des autres pour être accepté.e, une quête d'admiration pour compenser un manque d'estime de soi profond, et une difficulté à laisser les autres briller sans se sentir diminué.e. Le chemin de guérison passe par l'acceptation de sa propre valeur unique indépendamment du regard extérieur, la permission de créer pour le seul plaisir de créer, et la vulnérabilité assumée comme véritable force. Les talents naturels associés à ce Chiron guéri s'épanouissent dans les arts et tout ce qui touche à l'expression créative, avec un esprit inventif et rayonnant. Un point d'attention côté santé : le cœur, les yeux et la colonne vertébrale sont des zones sensibles, avec une vigilance sur la consommation de graisses animales. Le don de guérison de ce Chiron est de soutenir les autres à développer leur propre créativité et à oser se mettre en avant, en devenant une inspiration vivante qui rappelle que briller authentiquement est l'un des plus grands cadeaux que l'on puisse offrir au monde."
chiron,Maison,5,"Vie antérieure marquée par une difficulté avec les enfants, la peur d'en avoir et revivre une difficulté karmique. Difficulté
avec son père. Projet de briller, de créer, de trouver sa propre valeur intérieure et retrouver dans sa vie du plaisir et de
l'affectif. Ta blessure de Chiron en Maison 5 s'ancre dans une insécurité profonde autour de ta créativité, ta spontanéité et ton droit à briller. Née d'expériences où tes passions ont été critiquées ou minimisées, où ta créativité n'a pas été valorisée, ou encore où des relations amoureuses t'ont renvoyé.e un sentiment de rejet et d'inadéquation, cette blessure t'a convaincu.e que tes talents ne valent rien et qu'il vaut mieux te cacher pour ne pas déranger. Sur le plan émotionnel, elle se manifeste par une difficulté à t'autoriser du plaisir, une peur du jugement sur tes créations, et un sentiment d'inadéquation dans les relations amoureuses. Dans tes relations, elle pousse à donner trop pour être remarqué.e, à éviter d'exprimer tes désirs authentiques, et à te comparer aux autres pour valider ta valeur créative. Le chemin de guérison passe par la reconnexion à ton enfant intérieur — accueillir tes envies de créer et de jouer sans attendre l'approbation extérieure, célébrer tes réussites et accepter ton droit de briller sans culpabilité. Le don de guérison de ce Chiron — appelé ""Révélateur de Lumière"" — est de réveiller la créativité et la joie de vivre chez les autres, en montrant que la vulnérabilité dans l'expression de soi est une porte vers la puissance et l'inspiration."
chiron,Signe,Vierge,"Ta blessure de Chiron en Vierge s'ancre dans une blessure profonde de l'amour-propre, intimement liée à la thématique de la pureté et de la souillure. Née d'expériences où tu t'es senti.e critiqué.e ou jugé.e pour tes erreurs, ou d'un environnement où la perfection semblait être la condition pour être aimé.e et accepté.e, cette blessure t'a convaincu.e que ta valeur reposait entièrement sur ce que tu fais pour les autres plutôt que sur qui tu es. Elle se manifeste par une difficulté profonde à accepter ses propres défauts, une recherche incessante de perfection qui épuise, et une peur de la maladie ou de l'impureté qui peut se traduire par une vigilance anxieuse sur le corps et la santé. Sur le plan émotionnel, elle génère une auto-critique intense où chaque erreur devient une preuve d'insuffisance, une anxiété latente née du besoin de tout anticiper et contrôler, et une rigidité intérieure qui peine à lâcher prise. Dans les relations, elle se traduit par un sacrifice de soi au service des autres comme unique moyen d'être reconnu.e, une hyper-sensibilité aux critiques qui renforce l'insécurité intérieure, et une procrastination paradoxale née de la peur de ne pas être à la hauteur. Le chemin de guérison passe par l'acceptation de son humanité imparfaite, l'apprentissage d'un service équilibré qui ne se fait plus au détriment de soi, et la régulation de ce sens du devoir et de cette rigidité intérieure qui s'est construite comme mécanisme de protection. Les talents naturels associés à ce Chiron guéri s'expriment dans une capacité rare à observer, décortiquer et analyser, dans une écoute fine du corps, et dans une affinité naturelle pour la nature, la naturopathie, la biologie et le soin au sens large. Un point d'attention côté santé : le système digestif et les allergies sont des zones sensibles à surveiller. Le don de guérison de ce Chiron est d'accompagner les autres dans leur santé et leur rapport à eux-mêmes, en devenant une source d'inspiration qui montre que l'amour de soi se trouve dans l'authenticité et la simplicité, bien au-delà de toute perfection."
chiron,Maison,6,"Vie antérieure marquée par une difficulté avec la sphère professionnelle, le métier au quotidien et le rapport à sa santé. Tendance forte à somatiser, à avoir peur de la maladie, peur de se faire mal. Projet d'harmoniser son quotidien. Ta blessure de Chiron en Maison 6 s'ancre dans un poids écrasant de perfection et de responsabilités, né d'un environnement où les attentes étaient trop élevées et où ton besoin de repos ou d'imperfection n'était pas respecté. Que ce soit à travers des responsabilités trop grandes dès l'enfance, une critique constante malgré tes efforts, ou un rapport douloureux à ton corps vécu comme une source de faiblesse, cette blessure t'a conduit.e à croire que tu n'as pas le droit de te reposer, de faire des erreurs, ni de lâcher le contrôle. Sur le plan émotionnel, elle se manifeste par une autocritique excessive, une anxiété liée à la performance et un sentiment de ne jamais en faire assez. Dans tes relations, elle t'amène à endosser le rôle du soignant ou du perfectionniste, à t'épuiser pour satisfaire les attentes des autres, et à peiner à poser des limites. Le chemin de guérison passe par l'autorisation de ralentir, d'écouter ton corps, et d'embrasser l'imperfection comme une part précieuse de toi — en reconnaissant que ta valeur ne dépend pas de ta productivité. Le don de guérison de ce Chiron — appelé ""Alchimiste du Bien-Être"" — est de montrer aux autres qu'il est possible de concilier service et amour de soi, et que le vrai dévouement commence par un profond respect de ses propres limites."
chiron,Signe,Balance,"Ta blessure de Chiron en Balance s'ancre dans une blessure profonde du respect de soi, intimement liée à la relation à l'autre et au doute d'être digne d'amour. Née de situations passées où tu t'es senti.e négligé.e, ignoré.e ou rejeté.e lorsque tu t'affirmais, ou d'un environnement où éviter les conflits était la condition pour être accepté.e, cette blessure t'a convaincu.e que tes besoins étaient moins importants que ceux des autres. Elle se manifeste par une difficulté fondamentale à entrer en contact avec l'autre et à se lier authentiquement, un doute persistant d'être digne d'amour, et un combat épuisant contre l'injustice — comme si réparer le déséquilibre du monde extérieur pouvait compenser le déséquilibre ressenti à l'intérieur. Sur le plan émotionnel, elle génère une peur de l'abandon ou du rejet dès que l'on s'affirme, une dépendance affective où le bonheur repose sur la validation de l'autre, et une hésitation chronique dans les prises de décision par peur de déplaire. Dans les relations, elle se traduit par un sacrifice de soi pour préserver l'harmonie, une tendance à rester dans des liens déséquilibrés par peur de la solitude, et une difficulté à poser des limites claires sans culpabilité. Le chemin de guérison passe par la réconciliation avec sa propre valeur intrinsèque, le développement d'une indépendance émotionnelle qui n'a plus besoin de se valider dans le regard de l'autre, et l'apprentissage d'un équilibre authentique entre donner et recevoir. Les talents naturels associés à ce Chiron guéri s'épanouissent dans la justice, l'art, les arts scéniques, et une aptitude profonde pour la recherche de l'équilibre et de l'harmonie dans les rapports humains. Un point d'attention côté santé : les reins, la vessie et la région lombaire sont des zones sensibles à surveiller. Le don de guérison de ce Chiron est d'aider les autres à développer une véritable compréhension et compassion envers autrui, en devenant un modèle d'équilibre relationnel qui montre que l'harmonie véritable naît toujours du respect de soi avant celui des autres."
chiron,Maison,7,"Vie antérieure marquée par une difficulté avec le couple, le rapport à l'autre, le mariage, possible divorce dans la vie antérieure. Projet de reformer un couple, pour guérir sa peur
de l'autre. Ta blessure de Chiron en Maison 7 s'ancre dans une immaturité relationnelle héritée de ton environnement, qui t'a appris à effacer ta personnalité et tes besoins pour recevoir de l'amour, de l'attention ou de la sécurité. Que ce soit à travers des modèles familiaux déséquilibrés, l'obligation de faire plaisir pour éviter les conflits, ou des relations où tu as beaucoup donné sans rien recevoir en retour, cette blessure t'a conduit.e à croire que tu dois te sacrifier pour être aimé.e, et que l'amour mène inévitablement à la souffrance. Sur le plan émotionnel, elle se manifeste par une peur de la solitude, un besoin constant de validation, et une difficulté à poser des limites sans culpabilité. Dans tes relations, elle génère des dynamiques où tu t'effaces pour plaire, une dépendance émotionnelle, et un besoin d'harmonie à tout prix — même au détriment de toi-même. Le chemin de guérison passe par l'apprentissage d'un amour de soi authentique — te prioriser sans te sentir égoïste, dire non sans craindre l'abandon, et attirer des relations fondées sur le respect mutuel plutôt que sur la conformité. Le don de guérison de ce Chiron — appelé ""Tisseur d'Authenticité"" — est de guider les autres à se libérer des dépendances émotionnelles et des dynamiques toxiques, en montrant que l'amour véritable commence toujours par l'intégrité envers soi-même."
chiron,Signe,Scorpion,"Ta blessure de Chiron en Scorpion s'ancre dans une blessure profonde de la confiance et de l'amour de la vie. Née d'expériences de perte, de trahison ou de rejet qui ont laissé des cicatrices émotionnelles profondes, cette blessure t'a convaincu.e que la vulnérabilité était dangereuse et que s'abandonner à la vie était risqué. Elle se manifeste par une difficulté à se sentir dans l'instant présent et à éprouver une joie simple, sans être aux prises avec ses tourments intérieurs. Sur le plan émotionnel, elle génère une peur intense de la trahison, un besoin excessif de contrôle, et une difficulté à pardonner qui maintient dans le ressentiment. Dans les relations, elle attire des dynamiques fusionnelles intenses où douleur et passion se confondent. Le chemin de guérison passe par l'acceptation de la vulnérabilité comme espace de puissance et la confiance en sa propre résilience face à la transformation. Les talents naturels associés s'épanouissent dans l'occulte, la psychologie, les mystères, la recherche et l'observation fine de l'autre, avec un attrait pour la sexualité comme espace de transformation. Un point d'attention côté santé : les organes génitaux, le rectum et le côlon sont des zones sensibles. Le don de guérison de ce Chiron est de guider les autres à travers leurs propres transformations profondes, en incarnant que la vraie sécurité réside dans la confiance en la vie, même face à l'inconnu."
chiron,Maison,8,"Vie antérieure marquée par une blessure d'insécurité, de rupture, de deuil, de violence. Recherche épuisante de réponses,
introspection et remise en question. Projet de se reconnecter à son inconscient. Ta blessure de Chiron en Maison 8 s'ancre dans des expériences de pertes, de trahisons ou de secrets familiaux qui ont profondément érodé ton sentiment de sécurité émotionnelle et ta capacité à faire confiance. Confronté.e à des dynamiques de contrôle, d'abus de pouvoir ou de deuils brutaux sans explication, tu as développé une hyper-vigilance et un besoin intense de tout maîtriser pour ne plus jamais être pris.e par surprise. Sur le plan émotionnel, cette blessure se manifeste par une méfiance chronique, une peur de la vulnérabilité et une difficulté à accéder à tes propres ressources intérieures. Dans tes relations, elle génère des jeux de pouvoir, une peur de l'intimité vécue comme dangereuse, et des formes de dépendance émotionnelle ou financière dans les liens proches. Les croyances limitantes associées tournent autour de l'idée que montrer ses failles conduit inévitablement à être détruit.e, et que la perte et la trahison sont une fatalité. Le chemin de guérison passe par l'autorisation de plonger dans ses zones d'ombre sans honte, de lâcher le contrôle et de faire confiance au processus de transformation — en comprenant que chaque blessure profonde est un portail vers plus de puissance. Le don de guérison de ce Chiron — appelé ""Travailleur de Lumière"" — est d'accompagner les autres à transcender leurs tabous et leurs peurs les plus enfouies, en montrant que la vulnérabilité est la porte d'entrée vers une force intérieure inébranlable."
chiron,Signe,Sagittaire,"Ta blessure de Chiron en Sagittaire s'ancre dans un doute profond sur la foi et le sens de la vie, teinté d'un sentiment d'illégitimité et d'être jugé en permanence. Née d'expériences où tes croyances ont été rejetées ou ridiculisées, ou d'un environnement où tes convictions n'étaient pas acceptées, cette blessure génère une quête incessante de reconnaissance — vouloir être suivi dans ses idées, reconnu dans un domaine, trouver sa place légitime dans le monde. Sur le plan émotionnel, elle produit une confusion identitaire autour de ses propres vérités, un besoin de validation qui peut mener à imposer ses croyances aux autres, et une oscillation entre idéaux élevés et désillusion. Le chemin de guérison passe par la confiance en son propre parcours, l'acceptation que la quête de sens est en constante évolution, et la transformation du besoin de popularité en une générosité authentique de transmission. Les talents naturels associés s'épanouissent dans la philosophie, la spiritualité, les voyages, la politique, les cultures étrangères et l'enseignement. Un point d'attention côté santé : la tension artérielle, la circulation et le foie sont des zones sensibles. Le don de guérison de ce Chiron est la transmission généreuse, guider les autres à trouver leur propre vérité et à apprécier le voyage autant que les réponses."
chiron,Maison,9,"Vie antérieure marquée par une blessure liée à sa place sociale, excès de recherche d'un statut social, de reconnaissance, d'écraser les autres. Projet de s'enrichir par
les études et de découvrir le monde, et la spiritualité. Ta blessure de Chiron en Maison 9 s'ancre dans un manque de repères sur lesquels t'appuyer pour trouver ta vérité et donner sens à ta vie. Née d'un environnement soit trop rigide et dogmatique, soit au contraire dépourvu de direction claire, cette blessure t'a laissé.e avec un sentiment de décrochage — du système scolaire, des figures d'autorité qui imposaient leurs vérités sans écouter les tiennes, ou d'une famille où il fallait suivre une marche à suivre sans pouvoir exprimer tes propres choix. Vivre de nombreux événements sans y trouver de sens a pu te plonger dans un brouillard émotionnel durable, et des crises spirituelles ou des voyages ont parfois accentué ce vide intérieur. Sur le plan émotionnel, cette blessure génère une peur de ne pas trouver sa voie et une difficulté à s'ancrer dans ses propres croyances. Dans les relations, elle pousse à chercher des figures de guidance ou de validation, et à éviter les discussions profondes par peur de l'incertitude. Le chemin de guérison passe par la construction de ta propre vérité — questionner les héritages limitants, cultiver la foi en toi même quand les réponses tardent, et accueillir l'incertitude comme un terrain d'expansion plutôt que de perte. Le don de guérison de ce Chiron — appelé ""Éclaireur de Vérité"" — est de transformer les crises de sens en révélations, et de guider les autres vers leur propre chemin avec foi et lucidité."
chiron,Signe,Capricorne,"Ta blessure de Chiron en Capricorne s'ancre dans une blessure profonde de la reconnaissance, souvent liée à un excès de maturité précoce qui créait un décalage avec les autres dès l'enfance, et à une blessure avec la figure paternelle. Née d'un environnement où les attentes de succès étaient élevées et l'échec mal perçu, cette blessure t'a convaincu.e que ta valeur dépendait exclusivement de tes réussites et non de ton être. Elle génère un besoin de prouver constamment sa légitimité, une tendance au surmenage, et une carapace de froideur ou de distance émotionnelle construite pour se protéger. Le chemin de guérison passe par la découverte de sa valeur intrinsèque indépendamment des accomplissements, l'acceptation de la vulnérabilité, et la guérison de la relation à l'autorité et au père. Les talents naturels associés s'épanouissent dans le leadership, la capacité à tenir ses engagements avec volonté et intégrité, et à suivre ses ambitions sur le long terme. Un point d'attention côté santé : sensibilité au froid, fragilité osseuse et dentaire, genoux et peau sont des zones à surveiller. Le don de guérison de ce Chiron est d'accompagner les autres à se responsabiliser, en incarnant que la vraie réussite réside dans la fidélité à soi-même plutôt que dans la validation extérieure."
chiron,Maison,10,"Vie antérieure marquée par un besoin excessif de suivre ses ambitions, de se développer au niveau professionnel, de vivre à travers le monde extérieur. Blessure liée au père pour le thème d'une femme, la mère pour le thème d'un homme. Projet de trouver sa voie. Ta blessure de Chiron en Maison 10 s'ancre dans une hyper-responsabilisation précoce qui t'a coupé.e de l'insouciance de l'enfance. Née d'attentes élevées imposées par des figures d'autorité exigeantes, d'une pression constante à réussir et à représenter une image parfaite, ou encore d'un manque de modèles inspirants qui auraient pu te donner confiance en tes capacités, cette blessure t'a convaincu.e que ta valeur ne tient qu'à tes accomplissements. Sur le plan émotionnel, elle génère un syndrome de l'imposteur persistant, une anxiété liée au statut et une peur chronique de décevoir. Dans tes relations, elle t'amène à endosser le rôle du pilier ou du sauveur, à masquer tes vulnérabilités et à chercher l'approbation de figures parentales ou d'autorité pour te sentir légitime. Les croyances limitantes associées tournent autour de l'idée que la réussite conditionne l'amour, que l'échec annule toute valeur, et qu'il faut être parfait.e pour mériter le respect. Le chemin de guérison passe par le détachement de la validation extérieure, l'apprentissage de la célébration du parcours plutôt que du seul résultat, et la reconquête d'un rythme propre affranchi des injonctions héritées. Le don de guérison de ce Chiron — appelé ""Architecte de Destinée"" — est de montrer aux autres que la véritable réussite se construit de l'intérieur, et que la reconnaissance extérieure ne définit jamais la valeur intérieure."
chiron,Signe,Verseau,"Ta blessure de Chiron en Verseau s'ancre dans une blessure profonde du rejet et de la marginalité, un sentiment viscéral d'être différent qui isole et empêche de s'engager pleinement. Née d'expériences d'exclusion pour ce qui te rendait unique, ou d'un environnement qui valorisait la conformité, cette blessure t'a convaincu.e que ton individualité était un obstacle à l'appartenance. Elle génère une difficulté à s'engager dans les relations et les collectifs, une oscillation entre rébellion sans cause et conformisme forcé, et une distance émotionnelle comme bouclier contre le rejet. Le chemin de guérison passe par l'acceptation de son unicité comme force plutôt qu'obstacle, la confiance en ses idées novatrices, et la capacité à contribuer au monde sans sacrifier son authenticité. Les talents naturels associés s'épanouissent dans l'humanitaire, la compréhension des enjeux mondiaux, les nouvelles technologies, l'astronomie et tout ce qui touche à l'innovation et à l'adaptabilité. Un point d'attention côté santé : la circulation veineuse et le système nerveux central sont des zones sensibles. Le don de guérison de ce Chiron est de prendre soin de l'humanité et d'aider le monde, en devenant un pionnier de l'authenticité qui montre que la vraie appartenance commence toujours par l'acceptation de soi."
chiron,Maison,11,"Vie antérieure marquée par une blessure liée aux groupes, aux amitiés, blessure égotique concernant son rôle dans le monde, blessure liée à la liberté.
Projet de réaliser des projets d'envergure qui donnent un sentiment d'utilité sociale. Ta blessure de Chiron en Maison 11 s'enracine dans un sentiment d'exil et de solitude au sein des collectifs. Née d'expériences de rejet ou d'exclusion dans des groupes d'amis ou la famille, de harcèlement, d'idées ignorées ou moquées, ou simplement d'un décalage persistant avec les autres, cette blessure t'a convaincu.e que tu n'avais pas ta place dans le monde. Sur le plan émotionnel, elle génère une peur chronique du rejet, un sentiment de solitude même entouré.e, et une tendance à idéaliser les amitiés ou collectifs. Dans tes relations, elle se manifeste par un isolement volontaire ou au contraire une sur-adaptation pour plaire, une difficulté à s'affirmer en groupe, et une propension à faire briller les autres plutôt que toi-même. Les croyances limitantes associées tournent autour de l'idée d'être trop différent.e pour être compris.e, indigne d'appartenir, ou voué.e à rester éternellement exclu.e. Le chemin de guérison passe par la reconnexion authentique aux autres, la reconnaissance de sa place unique et précieuse dans le collectif, et l'autorisation de faire rayonner sa singularité plutôt que de la cacher. Le don de guérison de ce Chiron — appelé ""Guérisseur du Collectif"" — est de créer des communautés inclusives où chacun trouve sa voix, en transformant la blessure d'exclusion en un profond sentiment d'appartenance pour soi et pour les autres."
chiron,Signe,Poissons,"Ta blessure de Chiron en Poissons s'ancre dans une blessure profonde de la séparation et de l'amour — une difficulté à incarner l'amour sans se perdre dedans, oscillant entre des stratégies de sauvetage compulsif et de fuite dans l'imaginaire ou les échappatoires. Née d'expériences de rejet émotionnel ou spirituel, ou d'un environnement où les émotions profondes n'étaient pas comprises, cette blessure génère un sentiment de solitude spirituelle, une hyper-empathie qui dissout les frontières entre soi et l'autre, et une tendance aux addictions ou à l'idéalisation pour combler le vide intérieur. Le chemin de guérison passe par la reconnexion à son essence spirituelle, l'apprentissage d'une compassion équilibrée qui ne se sacrifie plus, et l'intégration de sa sensibilité dans le monde réel. Les talents naturels associés s'épanouissent dans la spiritualité, la divination, les ressentis intuitifs et les capacités extra-sensorielles, avec une aptitude pour le soin et la médecine, portés par un sentiment profond d'être missionnaire. Un point d'attention côté santé : les pieds, le bas des jambes, la santé mentale et une sensibilité particulière aux addictions — alcool et tabac notamment — sont des zones à surveiller. Le don de guérison de ce Chiron est d'accompagner les autres dans leur guérison au sens large, en incarnant que la vraie connexion spirituelle commence en soi, bien avant de chercher à sauver le monde."
chiron,Maison,12,"Vie antérieure marquée par un sentiment intense de confusion, de folie, de maladie longue. Maison karmique qui indique une vie antérieure difficile où on a eu le sentiment de se sacrifier. Projet de se reconnecter à la spiritualité. Ta blessure de Chiron en Maison 12 s'enracine dans une hypersensibilité vécue dans l'isolement et la déconnexion. Née d'expériences spirituelles ou émotives que personne autour de toi ne comprenait, d'un sentiment d'invisibilité dans l'enfance lorsque tes peurs ou rêves étaient ignorés, ou de moments de solitude forcée qui ont renforcé un sentiment d'abandon, cette blessure t'a convaincu.e que tu devais cacher ta sensibilité pour survivre. Sur le plan émotionnel, elle génère une anxiété diffuse sans origine claire, une tendance à absorber les émotions des autres, une solitude spirituelle persistante et parfois une peur de la mort ou de la maladie. Dans tes relations, elle se manifeste par un glissement vers le rôle de ""sauveur"" ou de ""confident"", une difficulté à exprimer ses propres besoins, et un besoin de solitude comme mécanisme de protection. Les croyances limitantes associées tournent autour de l'idée d'être seul.e face à ses souffrances, que la douleur n'a pas de sens, et que personne ne peut réellement comprendre ce que l'on ressent. Le chemin de guérison passe par l'accueil de la sensibilité comme un don plutôt qu'un fardeau, la connexion à une spiritualité apaisante, et la libération des douleurs inconscientes ou transgénérationnelles. Le don de guérison de ce Chiron — appelé ""Guérisseur Spirituel"" — est de transcender les blessures invisibles pour les transformer en portails vers une conscience plus élevée, guidant les autres à retrouver leur essence spirituelle et la paix intérieure."
part_de_fortune,Signe,Bélier,"Dynamisme, audace, facilité pour agir, entreprendre, passer à
l'action. Plaisir dans le fait de relever des défis, tester de
nouvelles choses, s'imposer comme chef et leader.
Généralement ses tentatives seront un vrai succès. Le succès
interviendra au moment des prises de risque.
Épanouissement par la combativité, la compétition,
l'affirmation de soi, de ses volontés et de ses désirs."
part_de_fortune,Maison,1,"Forte énergie, façon dont le monde extérieur est abordé,
épanouissement par l'affirmation personnelle, par le Je Suis,
les désirs et volontés profondes."
part_de_fortune,Signe,Taureau,"Protection matérielle et financière, acquis matériels, sentiment
de protection dans la vie. Talent pour le chant, la décoration,
sensualité, don pour le toucher, aime le contact kinesthésique.
Aime posséder, s'ancrer, profiter du confort d'un foyer.
Dons de gestionnaire, pour tenir des comptes, faire fructifier un
projet, tenir une entreprise et gagner de l'argent. Aime concrétiser les choses."
part_de_fortune,Maison,2,"C'est la façon dont le natif s'enracine dans le monde, se
sécurise et se protège qui apporte l'épanouissement. Besoin
d'un foyer rassurant, attache au matériel, à ses relations."
part_de_fortune,Signe,Gémeaux,"Favorise la vie amicale, les amitiés, la vie relationnelle avec
l'entourage, les relations avec la fratrie. Relations complices,
humour qui fait l'unanimité, dialogue et sociabilité facile.
Aime apprendre, découvrir de nouvelles choses, talent pour
l'écriture, le dessin, le théâtre, la communication. Forte capacité
d'adaptation, intelligence, esprit vif, curiosité. Apprentissages
faciles, aisance dans les études."
part_de_fortune,Maison,3,"La relation avec les proches, la façon dont on communique avec
eux épanouira le natif. Fratrie, relations de complicité, échanges
joyeux. Scolarité favorisée, apprentissage et vie intellectuelle
riche."
part_de_fortune,Signe,Cancer,"Sentiment d'avoir des bases dans la vie, un sentiment de
sécurité familial, des racines solides. Talent pour l'empathie,
besoin de se préoccuper des besoins d'autrui, accueillir les
autres, materner, se préoccuper des siens. S'épanouira avec sa
famille, lors de regroupements familiaux.
Aimera s'intéresser à sa généalogie, à son histoire, à la vie de
ses ancêtres. "
part_de_fortune,Maison,4,"C'est le cadre familial et la protection vis-à-vis du monde
extérieur qui permettent au natif de s'épanouir. Dépendance
et sentiment d'appartenance avec les siens, se sentir
rattaché à un clan, qui permet le bien être."
part_de_fortune,Signe,Lion,"Position qui confère une réussite personnelle, le sentiment
d'être reconnu, vu dans ses talents et dans sa capacité de
création. Aime briller, et les autres l'aiment facilement, le
valorisent. S'épanouira en développant et exposant ses dons,
joie, son amour. Amour pour les enfants, pour l'éducation, la
formation des jeunes.
Joie de vivre puissante chez le natif."
part_de_fortune,Maison,5,"Épanouissement par l'amour, la joie, les enfants, la création,
le fait d'être mis en avant, valorisé, la façon dont on
s'affirme, se met en avant."
part_de_fortune,Signe,Vierge,"La vie pratique et professionnelle sera favorisée, efficacité,
pragmatisme seront des qualités innées. Compétences, savoirfaire, apprentissage rapide. Les moyens arrivent vite pour
aboutir à un projet. Besoin de se sentir utile, en mobilisant des
compétences de manière discrète, cherchant une forme de
perfection. Relation forte avec les animaux et avec la nature, la
terre."
part_de_fortune,Maison,6,"Épanouissement par le travail, l'effort, le soin du corps. Le lien
avec la nature et les animaux. L'important sera de se rendre
utile et se sentir bien dans son travail quotidien. Prendre soin
des autres."
part_de_fortune,Signe,Balance,"Natif favorisé dans le mariage, la relation, le couple,
l'association et le partenariat. Charme, potentiel de séduction,
esprit de conciliation, sens du beau : nombreuses qualités que
le natif aura à sa disposition. Capacité de conseil auprès des
autres, réussira à établir une harmonie dans l'environnement.
Favorisé pour aller vers des missions de justice, de paix. Belles rencontres, épanouissantes, favorisées."
part_de_fortune,Maison,7,"C'est le couple, les associations et la vie sentimentale et
relationnelle qui permettront un plein épanouissement. La vie
conjugale devrait être harmonieuse. Écoute, bienveillance
envers les autres."
part_de_fortune,Signe,Scorpion,"Natif favorisé dans le domaine financier, par le biais d'un
héritage, de dons, de legs, de prêts... suite à un décès. Capacité
à changer, se transformer, évoluer dans sa vie. La
métamorphose, la remise en question, la recherche, la
profondeur seront des atouts importants et seront source
d'épanouissement.
Pourra faire des découvertes dans sa vie, avoir des révélations au niveau spirituel."
part_de_fortune,Maison,8,"L'enrichissement par le monde extérieur sera important pour le
bien être, pour se remettre en question, gagner en puissance. Épanouissement par les transformations, la recherche des
secrets spirituels."
part_de_fortune,Signe,Sagittaire,"La vie intellectuelle et spirituelle est favorisée. Talent pour
enseigner, guider, apporter des connaissances. Transmettra
avec force et discernement ses idées. Saura s'intégrer dans les
milieux influents, faire de grands voyages, aussi bien
physiquement que spirituellement. L'ouverture d'esprit sera
favorisée, permettant une vie enrichissante et épanouissante
dans la jouissance de la vie, de son potentiel de découverte."
part_de_fortune,Maison,9,"Les idéaux, les convictions, le statut social, l'exploration
seront des sources d'épanouissement. Besoin de donner du
sens à sa vie, de guider les autres, de transmettre des
choses. Bien être acquis par les voyages. "
part_de_fortune,Signe,Capricorne,"Chance dans la poursuite de ses ambitions, notamment
professionnelles. Reconnaissance sociale, talent pour gérer les
responsabilités, avec sérieux, rigueur, en dirigeant les autres, en
déployant l'étendue de ses compétences. La solitude sera source
d'épanouissement pour apprendre à se connaître.
Le temps sera un atout avec cette configuration, la part de
fortune se développant au fur et à mesure."
part_de_fortune,Maison,10,"L'épanouissement sera atteint par la façon dont on suit ses
objectifs et ses ambitions. Besoin de responsabilités, de
tâches exigeantes, de diriger, d'utiliser pleinement ses
capacités, de suivre sa vocation."
part_de_fortune,Signe,Verseau,"Les relations amicales sont favorisées, avec une envie de
participer à la vie collective, le partage de projets, d'idéaux.
Les amitiés seront une source de protection, un véritable
soutien. Peut compter sur la solidarité. Sera un avant-gardiste,
un découvreur, faisant des découvertes, avec des idées
progressistes. Atout intellectuel, besoin d'indépendance pour
l'épanouissement. "
part_de_fortune,Maison,11,"Besoin de réaliser des projets, épanouissement à travers le
collectif, le réseau, l'utilisé sociale, la conscience mondiale.
Besoin de groupes amicaux, d'amitiés, de vie sociale,
d'enrichissement intellectuel."
part_de_fortune,Signe,Poissons,"Sentiment de joie intérieure, de connexion avec le spirituel.
Volonté d'une retraite, vivre une spiritualité riche et active.
Talent pour soigner, aider, guérir, se connecter à l'âme.
Sentiment de providence, d'être totalement protégé par
l'univers. S'épanouira à travers l'inspiration, le détachement, le
lâcher prise méditatif, l'enrichissement par la connaissance de
soi, par les expériences spirituelles, les états modifiés de conscience."
part_de_fortune,Maison,12,"Épanouissement à travers le dévouement, le détachement du
monde extérieur, le lâcher prise, enrichissement à travers
l'amour, la fusion, la compassion, l'inspiration, la spiritualité."
Noeud_Nord,Maison,1,"on doit aller vers le soi, vers son identité, avec le NS en 7 on a été trop dans l'énergie de l'autre, on doit revenir à soi même."
Noeud_Nord,Maison,2,on doit aller vers le fait de gagner sa vie et sécuriser et sortir d'une vie faite de discontinuité (par peur) de la maison 8.
Noeud_Nord,Maison,3,"aller vers la légereté, acquérir une certaine forme de détachement et de recul et sortir de la moralisation de la maison 9, aller vers sa fratrie, vers son entourage."
Noeud_Nord,Maison,4,"aller vers sa famille, se reconnecter à sa famille, avec le NS en 10 on était trop tourné vers le monde extérieur et sur ses ambitions."
Noeud_Nord,Maison,5,"on sort du grand tout collectif dépersonnalisé de la 11 pour aller vers la 5 et se reconnecter à la dimension affective, à son coeur, à son égo."
Noeud_Nord,Maison,6,on quitte le sauveur sacrificiel de la 12 pour aller vers le fait d'aider mais de manière plus juste et plus concrète comme la vierge.
Noeud_Nord,Maison,7,"on doit aller vers l'autre, et quitter un certain égocentrisme de la 1, ne plus être uniquement en lien avec soit mais aller vers l'autre."
Noeud_Nord,Maison,8,"on doit couper avec les attachements de la 2, le besoin de sécurité, pour accéder à un univers psychanalytique et inconscient, de remise en question et d'approfondissement de soi."
Noeud_Nord,Maison,9,"on quitte la dispersion de la 3 pour aller vers le fait d'acquérir une vraie position sociale en 9, trouver sa place dans la société."
Noeud_Nord,Maison,10,on quitte le giron familial de la 4 pour aller vers la vocation et le monde extérieur.
Noeud_Nord,Maison,11,"on se libère des attachements et de l'égo du lion, pour se tourner vers le collectif et les projets à grande échelle"
Noeud_Nord,Maison,12,on quitte la rigidité de la maison 6 pour aller vers le lâcher prise et dans la spiritualité de la 12 associée au poissons.
Noeud_Nord,Signe,bélier,"Ton Nœud Sud en Balance révèle des vies antérieures marquées par une vie harmonieuse en surface, mais faite de compromis constants et de réponse aux attentes des autres. Tu as épousé le modèle conventionnel d'une communauté, d'un mari, par besoin d'amour et par peur du conflit. Tes relations étaient réussies socialement mais superficielles, tes valeurs traditionnelles et bornées. Dans cette vie, tu portes cette même tendance à te modifier pour l'autre, à chercher l'harmonie à tout prix.
Ton Nœud Nord en Bélier t'invite à une mission opposée : affirmer qui tu es sans compromis, exprimer tes désirs et ta volonté de manière combative. Il s'agit d'apprendre que le conflit n'est pas dangereux, de dire non, de t'opposer, et de te détourner du regard des autres. Le projet, c'est passer à l'action, développer ton impulsion personnelle, transcender les règles imposées, et avoir confiance en ta capacité d'agir et de gagner. C'est ""être"" pleinement, sans dépendre de l'amour ou de l'approbation des autres."
Noeud_Nord,Signe,taureau,"Ton Nœud Sud en Scorpion révèle des vies antérieures marquées par la discontinuité, les ruptures, la passion déchirante, la violence et le conflit. Tu as vécu dans une insécurité totale, avec une possible attirance pour l'occulte et la magie noire, dans un refus d'engagement global. Dans cette vie, ton enfance a pu réactiver ces mémoires : anxiétés, sentiment d'agression, danger, agressivité refoulée, et une fascination/répulsion pour la mort, la violence et l'occulte.
Ton Nœud Nord en Taureau t'invite à une mission opposée : te détourner du besoin de passion et de conflit pour apprendre la simplicité, la routine et la tranquillité. Il s'agit de te poser dans une vie stable et sédentaire, de te sécuriser matériellement et affectivement, d'accepter des relations fidèles et une profession solide. Le projet, c'est construire ta propre sécurité intérieure, t'engager sans tout rejeter dès qu'une difficulté arrive, et te réconcilier avec le calme et la sérénité sans les mépriser comme ennuyeux."
Noeud_Nord,Signe,gémeaux,"Ton Nœud Sud en Sagittaire révèle des vies antérieures marquées par le luxe, l'apparât et l'ascension sociale. Tu as vécu en prélat ou dans la bourgeoisie, prenant toute la place pour t'enrichir et réussir, dans un certain épicurisme. Cette quête de réussite et de grandeur t'a coupé.e des autres, te positionnant en supériorité. Dans cette vie, tu portes encore cette tendance aux excès et à l'élévation sociale.
Ton Nœud Nord en Gémeaux t'invite à une mission opposée : aller vers la légèreté, la simplicité et la proximité. Il s'agit de te rapprocher de ton entourage proche dans une vraie égalité, d'apprendre à écouter au lieu de dominer la conversation, et de rechercher une communication horizontale plutôt que verticale. Le projet, c'est descendre de ton piédestal pour rencontrer les autres d'égal à égal, développer la curiosité et l'échange simple, et renoncer à l'excès et à la grandiloquence pour embrasser le quotidien et le relationnel authentique."
Noeud_Nord,Signe,cancer,"""Ton Nœud Sud en Capricorne révèle des vies antérieures marquées par une rigidité extrême, un autoritarisme patriarcal et un contrôle absolu des émotions. Tu as vécu dans la rigueur, le devoir moral, la défense de traditions familiales ou religieuses, parfois dans le dépouillement ou l'exil. Le modèle paternel dominait, valorisant la transmission aux enfants et la lignée. Dans cette vie, ton enfance a pu réactiver ces mémoires : manque affectif, éducation stricte, enfant mature et sérieux, souvent moqué pour son manque de légèreté.
Ton Nœud Nord en Cancer t'invite à une mission opposée : te reconnecter à tes émotions, ta sensibilité et l'amour. Il s'agit de passer du modèle patriarcal rigide au modèle maternel affectueux, de construire un foyer chaleureux et une famille heureuse, et de te laisser guider par tes ressentis et intuitions plutôt que par l'ambition et la rationalité. Le projet, c'est dépasser ta rudesse intérieure, accueillir ta subjectivité, et vivre pleinement dans les liens du cœur sans mépriser tes émotions."""
Noeud_Nord,Signe,lion,"Ton Nœud Sud en Verseau révèle une vie antérieure marquée par l'amour de l'idéal et des concepts intellectuels, où tu menais des combats militants au sein d'un groupe de penseurs. Tu t'es séparé.e émotionnellement des autres, privilégiant le collectif à l'individuel, prônant ta différence tout en voulant imposer tes idées comme un gourou. Dans cette vie, ton enfance a pu porter cette même rigidité intellectuelle et ce sentiment d'isolement affectif.
Ton Nœud Nord en Lion t'invite à une mission opposée : te recentrer sur ta sphère personnelle et affective, construire un foyer chaleureux, développer des relations intimes authentiques. Il s'agit de trouver le lien avec ton propre ego (ni infériorité ni supériorité), de te valoriser intérieurement plutôt qu'à travers des combats extérieurs, et de rayonner dans ta singularité créative au sein de ton cercle proche. Le chemin, c'est l'amour pur et la reconnaissance de ta valeur personnelle."
Noeud_Nord,Signe,vierge,"Ton Nœud Sud en Poissons révèle des vies antérieures marquées par le mythe du sauveur christique et sacrificiel. Tu as voulu sauver le monde entier au nom d'idées spirituelles, développant un personnage de gourou qui a mené à une dépersonnalisation totale, à la confusion, parfois à la folie ou aux addictions. Tu as perdu ton ego et ton individualité en te connectant à un grand tout déconnecté du réel. Dans cette vie, ton enfance a réactivé ces mémoires : modèle éducatif flou et peu cadré, manque de repères, impressions diffuses, culpabilisation à outrance, et une tendance à la contemplation.
Ton Nœud Nord en Vierge t'invite à une mission opposée : sortir de la négation de soi et du sacrifice pour te reconnecter au concret, à la terre, au mental et à la réflexion. Il s'agit de passer d'un service sacrificiel glorieux à un don simple dans l'ombre, sans chercher à acheter l'amour en te sacrifiant. Le projet, c'est retrouver une structure intérieure, des règles, une routine, te réconcilier avec le quotidien et la juste mesure. Tu dois te déconnecter temporairement de la spiritualité pour t'incarner pleinement, avant d'y revenir de manière équilibrée."
Noeud_Nord,Signe,balance,"Ton Nœud Sud en Bélier révèle des vies antérieures marquées par la guerre, le combat et la violence. Tu as été soldat, combattant, avec un esprit de conquête et une affirmation violente de ton identité. Les autres étaient des objets de conquête ou des risques identitaires, et tout compromis était vécu comme une soumission, une perte de bataille. Cette affirmation agressive t'a coupé.e des relations authentiques. Dans cette vie, ton début de vie a pu être empreint de violence et de conflits, avec un tempérament volcanique et une colère comme protection.
Ton Nœud Nord en Balance t'invite à une mission opposée : aller vers la relation, le couple, le partenariat et l'association. Il s'agit d'apprendre à écouter l'autre, à différencier tes désirs de ses besoins, et à accepter que les compromis ne sont pas de la soumission mais de l'amour. Le projet, c'est apaiser ta colère pour favoriser la diplomatie et l'harmonie, te reconnecter aux sentiments, et retrouver l'équilibre relationnel. Tu dois apprendre que les autres ne sont pas des objets de satisfaction mais des partenaires d'échange véritable, et risquer de t'engager dans une relation de couple ou d'association réussie."
Noeud_Nord,Signe,scorpion,"Ton Nœud Sud en Taureau révèle des vies antérieures marquées par la sécurité matérielle, l'abondance et l'obstination. Tu as été négociant ou paysan, vivant dans le confort et partageant tes récoltes, mais enfermé.e dans des certitudes et des convictions rigides. Tu contrôlais les autres par besoin de sécurité affective, possédant l'amour plutôt que de le vivre librement. Dans cette vie, ton enfance a pu réactiver ces mémoires : famille surprotectrice, évitement du risque et de la confrontation, sur-couvage qui t'a empêché.e d'être prêt.e pour la vie d'adulte.
Ton Nœud Nord en Scorpion t'invite à une mission particulièrement difficile : accepter le changement, la rupture, la transformation et la discontinuité. Il s'agit de t'ouvrir au mystique, à l'inconscient, aux profondeurs psychologiques, et de quitter tes certitudes pour te poser des questions existentielles. Le projet, c'est passer d'une vie simple à une prise de puissance, d'une sécurité matérielle à une sécurité intérieure, et arrêter de contrôler les autres pour les laisser vivre. Tu dois oser prendre des risques, vivre des expériences qui te font peur, et accepter que rien n'est immuable."
Noeud_Nord,Signe,sagittaire,"Ton Nœud Sud en Gémeaux révèle des vies antérieures marquées par la dispersion, le mouvement constant et le divertissement. Tu as été troubadour, artiste de cirque ou nomade, cultivant des talents d'expression (orale, théâtrale, artistique) sans jamais les concrétiser, vivant dans la joie spontanée d'un éternel adolescent. Tu as évolué à travers la fratrie et les cercles d'amis, dans une recherche fusionnelle et gémellaire, refusant de grandir. Dans cette vie, ton enfance a pu réactiver ces mémoires : problèmes avec la fratrie, peur du monde adulte, sentiment de ne pas être entier, possiblement une perte symbolique du jumeau.
Ton Nœud Nord en Sagittaire t'invite à une mission opposée : faire quelque chose de professionnel avec tes talents, prendre ta place sociale et construire une carrière à responsabilités. Il s'agit de passer des échanges superficiels à la transmission et au guidage, des relations fusionnelles aux relations adultes distanciées, et d'une dispersion intellectuelle à une quête spirituelle profonde. Le projet, c'est trouver ta voie intérieure, te combler seul.e, réussir socialement, être reconnu.e, et comprendre ta mission sur terre. Potentiellement vers l'enseignement, le droit, la justice ou des postes de responsabilités."
Noeud_Nord,Signe,capricorne,"Ton Nœud Sud en Cancer révèle des vies antérieures dans des familles matriarcales nombreuses et oppressantes, où la loyauté au clan et les traditions familiales étaient exigées avec culpabilité. Dans cette vie, tu portes un attachement fort à la mère (ou un rejet total), une recherche de fusion maternelle, et une peur profonde de grandir et de devenir adulte. Ton enfance a réactivé ces mémoires : besoin constant d'affection, culpabilité en cas de désirs hors du cadre familial, relation compliquée avec le père (distant, froid, ou au contraire trop présent et devenu bouc émissaire). Tu as développé une dépendance affective, un manque de confiance inné, et une tendance à exiger des autres qu'ils devinent tes besoins sans les exprimer explicitement.
Ton Nœud Nord en Capricorne t'invite à une mission opposée : accepter l'indépendance affective, la solitude et le détachement émotionnel. Il s'agit de sortir de l'envahissement émotionnel pour aller vers la maturité, la structure, et la responsabilisation adulte. Le projet, c'est trouver ton propre fonctionnement intérieur, te construire sur ta propre sagesse, réguler tes émotions, et développer un projet professionnel à l'extérieur de la famille. Tu dois remettre en question tes schémas relationnels issus de l'enfance, accepter une période de solitude pour apprendre à aimer sans dépendance, et adopter progressivement la posture du sage éveillé dans le calme et le recul réflexif."
Noeud_Nord,Signe,verseau,"Ton Nœud Sud en Lion révèle des vies antérieures marquées par le faste, l'opulence et l'égocentrisme. Tu as vécu dans la richesse et les honneurs, constamment au centre de l'attention, avec une soif absolue de reconnaissance de tes qualités personnelles et de ta valeur. Tu te nourrissais à travers l'amour et la valorisation égotique dans la démesure. Dans cette vie, ton enfance a réactivé ces mémoires : soit un manque constant de reconnaissance qui te laissait insatisfait.e, soit une position d'enfant unique au centre de toute l'attention, avec un besoin de te sentir exister à travers l'amour et l'admiration des autres.
Ton Nœud Nord en Verseau t'invite à une mission opposée : te libérer des attachements affectifs et du besoin de reconnaissance, accepter la solitude et le détachement émotionnel. Il s'agit de passer de l'égocentrisme au collectif, de participer à l'élévation sociale même dans l'ombre, et d'embrasser des choix de vie non conventionnels. Le projet, c'est te dépouiller de ton image de prestige, développer ton esprit et ta créativité à travers les autres, et incarner un rôle de précurseur avec des idées novatrices (humanitaire, associatif, indépendant). Tu dois apprendre l'indépendance affective, privilégier les relations amicales, et affirmer ta différence et ton originalité sans chercher à être admiré.e pour cela."
Noeud_Nord,Signe,poissons,"Ton Nœud Sud en Vierge révèle des vies antérieures marquées par une rigidité morale et intellectuelle extrême : principes stricts, jugements sévères, exigence de pureté, rejet de la vulnérabilité et du mensonge. Tu as vécu dans un carcan social exigeant (discrétion, soumission, pudeur), avec un idéal de vie simple et laborieuse dans l'ombre. Dans cette vie, ton enfance a porté cette même maturité précoce, cette survalorisation du mental au détriment des émotions, et possiblement un isolement pour te protéger des débordements émotionnels.
Ton Nœud Nord en Poissons t'invite à une mission opposée : lâcher prise sur le contrôle mental, t'ouvrir à la spiritualité, à la compassion et à l'amour inconditionnel. Il s'agit de passer de la vérité intellectuelle à la vérité de l'être, d'accepter ta vulnérabilité, de donner sans compter le retour, et de découvrir une vie plus douce, connectée au monde émotionnel et inconscient. Le défi : ne pas basculer dans le sacrifice ou la confusion, mais trouver le lâcher-prise tout en respectant tes besoins vitaux. C'est une quête de l'amour divin."
saturne,Signe,Bélier,"On a tendance à réfréner ses élans, à couper ses désirs, cadenasser
ses envies. On met du temps à imposer aux autres ses volontés. Dans
la vie passée, ce placement peut indiquer une vie dominée par
l'autoritarisme ou la violence (vécue ou subie). On s'est coupé de sa
part impulsive par nécessité, et on a laissé une certaine agressivité
nous dominer."
saturne,Maison,1,"On a connu dans la vie passée des empêchements pour être soi-même,
des obstacles pour développer sa personnalité. On a été empêché
d'exprimer sa liberté, et on a pu également empêcher les autres de
l'exprimer à leur tour. Dans la vie présente, cette position peut révéler
le fait qu'on ne s'aime pas, qu'on ne s'accepte pas. Le contrôle de soi
se voit au niveau physique, on se met une carapace, un masque."
saturne,Signe,Taureau,"C'est un placement qui illustre l'effort, de longue haleine, la ténacité,
l'effort lent et continu, dans le calme et la régularité. On a pu, dans la
vie passée, passer plus de temps dans l'effort, dans le travail, vivre de
la terre et s'inquiéter de la suffisance de ses ressources. On peut donc
attacher de l'importance aujourd'hui à son argent, être dans l'insécurité vis-à-vis du matériel."
saturne,Maison,2,"Illustre une insécurité vis-à-vis du plan matériel et financier. Dans le
passé, on a pu avoir un attachement excessif vis-à-vis du matériel,
voire rencontrer des problèmes autour de l'héritage (surtout si mal
aspecté ou rétrograde, et si Pluton entre dans la configuration). Dans
la vie présente, ne signifie pas la pauvreté, on peut au contraire à
force d'efforts obtenir la richesse, mais peut prendre un peu de temps."
saturne,Signe,Gémeaux,"Dans la vie passée, on a pu se montrer assez dur et critique avec
l'entourage, avec la fratrie. Si Mercure est mal aspecté, il y a pu y
avoir des mensonges dans la vie passée (que ce soit nécessaire ou
non). II faudra donc refaire confiance à sa communication, son mental,
son intellect. On a parfois une pensée assez dure, on est très mentalisé, on contrôle les choses par la pensée."
saturne,Maison,3,"Dans la vie passé, on a rencontré des difficultés avec les frères et
soeurs, on a pu assumer un rôle parental auprès d'eux (si Neptune
impliqué, sacrifice de ses rêves pour s'occuper de la fratrie, notamment
sacrifice des études). On peut donc avoir des difficultés pour suivre
des études (complexe d'infériorité sur l'intelligence). On manque de
mobilité, on peut éviter les déplacements, manque de souplesse."
saturne,Signe,Cancer,"C'est un placement qui génère une certaine insécurité affective. La vie
semble dure, difficile, pleine de responsabilités, et peut générer un peu
de mélancolie ou de tristesse. Le karma se situe sur le plan familial,
une famille qui a limité, qui a généré en nous une certaine lourdeur, où
il était difficile d'assumer un rôle parental (parfois non choisi). On se
sent attaché au passé et à la tradition, pour libérer ce Saturne."
saturne,Maison,4,"Placement assez difficile sur la question de l'enfance dans cette vie.
Isolement, éducation très stricte, insatisfaction parentale...
Dans la vie passée, question familiale douloureuse, en tant que parent.
On a pu être père (ou parent) et mal vivre ses responsabilités, être
autoritaire et rigide dans le foyer, ou ressentir beaucoup d'isolement
vis-à-vis de la famille."
saturne,Signe,Lion,"Dans la vie passée, on a pu être dirigeant, avoir des postes à
responsabilités, on a cherché à briller dans la vie antérieure mais cela
a pu générer des déceptions et donc une dévalorisation que l'on
sentira dans cette vie. Avec les enfants, dans les amours, on a pu être
parfois un peu tyrannique, ce qui crée une méfiance et un besoin de
temps avant de s'ouvrir à l'amour, avoir des enfants."
saturne,Maison,5,"C'est la question de l'égo, de la valeur de soi qui pose problème. Si
mal aspecté ou rétrograde, le père a pu nous brider sur le plan
égotique, ne pas nous valoriser.Grand sérieux, manque de joie de
vivre. Dans la vie passée, le rapport aux enfants est difficile, on a pu
vivre des déceptions en tant que parent, se sentir éloigné de ses
enfants, et avoir peur d'avoir des enfants dans cette vie."
saturne,Signe,Vierge,"Excès de discipline dans la vie passée, avec une vie disciplinée, sans
plaisirs. On a eu besoin d'ordre et de méthode pour se sentir à l'aise et
on continuera d'avoir besoin d'une organisation assez stricte dans
cette vie. Dans la vie passée, on a pu être très moralisateur, avoir des
principes catégoriques, s'imposer et imposer des exigences en terme de
vie, de choix de vie."
saturne,Maison,6,"L'autorité dans le travail peut être difficile, on a envie de faire les
choses comme on l'entend. Ce placement rend très sérieux et
minutieux. Relation difficile avec les collègues. Dans la vie passée, on a
pu subir des épuisements professionnels qui nous rendent susceptibles
de trop en faire et vite s'épuiser. Manque de compassion possible dans
la vie passée envers les personnes malades et défavorisées."
saturne,Signe,Balance,"Dans la vie passée, on a pu beaucoup se fier aux autres pour évoluer
socialement. On a pu vivre des associations non satisfaisantes,
générant une certaine méfiance au niveau social dans cette vie.
On a pu dans le passé travailler dans la justice, avec des valeurs
d'égalité élevées, une volonté de faire appliquer les lois, de manière un peu trop rigide parfois."
saturne,Maison,7,"C'est dans le couple et l'amour que le vécu karmique se joue. Manque
d'amour dans le mariage d'une vie passée, séparation douloureuse
(dans la vie passée), on a pu manquer d'ouverture d'esprit envers les
partenaires ou ces derniers en ont manqué avec nous. Partenaires
égocentriques, dominateurs. Dans cette vie, il faudra aller vers de
l'ouverture de coeur, plus de compassion."
saturne,Signe,Scorpion,"Dans la vie passée, on a pu se laisser dominer par ses instincts, ses
pulsions et on les retrouvera inhibés dans cette vie. On a pu avoir des
volontés de pouvoir, de réussite financière, et ce placement indique
généralement des vies antérieures assez dépourvues d'ésotérisme
(rigidité matérielle) et nécessitera dans cette vie une spiritualité pour
permettre une ouverture."
saturne,Maison,8,"On a pu connaître des problèmes dans la vie passée concernant
l'argent et ceux qui contrôlaient notre argent: assureurs, courtiers,
banquiers. On s'en méfiera aujourd'hui. On a pu être très fermé à une
évolution, à un changement dans la vie passée.
Dans cette vie, nécessité de transformation, évolution, craintes et
peurs concernant le temps qui passe, la vieillesse et la mort."
saturne,Signe,Sagittaire,"Dans la vie passée, besoin d'accéder à du prestige et à une certaine
notoriété. Grande volonté de diriger, de décider, d'avoir de
l'importance socialement. Dans cette vie, on aura tendance à se brider
sur ces points, à remettre en question sa légitimité à l'expansion, à la
réussite. On va remettre en question sa volonté de prestige pour
trouver un équilibre."
saturne,Maison,9,"On peut finir tardivement ses études dans cette vie, ou ne pas
s'autoriser à en faire (ou renoncer aux études qui semblent trop
""difficiles""). On peut rêver de voyager mais ne pas le faire, blocage ou
peurs concernant les voyages lointains. Dans la vie passée, philosophie
très rigide sur la vie, idées et croyances bien arrêtées. Ambitions et
désirs de succès très grands."
saturne,Signe,Capricorne,"Dans la vie passée, un travail persistant, beaucoup d'efforts ont pu
être mis au service de sa notoriété. C'est la joie de vivre et la légèreté
qui ont pu être contrariés, avec le besoin de faire des efforts, de suivre
parfois la lignée familiale. Le rapport au travail est important dans
cette vie, le besoin de structure, d'autodiscipline. II faudra veiller à se
rapprocher de sa vie émotionnelle."
saturne,Maison,10,"Ce placement rend parfois excessivement ambitieux, on ira vers un
métier de dirigeant, de pouvoir. On atteindra généralement un certain
succès professionnel mais avec du temps et le sentiment de se
confronter à quelques obstacles. Dans la vie passée, on a pu trop se
préoccuper de sa réussite et moins de sa famille. On a pu évoluer dans
de hautes sphères politiques, diriger des groupes importants."
saturne,Signe,Verseau,"Dans la vie passée, on a cherché à se rallier à une cause commune et
partager ses connaissances. On a pu s'intéresser à des techniques
nouvelles, s'intéresser à des problématiques sociales. On a pu vivre
cependant dans l'intellect pur sans se connecter à sa vie émotionnelle,
enfermé dans une certaine froideur sociale et affective. Dans cette vie, il faudra apprendre à exprimer et vivre ses ressentis et sentiments."
saturne,Maison,11,"Dans la vie passée, on a pu connaître des déboires avec des groupes,
on les craindra dans cette vie. On aura aussi le sentiment d'être
souvent déçu en amitié, parce-qu'on a en soi une vision assez rigide de
ce que doivent être les valeurs d'un ami. Dans la vie passée, on a pu
faire partie de groupes un peu extrêmes (surtout avec Mars, Pluton ou
Uranus impliqués) et mal le vivre. Question de la liberté."
saturne,Signe,Poissons,"C'est un Saturne monastique, qui a pu vivre une vie de moine, d'ermite,
transmettre le yoga ou des techniques méditatives. C'était une
manière de trouver du cadre dans un grand sentiment de flou. On
peut ressentir isolement, solitude, un besoin de recueillement important
dans cette vie, avoir besoin de faire des retraites. Dans la vie passée,
on a pu expérimenter le sacrifice de soi, le don de soi."
saturne,Maison,12,"Témoigne d'un vécu transgénérationnel, un problème vis-à-vis du
travail ou du père dans la lignée familiale. Problème avec le père dans
cette vie. Dans la vie passée, on a pu vivre un enfermement (prison,
hospice, ou grand sentiment d'exil, de solitude). On a donc du mal
dans cette vie à se discipliner, il faudra comprendre ces causes
inconscientes (maison 12) pour les libérer."
pluton,maison,1,"ler niveau: Peut donner des tendances paranoïaques, issues de la vie
antérieure : quelqu'un a pu prendre le pouvoir sur nous dans la vie
passée. On vit fortement un sentiment d'anxiété. On se voit plus
sombre que ce qu'on est réellement, on a des réactions inconscientes
d'auto défense, soupçons envers les autres.
2nd niveau : On est un être assez insondable, sombre, un peu torturé,
on a un tempérament très introspectif, on décèle d'instinct chez les
autres les non-dits, faux semblants. On vit un refoulement de ce qu'on
est par crainte d'être soi-même, par crainte de ce qui est sombre en
nous et d'exposer nos faiblesses aux autres.
3ème niveau : On cherche à se dépasser, se transcender. On pourra
exceller dans certains domaines, gagner en puissance personnelle,
convertir son instinct torturé dans un talent, une réalisation.
Capacités pour l'ésotérisme, la psychologie, la psychanalyse."
pluton,maison,2,"ler niveau : On peut avoir une certaine attirance pour les interdits, cе
qui est défendu, tout ce que la morale réprouve. On a une
focalisation sur l'argent, sur ce que ça nous permettra de rassurer en
nous, sur la sécurité que ça nous donnera. On peut être sujet à la
boulimie avec ce placement (voir thème dans sa globalité)
2nd niveau : On cherche à apaiser sa possessivité et sa jalousie. C'est
l'étape où on commence à remettre en question le besoin de posséder
les êtres et les biens, où on se libère de l'emprisonnement de la
matière. On commence à cheminer sur la mort, pour apaiser sa peur
de sa propre disparition.
3ème niveau : On cherche à purifier ses valeurs. On va remettre en
question des certitudes ancrées. On cherche à se défaire d'une
structure trop établie, à remettre les choses en question, en faisant
parler sa créativité, notamment dans le rapport à la matière."
pluton,maison,3,"ler niveau : Idées noires, pensées très obsessionnelles (on le retrouve
aussi chez un Mercure en aspect dissonant à Pluton). Tempérament
agressif, vindicatif, virulent. Peut symboliser des difficultés avec la
fratrie et avec l'entourage dans cette vie.
2nd niveau : Climat perturbant à l'école, avec les camarades, avec la
fratrie. On peut ressentir de l'infériorité au niveau intellectuel et
mental, on va donc chercher des apprentissages plus profonds,
cachés, chercher des réponses ailleurs. On va assainir son rapport à
son entourage, en coupant des relations si nécessaire, en cherchant à
apaiser les autres, pour ne plus subir ce qui ne nous convenait pas.
3ème niveau : Attirance pour la recherche, la profondeur des analyses,
les réflexions riches, l'ésotérisme ou la psychologie. On peut
également maintenir une vie simple et légère, sublimer nos valeurs avec ce placement, recherche d'une vie simple et légère."
pluton,maison,4,"ler niveau: Dans l'enfance, ce placement va se mettre en place au
premier niveau et illustre souvent une enfance un peu difficile. Un
secret familial a pu marquer l'enfance. On peut avoir une fascination
pour sa famille et le fait de créer une famille, et/ou une répulsion.
2nd niveau: Peut générer un fond anxieux, que l'on peut chercher à
dominer par la créativité. On va faire des recherches sur son passé,
sur son histoire, pour obtenir des révélations afin d'éclairer sa nature
profonde.
3ème niveau : C'est en dépassant un karma familial (vie passée et
présente) que l'on pourra transcender Pluton. Vivre autrement la
notion de famille, comprendre que la notion de famille n'est pas
forcément destructrice ou objet d'obsession. On peut construire sa
propre famille hors des codes, ou se servir de son histoire de vie pour
créer, pour participer à une création."
pluton,maison,5,"ler niveau : Dans le domaine sentimental on peut se saborder, car on
peut beaucoup fantasmer l'amour, tout en étant souvent déçu.e (ce
n'est pas ""assez"") on peut vivre des relations tyranniques, difficiles,
éprouvantes. On peut vivre des passions douloureuses.
2nd niveau : On peut avoir des souvenirs karmiques difficiles en lien
avec les enfants, et chercher à se défaire de cette projection
douloureuse. Le but est de se réconcilier avec la notion de parentalité,
avec le père également. On peut chercher à comprendre pourquoi on
se met en échec (sur le plan relationnel et professionnel par exemple)
3ème niveau : C'est la création qui sera mise à l'honneur dans ce
placement. Le théâtre, les arts de scène, la création de beaux objets,
le rapport au beau vont servir à aller du côté de la lumière. On
purifie ses valeurs sentimentales en gagnant en profondeur, en
tolérance dans ses amours."
pluton,maison,6,"ler niveau : Ambition très forte dans le domaine professionnel,
excessive et absolue. On peut rencontrer des milieux professionnels
difficiles, avec des collègues difficiles, où on sera en révolte, en rejet,
en refus. On ne recule devant aucun obstacle (placement assez
obsessionnel). Vie antérieure autour du don, de l'aide aux démunis.
2nd niveau: On va beaucoup changer d'emploi, ou de secteur de
travail avec ce placement, faire différentes carrières. Aucun métier
n'est ""assez"" et on va petit à petit le comprendre et remettre en
question les ambitions. Au niveau nutritionnel, rythmes quotidiens, il
faudra veiller à préserver sa santé, sa fatigue.
3ème niveau : Attrait fort pour l'ésotérisme et la psychologie que l'on
mettra au service des autres, dans son métier. On ira dans des
métiers de plus en plus profonds, qui permettent une transformation
des personnes rencontrées."
pluton,maison,7,"ler niveau : Attirance pour des personnes mystérieuses, ambigües, pas
forcément toujours saines. On met en place un rapport de force et de
pouvoir en amour (l'un des deux domine l'autre...) L'union est un défi,
mais aussi une quête absolue, intolérance envers le partenaire.
2nd niveau : La vie de couple peut être conflictuelle, on provoque
inconsciemment des drames affectifs pour se rassurer sur les
intentions du partenaire. On projette sur l'autre ce Pluton. Début des
prises de conscience dans notre rapport à l'amour.
AAAAAAAAAAAA
3ème niveau : Il devient nécessaire de purifier son rapport à l'autre,
de s'éloigner de son partenaire quelques temps ou de s'isoler pendant
une période pour gagner en sérénité dans la question relationnelle.
Le but est de transcender les relations: elles deviennent profondes,
entières, fidèles et enrichissantes, lorsque Pluton est maîtrisé. On peut
rechercher une harmonie, par le sens du beau, du créatif."
pluton,maison,8,"ler niveau : Angoisses impulsives et profondes, souvenirs assez
traumatiques des vies passées (persécution, délation...) générant ainsi
un besoin de purification encore plus important avec ce placement.
2nd niveau : Attirance assez jeune pour les mystères, secrets, pour
l'astrologie, pour l'ésotérisme, pour la psychologie. On commence à
transcender ses angoisses existentielles dans un domaine de vie, un
secteur qui permettra une analyse intérieure, pour mieux se
comprendre. Changements et mutations au cours de la vie.
3ème niveau : On arrive à maîtriser ces savoirs pour les mettre au
service des autres, à maîtriser les pulsions plutoniennes, pour ramener
la notion de pouvoir à des fins positives et rassurantes pour soimême. Si Pluton est purifié, et l'égo maîtrisé, assaini, on peut
développer de véritables dons dans ces secteurs spirituels et en faire
quelque chose d'utile au monde."
pluton,maison,9,"ler niveau : Tendance anarchique, fanatique vis-à-vis des
administrations, des institutions, de la religion (on a pu vivre les
rejets de l'institution religieuse dans les vies passées, se rebeller
contre ce pouvoir). Difficulté avec l'étranger, rejet de ce qui est
inconnu. On peut se saboter dans ses entreprises.
2nd niveau : On manque de confiance en soi, car les idéaux, les
croyances, sont remises en question, sous des émotions de doute et
peur. On commence à questionner ses échecs, sa difficulté à réussir
totalement.
3ème niveau : On peut commencer à s'initier aux voyages, le vivre
comme un chemin initiatique pour s'ouvrir l'esprit à d'autres
croyances. On peut faire des recherches sur les religions, les
traditions, les origines. On purifie ses croyances pour les apaiser et
vivre en harmonie avec soi-même, réussir son chemin de vie."
pluton,maison,10,"ler niveau: On peut être prêt.e à tout pour arriver à ses fins, mise au
point de stratégies, mais aller trop loin dans la puissance, vivre des
situations difficiles, de rébellion, de rejet, de trahison dans le travail.
2nd niveau : Pluton commence à s'apaiser en vivant plus sereinement
le rapport au pouvoir, on trouve ce placement chez des hommes
politiques qui vont vers leurs objectifs, ne se laissant pas déstabiliser
par les critiques. Si excès, on peut retomber pour mettre un terme à
l'obsession, et retrouver une voie plus mesurée.
3ème niveau : Ce placement génère un certain charisme, on sera
entendu(e)s par les autres, on donnera une image un peu mystérieuse
et idéale. On utilise le pouvoir dans sa vie, mais pas négativement, ce
n'est plus un dû, et on ne l'utilise pas contre les autres. On utilise sa
puissance pour faire le bien autour de soi, pour aider. On s'intéresse
aux mystères de sa famille, à ses secrets."
pluton,maison,11,"ler niveau : Le rapport au groupe est généralement compliqué, fait
peur. On a vécu avec des groupes des choses traumatisantes. On veut
révolutionner le monde, on pense tout savoir de ce qui serait bon pour
l'humanité, on veut un changement radical.
Maison 11
2nd niveau : On peut passer par de l'isolement pour gérer cette
configuration, et on va remettre en question ses dogmes, comprendre
que les idéaux humanistes sont aussi des dogmes enfermants. On va
équilibrer ses pensées, retrouver de la légèreté en amitié.
3ème niveau : C'est par le secteur audio visuel, par le numérique qu'on
peut apporter sa contribution au monde mais sans rien imposer, en
remettant en question ce que l'on croit. On peut approfondir sa
pensée, en vivant de nouvelles expériences d'apprentissage. Avec un
Pluton bien maîtrisé on peut vraiment avoir de très bonnes idées, des
intuitions géniales qu'on va mettre au service du groupe."
pluton,maison,12,"ler niveau : Ce placement génère parfois des états dépressifs. On vit
le poids du secret dans sa lignée familiale, des choses qui ne sont pas
dites (violence réelle ou symbolique dans la lignée). Si aspect
dissonant aux planètes personnelles, on peut avoir des
comportements autodestructeurs.
2nd niveau : On parvient à mettre du sens sur ce placement, à
amener de la conscience sur nos profondeurs. Des secrets peuvent
être révélés, libérant ainsi la psyché. On s'apaise, on gagne en
conscience.
3ème niveau : C'est le plus haut niveau de transcendance de Pluton.
Au niveau karmique, c'est l'aboutissement d'un cycle important. Ce
placement demande cependant beaucoup de travail de conscience et
n'est pas facile à atteindre. Mais on peut accéder intuitivement à des
vérités profondes."
point_illumination,Signe,Bélier,
point_illumination,Maison,1,"En maison 1, la part de fortune insiste sur le déploiement de la
personnalité : et le chemin spirituel se fait à travers les autres. La
rencontre avec l'autre, avec sa personnalité développée, établie,
devient source de potentiel. Mais c'est aussi par le renoncement à soi,
à ses besoins particuliers, ses envies individuelles pour intégrer le
compromis entre soi et l'autre que le chemin se fait."
point_illumination,Maison,2,"En maison 2, la part de fortune parle des biens acquis, de la
possession, de la création et de la vie, la maison 8 va nous amener
intégrer l'idée de mort et de finalité. On conçoit que la vie n'existe
que parce-que la mort en fait partie, on est donc dans le
renoncement de ce que l'on possède, on accepte de perdre pour
gagner intérieurement."
point_illumination,Maison,3,"En maison 3, la part de fortune parle de l'instant présent et de
certaines qualités intellectuelles, que nous mettons au service du
monde et des autres en maison 9. Le point spirituel est d'élargir sa
vision et d'utiliser ses connaissances pour en faire quelque chose: un
projet, une construction, un développement, au service de son
expansion."
point_illumination,Maison,4,"En maison 4, la part de fortune évoque le foyer, la création d'un foyer
sécurisant, de l'hérédité familiale. On utilise la transmission familiale
au service du monde extérieur, de notre ambition, de la réalisation
d'une vocation plus grande, peut être celle que la famille n'a pas pu
réaliser. On intègre les responsabilités qui vont avec la création d'un
foyer, d'une famille."
point_illumination,Maison,5,"En maison 5, la part de fortune parle de mettre en valeur sa lumière,
son égo, sa créativité, sa source de création, que l'on met au service du
collectif en maison 11, au service d'autrui. On se désengage de soi pour
se ramener aux autres, pour diffuser une certaine lumière dans des
collectifs, pour créer au service d'une cause, mais aussi pour accéder à
une indépendance intérieure plus grande."
point_illumination,Maison,6,"En maison 6, la part de fortune parle du travail de dur labeur, de la
rigueur mise dans son travail, qui sera profitable aux autres puisque
c'est une maison de service. Mais le point d'illumination en maison 12
va demander un travail de lâcher prise sur les règles morales qui
entourent la pratique, pour s'ouvrir à la compassion, à l'amour de son
prochain, dans une plus grande proximité émotionnelle."
point_illumination,Maison,7,"En maison 7, la part de fortune évoque le rapport à l'autre, le bien
être dans la relation et les associations. Le point d'illumination va bien
sûr ramener à soi, et à sa propre spontanéité capable de guider vers
le bien être dans ses relations. On va mettre son énergie et ses envies
au service de la relation, pour l'enrichir de ce que nous sommes et
favoriser la véritable harmonie relationnelle."
point_illumination,Maison,8,"En maison 8, la part de fortune évoque la puissance transformatrice,
que l'on va incarner dans la matière en maison 2. On n'oublie pas de
s'incarner, après l'enrichissement procuré par l'ésotérisme et les
découvertes sur soi psychologiques. On revient dans le monde du
concret pour vivre pleinement l'existence, avec ses joies et plaisirs, en
créant pour incarner un élan vital."
point_illumination,Maison,9,"En maison 9, la part de fortune parle du rapport à la réussite, de la
transmission spirituelle. En maison 3, on se relie aux autres dans
beaucoup de simplicité et on retrouve l'enrichissement par le biais de
l'échange horizontal, sans position de sachant (sagittaire). On pense
que vivre la spontanéité de l'instant de présent a autant de valeur
la construction et la quête spirituelle."
point_illumination,Maison,10,"En maison 10, la part de fortune symbolise le talent mis dans sa
vocation professionnelle, et qui sera transmise à ses enfants, sa
famille, ses proches. On n'oublie pas la notion d'héritage, ni sa vie
personnelle, le cocon que nous avons aussi besoin de créer pour vivre
heureux sur tous les plans de l'existence. Tout ne se rapporte pas à
l'ambition, mais aussi aux émotions et à la sérénité."
point_illumination,Maison,11,"En maison 11, la part de fortune évoque le projet collectif, humanitaire
et social, le groupe, et demande également une attention plus
personnelle à soi en tant qu'être individualisé (point d'illumination en
maison 5) à son égo propre, détaché des autres. On réunit le moi et
les autres, l'individu et le collectif pour trouver le lien à sa conscience
véritable."
point_illumination,Maison,12,"En maison 12, la part de fortune évoque le lâcher prise et le
cheminement spirituel, le don de soi, qui ne doit pas être sacrificiel en
maison 6. On apprend à donner mais dans un cadre qui permet un
don plus concret, plus utile, que le don parfois flottant du poissons.
On se réincarne dans une réalité propice au développement sur terre,
pour retrouver des racines."