BLOC,POLARITÉ,PLANÈTE_1,PLANÈTE_2,TYPE_DONNÉE,VALEUR,INTERPRÉTATION,CE_QUE_TU_RECHERCHES,COMMENT_TU_VIS_L_AMOUR,DIFFICULTÉS,MOTS_CLÉS
Style,"Femme, Homme",Vénus,Mars,Aspect,Conjonction,"Amour et désir fusionnent en toi. Tu ne fais pas la différence entre aimer et vouloir — c'est tout ou rien. Grande intensité émotionnelle et sexuelle, magnétisme naturel. Tu cherches la passion totale, l'âme sœur avec qui tout vibre en même temps. Risque : confondre intensité et profondeur.",Un lien où la complicité et le désir cohabitent.,"Vit l’amour comme une fusion, parfois étouffante.","Difficulté à garder la distance, peur de perdre l’autre.",fusion; passion; intensité; complicité
Style,"Femme, Homme",Vénus,Mars,Aspect,Carré,"Conflit intérieur entre ton besoin d'amour et ton impulsion de désir. Tu peux vouloir quelqu'un que tu n'aimes pas vraiment, ou aimer quelqu'un que tu ne désires plus. Attirance forte mais relations orageuses — la passion se mêle au conflit. Ton défi : réconcilier douceur et feu.",Quelqu’un qui comprend sa dualité sans la juger.,Vit l’amour comme un combat entre cœur et pulsion.,"Incompatibilité affective, tensions hommes/femmes.",conflit; tension; passion; dualité
Style,"Femme, Homme",Vénus,Mars,Aspect,Opposition,"Tu attires ton opposé et tu désires ce que tu ne comprends pas. Forte polarisation dans les relations : l'autre incarne ce qui te manque. Fascination magnétique, mais difficulté à intégrer les deux énergies en toi. Ton défi : cesser de projeter et assumer ta propre dualité.","Un lien où chacun garde sa place, sans se dominer.",Vit l’amour comme un miroir de ses contradictions.,"Relations instables, projections fortes.",opposés; attirance; dualité; projection
Style,"Femme, Homme",Vénus,Mars,Aspect,Trigone,"Harmonie naturelle entre amour et désir. Tu sais ce que tu veux et tu l'assumes sans drama. Séduction fluide, sensualité simple, relations qui coulent de source. Tu n'as pas besoin de tension pour te sentir vivant(e) — la passion peut être douce.","Un lien où le désir nourrit l’amour, sans effort.","Vit l’amour dans la confiance, la complicité, la joie.",Peut s’endormir dans la routine s’il/elle n’est pas stimulé(e).,harmonie; sensualité; fluidité; confiance
Style,"Femme, Homme",Vénus,Mars,Aspect,Sextile,Bonne connexion entre cœur et corps. Tu sais créer des opportunités amoureuses sans forcer. Le désir et la tendresse s'expriment de façon complémentaire. Relations stimulantes mais pas compliquées — tu trouves facilement l'équilibre.,"Quelqu’un de doux et conscient, capable d’accueillir sa complexité.","Vit l’amour avec attraction/répulsion, sans toujours comprendre pourquoi.","Incompréhension, attirances “impossibles”.",inconscient; tension; attraction; complexité
Style,"Femme, Homme",Vénus,Jupiter,Aspect,Conjonction,"Tu aimes grand, généreux, expansif. L'amour est une aventure, une célébration — tu veux tout vivre à fond. Optimisme naturel en amour, tu attires l'abondance relationnelle. Risque : idéaliser, papillonner, ne jamais te poser vraiment.",,,,
Style,"Femme, Homme",Vénus,Jupiter,Aspect,Carré,"Conflit entre ton désir d'amour et ton besoin de liberté. Tu veux tout : la relation ET l'aventure, la stabilité ET l'excès. Difficulté à doser, à te contenter de ce que tu as. Ton défi : trouver la juste mesure sans te frustrer ni fuir.",,,,
Style,"Femme, Homme",Vénus,Jupiter,Aspect,Opposition,"Tu projettes ton besoin d'expansion sur l'autre. Tu attends qu'on t'ouvre des horizons, qu'on te fasse rêver plus grand. Attraction pour les gens généreux, exubérants, étrangers. Ton défi : créer ta propre abondance amoureuse au lieu de l'attendre.",,,,
Style,"Femme, Homme",Vénus,Jupiter,Aspect,Trigone,"Chance naturelle en amour. Tu attires facilement, tu séduis sans effort, les relations coulent de source. Optimisme sincère, capacité à voir le bon côté de chaque histoire. L'amour est léger, joyeux, fluide — tu ne compliques pas les choses.",,,,
Style,"Femme, Homme",Vénus,Saturne,Aspect,Conjonction,"L'amour est sérieux, grave, lourd. Tu ne joues pas — c'est du solide ou rien. Difficulté à te laisser aller, peur de ne pas être à la hauteur, besoin de prouver ta valeur. Grande fidélité mais risque de sécheresse émotionnelle. Ton défi : t'autoriser la légèreté.",,,,
Style,"Femme, Homme",Vénus,Saturne,Aspect,Carré,"Conflit entre ton besoin d'amour et ta peur de ne pas le mériter. Tu te bloques toi-même, tu doutes, tu te sabotes. Attirance pour les relations difficiles, les partenaires froids ou inaccessibles. Ton défi : arrêter de te punir et accepter d'être aimé(e) simplement.",,,,
Style,"Femme, Homme",Vénus,Saturne,Aspect,Opposition,"Tu attires des partenaires qui incarnent la distance, la maturité, la difficulté. L'autre te confronte à tes limites amoureuses, te demande de grandir. Fascination pour ce qui résiste, pour ce qui te force à t'engager sérieusement. Ton défi : cesser de chercher l'épreuve.",,,,
Style,"Femme, Homme",Vénus,Saturne,Aspect,Trigone,"Tu construis l'amour dans la durée. Fidélité naturelle, engagement sincère, capacité à traverser les crises. Tu ne fuis pas quand c'est dur — tu restes et tu bâtis. Relations stables, solides, qui résistent au temps. L'amour comme un projet à long terme.",,,,
Style,"Femme, Homme",Vénus,Uranus,Aspect,Conjonction,"Tu aimes en liberté totale. Pas de règles, pas de cases, pas de routine. Attirance pour l'inhabituel, le rebelle, l'inclassable. Relations électriques, surprenantes, qui échappent aux normes. Risque : fuir dès que ça devient prévisible.",,,,
Style,"Femme, Homme",Vénus,Uranus,Aspect,Carré,"Conflit entre ton besoin d'amour et ton besoin d'indépendance. Tu veux être proche mais libre, engagé(e) mais autonome. Difficulté à tenir dans la durée, tentation de tout casser quand ça devient trop confortable. Ton défi : arrêter de confondre intimité et prison.",,,,
Style,"Femme, Homme",Vénus,Uranus,Aspect,Opposition,"Tu attires des partenaires imprévisibles, instables, électriques. L'autre incarne ta propre part de liberté — celle que tu n'oses pas assumer seul(e). Fascination pour ce qui te déstabilise, pour ce qui casse les codes. Ton défi : incarner toi-même ta propre révolution.",,,,
Style,"Femme, Homme",Vénus,Uranus,Aspect,Trigone,"Tu réinventes l'amour à ta manière. Capacité à créer des relations originales, qui te ressemblent vraiment. Tu gardes ta liberté sans fuir l'intimité — tu trouves l'équilibre. Attirance pour les esprits libres, les gens qui te surprennent.",,,,
Style,"Femme, Homme",Vénus,Neptune,Aspect,Conjonction,"Tu aimes dans la fusion totale. L'autre devient ton rêve, ton idéal, ton salut. Grande sensibilité romantique, capacité à vivre l'amour comme une transcendance. Risque : te perdre dans l'illusion, ne jamais voir l'autre tel qu'il est vraiment.",,,,
Style,"Femme, Homme",Vénus,Neptune,Aspect,Carré,"Conflit entre ton désir d'amour réel et ton besoin de rêve. Tu idéalises, tu projettes, tu fantasmes — puis tu te réveilles déçu(e). Difficulté à accepter l'ordinaire, le concret, le quotidien d'une relation. Ton défi : aimer l'humain, pas l'ange.",,,,
Style,"Femme, Homme",Vénus,Neptune,Aspect,Opposition,"Tu attires des partenaires flous, insaisissables, idéalisés. L'autre incarne ton propre rêve — celui que tu ne vis pas seul(e). Fascination pour ce qui échappe, pour ce qui reste mystérieux. Ton défi : cesser de projeter et voir ce qui est vraiment là.",,,,
Style,"Femme, Homme",Vénus,Neptune,Aspect,Trigone,"Tu aimes avec une profondeur émotionnelle naturelle. Capacité à créer de la magie, de l'émotion, du lien invisible. Sensibilité artistique, romantisme sincère — tu fais rêver sans mentir. L'amour est poésie, mais tu gardes les pieds sur terre.",,,,
Style,"Femme, Homme",Vénus,Pluton,Aspect,Conjonction,"Tu aimes intensément ou pas du tout. Fusion totale, transformation mutuelle, obsession réciproque. L'amour comme une mort et une renaissance. Grande puissance émotionnelle et sexuelle. Risque : dévorer l'autre, vouloir tout contrôler, ne jamais lâcher prise.",,,,
Style,"Femme, Homme",Vénus,Pluton,Aspect,Carré,"Conflit entre ton désir d'amour et ton besoin de pouvoir. Tu veux fusionner mais tu as peur de perdre le contrôle. Relations intenses, passionnées, souvent destructrices. Attirance pour ce qui te transforme violemment. Ton défi : aimer sans posséder.",,,,
Style,"Femme, Homme",Vénus,Pluton,Aspect,Opposition,"Tu attires des partenaires intenses, magnétiques, transformateurs. L'autre incarne ta propre puissance — celle que tu n'assumes pas seul(e). Fascination pour ce qui te confronte, pour ce qui te met face à tes démons. Ton défi : incarner ta propre intensité.",,,,
Style,"Femme, Homme",Vénus,Pluton,Aspect,Trigone,"Tu transformes naturellement par l'amour. Capacité à créer des liens profonds, vrais, qui changent les gens. Intensité émotionnelle et sexuelle assumée, sans drama. Tu sais aller au fond des choses sans tout détruire — l'amour comme une alchimie.",,,,
Couple,"Femme, Homme",Soleil,Lune,Aspect,Conjonction,"Identité et émotions fusionnent. Tu cherches un amour qui fait corps, qui rassure, où l'on est ""un"". Grande cohérence intérieure quand tu es aligné(e), mais difficulté à distinguer ce que tu veux de ce que tu ressens. Ton style : l'amour comme prolongement de toi-même.",Un lien où chacun accepte l’autre sans chercher à le corriger.,Vit l’amour comme un travail d’harmonisation.,"Fatigue relationnelle, malentendus émotionnels.",ajustement; adaptation; patience; équilibre
Couple,"Femme, Homme",Soleil,Lune,Aspect,Carré,"Tension entre qui tu es et ce dont tu as besoin. Tu peux t'affirmer au détriment de ta sécurité émotionnelle, ou te perdre dans tes émotions au détriment de ton identité. Relations où il faut sans cesse négocier. Ton défi : ne plus choisir entre briller et être nourri(e).","Un lien évident, fusionnel, où tout se vit ensemble.","Aime intensément, parfois jusqu’à la confusion.",Difficulté à différencier soi et l’autre.,fusion; unité; dépendance; intensité
Couple,"Femme, Homme",Soleil,Lune,Aspect,Opposition,"Tu attires des partenaires miroirs qui incarnent ce que tu refoules. Forte polarité : l'un est le soleil, l'autre la lune. L'amour devient terrain de projection — tu cherches chez l'autre ce que tu n'assumes pas en toi. Ton défi : intégrer tes propres opposés.",Un lien où chacun reste libre tout en restant lié.,Vit l’amour comme un aller-retour entre fusion et distance.,Crainte de ne jamais réussir à s’accorder.,distance; blocage; confusion; désaccord
Couple,"Femme, Homme",Soleil,Lune,Aspect,Trigone,"Harmonie naturelle entre conscience et émotions. Tu sais qui tu es et ce dont tu as besoin — pas de guerre intérieure. L'amour coule de source, les relations sont fluides. Tu as un modèle intérieur de couple équilibré qui t'aide à créer des liens sains.",Un partenaire capable de comprendre ses contradictions.,Vit l’amour dans la passion et le défi.,Peur de l’échec ou du rejet.,conflit; dualité; tension; apprentissage
Couple,"Femme, Homme",Soleil,Lune,Aspect,Sextile,"Bonne complémentarité entre identité et vie émotionnelle. L'amour circule dans le respect des différences. Tu sais t'affirmer sans écraser tes besoins, et ressentir sans te perdre. Relations où chacun garde sa place.",Un lien d’équilibre entre deux pôles complémentaires.,Vit l’amour comme une danse d’opposés.,Risque d’épuisement ou de prise de parti.,miroir; polarité; projection; équilibre
Couple,"Femme, Homme",Soleil,Vénus,Aspect,Conjonction,"Identité et amour sont intimement liés. Tu aimes à travers ce que tu rayonnes, ce que tu donnes, ce que tu incarnes. Grand charme naturel — tu as besoin d'être aimé(e) pour te sentir vivant(e). Risque : confondre ta valeur personnelle avec ta capacité à plaire.","Une relation fluide, stable, sincère.","Vit l’amour dans la simplicité, la sérénité.",Peut s’endormir dans le confort.,harmonie; stabilité; confiance; douceur
Couple,"Femme, Homme",Soleil,Vénus,Aspect,Carré,"Tension entre qui tu es et ce que tu aimes. Tu peux te sentir tiraillé(e) entre t'affirmer et être aimable, entre tes désirs et ce qui plaît aux autres. L'amour peut devenir un terrain de négociation avec toi-même. Ton défi : t'aimer tel(le) que tu es, sans compromis excessif.","Un lien d’entraide, d’écoute, de construction.","Aime progresser à deux, sans heurts.",Manque de feu ou d’élan parfois.,complicité; écoute; croissance; respect
Couple,"Femme, Homme",Soleil,Vénus,Aspect,Opposition,"Tu projettes ta capacité d'aimer sur l'autre. Le partenaire doit incarner la beauté, le charme, la valeur que tu ne te reconnais pas. L'amour devient un miroir — tu cherches dehors ce qui est déjà en toi. Ton défi : reconnaître ta propre lumière amoureuse.",Une relation claire et consciente.,"Aime profondément, mais reste parfois flou sur ses besoins.","Confusion affective, non-dits.",inconscient; malaise; silence; tension
Couple,"Femme, Homme",Soleil,Vénus,Aspect,Trigone,"L'amour et l'identité s'accordent naturellement. Tu es à l'aise avec qui tu es et tu le montres — ça te rend naturellement attirant(e). Pas besoin de jouer un rôle pour séduire. Les relations sont agréables, tu donnes et reçois avec fluidité.","Un lien évolutif, où le dialogue est possible.",Vit l’amour dans la remise en question.,"Fatigue émotionnelle, inertie relationnelle.",résistance; répétition; rigidité; apprentissage
Couple,"Femme, Homme",Soleil,Vénus,Aspect,Sextile,"Bonne connexion entre ce que tu es et ce que tu aimes. Tu sais créer de l'harmonie sans te renier. Les opportunités amoureuses viennent facilement quand tu es authentique. Relations plaisantes, équilibrées, sans excès.","Un lien où l’amour nourrit la confiance, pas l’ego.","Vit l’amour comme un miroir : plus il/elle se sent reconnu(e), plus il/elle s’épanouit.",Peut confondre amour de soi et amour reçu.,rayonnement; charme; dépendance; estime
Couple,"Femme, Homme",Soleil,Vénus,Aspect,Conjonction dissociée,L’amour et l’identité ne s’accordent pas toujours. Peut aimer profondément mais se sentir incompris(e). L’affectif réactive des blessures anciennes de valeur personnelle.,Une relation où il/elle n’a pas à prouver sa valeur.,"Aime intensément, mais doute souvent de mériter d’être aimé(e).","Attente de reconnaissance, blessure du père, peur d’être rejeté(e).",amour de soi; reconnaissance; blessure; identité
Couple,"Femme, Homme",Soleil,Vénus,Aspect,Semi-carré,"Aime avec exigence et lucidité. L’amour devient un terrain de travail intérieur : apprendre à se pardonner, à s’accepter.",Quelqu’un de patient et authentique.,"Vit l’amour avec vigilance, mais parfois trop d’autocritique.","Auto-sabotage, peur d’imperfection, jugement de soi.",exigence; amour de soi; lucidité; perfectionnisme
Couple,"Femme, Homme",Soleil,Vénus,Aspect,Semi-sextile,Aime sincèrement mais avec retenue. L’amour réveille des résistances subtiles à s’aimer tel(le) qu’il/elle est.,Une personne qui apaise plutôt qu’elle ne remet en question.,Vit l’amour comme une tension douce entre besoin d’aimer et peur de se montrer.,"Rigidité intérieure, peur du changement, fatigue émotionnelle.",résistance; amour; adaptation; rigueur
Couple,"Femme, Homme",Soleil,Lune,Aspect,Conjonction dissociée,Désir d’union mais sensation de barrière invisible. Le couple symbolise un “blocage d’accord”.,Un lien où chacun reste libre tout en restant lié.,Vit l’amour comme un aller-retour entre fusion et distance.,Crainte de ne jamais réussir à s’accorder.,distance; blocage; confusion; désaccord
Partenaire,Femme,Soleil,Lune,Aspect,Conjonction,"Tu projettes sur l'homme idéal une fusion entre force et douceur. Il doit être à la fois solide et nourrissant — un homme qui protège ET qui prend soin. Tu cherches un partenaire qui incarne le masculin et le féminin réconciliés. Non intégré, tu peux attendre qu'il soit tout : père, mère, amant, ami — une pression impossible. Ou tu attires des hommes dont l'identité est floue, qui ne savent pas vraiment qui ils sont. Intégré, tu choisis un homme complet, en contact avec ses émotions, capable de force tendre.",,,,
Partenaire,Femme,Soleil,Lune,Aspect,Trigone,"Tu as une image harmonieuse de l'homme qui sait allier présence et sensibilité. Le masculin émotionnellement disponible te semble naturel, attirant. Tu sais reconnaître un homme qui assume sa vulnérabilité sans perdre sa solidité. Tu attires des hommes équilibrés avec qui l'intimité coule de source.",,,,
Partenaire,Femme,Soleil,Lune,Aspect,Sextile,"Tu apprécies les hommes qui savent être forts et doux à la fois. L'équilibre entre action et émotion te semble accessible chez un partenaire. Tu veux un homme présent, capable de te rassurer sans te dominer.",,,,
Partenaire,Femme,Soleil,Lune,Aspect,Carré,"Tu ressens une tension entre l'homme que tu veux (solide, affirmé) et l'homme dont tu as besoin (nourrissant, sécurisant). Ces deux images semblent incompatibles. Non intégré, tu peux osciller entre des hommes forts mais froids et des hommes doux mais faibles — jamais satisfaite. Intégré, tu apprends que force et tendresse peuvent coexister chez le même homme.",,,,
Partenaire,Femme,Soleil,Lune,Aspect,Opposition,"Tu projettes sur l'homme des qualités opposées à ton propre fonctionnement émotionnel. S'il est solaire, tu attends qu'il soit aussi ton refuge. Le partenaire devient un miroir de ce que tu ne t'autorises pas. Non intégré, tu peux vivre des relations où l'un porte l'identité et l'autre les émotions — déséquilibre permanent. Intégré, tu assumes tes propres besoins et tu choisis un partenaire complémentaire, pas un substitut.",,,,
Partenaire,Femme,Soleil,Mercure,Aspect,Conjonction,"Tu projettes sur l'homme idéal une image d'intelligence, de vivacité d'esprit, d'éloquence. Il doit savoir parler, penser, communiquer — un homme brillant avec qui échanger. Tu tombes amoureuse par les mots, les idées, l'humour. Non intégré, tu peux attirer des beaux parleurs, des hommes séduisants intellectuellement mais fuyants émotionnellement. Le verbe peut masquer le vide. Intégré, tu choisis un homme intelligent ET présent — la connexion mentale nourrit aussi le cœur.",,,,
Partenaire,Femme,Soleil,Mercure,Aspect,Trigone,"Tu as une image positive de l'homme communicant, curieux, vif. Le dialogue avec le masculin te semble fluide et stimulant. Tu sais reconnaître un homme qui pense bien et s'exprime clairement. Tu attires des hommes avec qui la complicité intellectuelle est naturelle.",,,,
Partenaire,Femme,Soleil,Mercure,Aspect,Sextile,"Tu apprécies les hommes intelligents, accessibles, avec qui la conversation est facile. Le masculin cultivé te semble attirant sans être intimidant. Tu veux un homme avec qui tu peux parler de tout, simplement.",,,,
Partenaire,Femme,Soleil,Mercure,Aspect,Carré,"Tu es attirée par des hommes brillants mais difficiles à suivre — trop rapides, trop changeants, ou qui utilisent les mots pour manipuler. Il y a une tension entre ce que tu entends et ce que tu ressens. Non intégré, tu peux t'accrocher à des hommes qui te séduisent par leur esprit mais te laissent affectivement vide. Intégré, tu apprends à distinguer l'intelligence vraie du baratin.",,,,
Partenaire,Femme,Soleil,Mercure,Aspect,Opposition,"Tu projettes sur l'homme une capacité de communication que tu ne t'accordes pas. Il doit mettre des mots sur ce que toi tu ressens. Non intégré, tu peux attendre qu'il devine, qu'il exprime à ta place, ou tu attires des hommes qui parlent beaucoup mais n'écoutent pas. Intégré, tu développes ta propre voix et tu choisis un partenaire avec qui le dialogue est réciproque.",,,,
Partenaire,Femme,Soleil,Vénus,Aspect,Conjonction,"Tu projettes sur l'homme idéal une image de charme, de beauté, d'harmonie. Il doit être agréable, aimable, esthète — quelqu'un qui sait plaire et créer de la douceur. C'est l'archétype du ""prince charmant"". Non intégré, tu peux tomber pour des hommes séducteurs, superficiels, ou qui plaisent à tout le monde sauf à toi en particulier. La belle image peut cacher un manque de profondeur. Intégré, tu choisis un homme charmant ET authentique — la beauté est dans la relation, pas seulement dans l'apparence.",,,,
Partenaire,Femme,Soleil,Vénus,Aspect,Trigone,"Tu as une image positive de l'homme doux, charmant, qui sait aimer. Le masculin tendre te semble naturel et attirant. Tu sais reconnaître un homme qui cultive l'harmonie sans être mou. Tu attires des hommes agréables avec qui la relation est fluide et belle.",,,,
Partenaire,Femme,Soleil,Vénus,Aspect,Sextile,"Tu apprécies les hommes aimables, élégants, faciles à vivre. Le masculin raffiné te semble accessible. Tu veux un homme avec qui la vie quotidienne est douce et agréable.",,,,
Partenaire,Femme,Soleil,Vénus,Aspect,Carré,"Tu es attirée par des hommes charmants mais insaisissables — séducteurs qui ne s'engagent pas, ou esthètes qui privilégient l'image sur la substance. Il y a une tension entre ton idéal d'harmonie et la réalité des relations. Non intégré, tu peux collectionner des histoires ""jolies"" mais superficielles, ou rester dans des relations déséquilibrées par peur du conflit. Intégré, tu apprends que l'amour vrai inclut aussi les aspérités.",,,,
Partenaire,Femme,Soleil,Vénus,Aspect,Opposition,"Tu projettes sur l'homme la capacité d'aimer que tu ne t'accordes pas à toi-même. Il doit incarner l'amour, la beauté, la valeur que tu ne te reconnais pas. Non intégré, tu peux idéaliser des hommes qui te semblent ""trop bien pour toi"", ou t'effacer pour être aimée. Intégré, tu reconnais ta propre valeur et tu choisis un partenaire qui t'aime pour ce que tu es, pas pour ce que tu lui apportes.",,,,
Partenaire,Femme,Soleil,Mars,Aspect,Conjonction,"Tu projettes sur l'homme idéal une image très masculine, virile, affirmée. Il doit être direct, décidé, un moteur qui avance. Tu cherches un homme fort qui te stimule, te dynamise, te challenge. Non intégré, tu peux confondre force et brutalité, attirant des hommes agressifs ou dominateurs. Ou tu attends qu'il porte toute l'énergie du couple à ta place. Intégré, tu choisis un homme puissant qui respecte ta propre force — vous vous stimulez mutuellement sans rapport de domination.","Un homme qui assume son feu sans t’écraser, avec qui tu peux admirer et coopérer sans compétition.","Relations passionnées mais exigeantes, besoin d’équilibrer ego et désir.",feu; virilité; action; intensité,
Partenaire,Femme,Soleil,Mars,Aspect,Trigone,"Tu as une image positive de l'homme énergique, courageux, entreprenant. Il te motive naturellement, te tire vers le haut sans t'écraser. L'énergie masculine te porte — tu sais reconnaître et apprécier un homme d'action. Tu attires facilement des hommes dynamiques avec qui l'échange est fluide et stimulant.","Un homme qui t’encourage à agir, à créer, à t'affirmer.",Peut créer une dépendance au partenaire-moteur.,harmonie; action; courage; élan,
Partenaire,Femme,Soleil,Mars,Aspect,Sextile,"Tu apprécies les hommes dynamiques, simples, spontanés. Pas besoin de drama — tu veux un homme motivant avec qui avancer concrètement. L'énergie masculine te semble accessible, positive. Tu sais créer des opportunités de connexion avec des hommes actifs et directs.",Un homme qui t'entraîne dans le mouvement.,Peut manquer de profondeur si pas alimenté.,douceur; motivation; simplicité; énergie,
Partenaire,Femme,Soleil,Mars,Aspect,Carré,"Tu es attirée par des hommes impulsifs, têtus, parfois colériques. Il y a une tension entre ce que tu veux consciemment et ce qui t'attire viscéralement. La passion est intense mais source de conflits. Non intégré, tu rejoues des schémas de confrontation avec le masculin — soit tu te soumets, soit tu combats. Intégré, tu apprends à transformer cette tension en énergie créative plutôt que destructrice.","Un homme qui sait canaliser son feu, sans domination.","Conflits de pouvoir, clashs, rapports de force.",tension; conflit; désir; compétition,
Partenaire,Femme,Soleil,Mars,Aspect,Opposition,"Tu es attirée par des hommes puissants, mais difficiles à suivre. Grande attirance magnétique doublée d'instabilité relationnelle. Tu projettes ta propre énergie martienne sur lui — il incarne ce que tu n'oses pas être. Non intégré, tu vis des relations passionnelles épuisantes ou tu te perds dans des hommes qui te dominent. Intégré, tu récupères ta propre puissance et choisis un partenaire complémentaire, pas un substitut de ton feu intérieur.","Un homme capable de compromis, qui n’est pas dans le bras de fer.","Relations chaotiques, attraction/répulsion.",dualité; axe; séduction; confrontation,
Partenaire,Femme,Soleil,Saturne,Aspect,Conjonction,"Tu projettes sur l'homme idéal une image de maturité, de stabilité, de responsabilité. Il doit être un pilier — fiable, solide, structurant. Tu cherches un homme sur qui tu peux compter dans la durée. Non intégré, tu peux attirer des hommes froids, rigides, critiques, ou reproduire une dynamique père-fille où tu restes ""petite"". L'amour peut ressembler à du devoir. Intégré, tu choisis un homme mature qui sait aussi être tendre — la solidité coexiste avec la chaleur.","Un homme fiable, solide, structuré.",Peut attirer des hommes trop rigides ou distants.,maturité; stabilité; cadre; engagement,
Partenaire,Femme,Soleil,Saturne,Aspect,Trigone,"Tu as une image positive de l'homme loyal, sage, constant. La maturité masculine te rassure naturellement. Tu sais reconnaître et apprécier un homme responsable sans le trouver ennuyeux. Tu attires des hommes solides avec qui construire dans la durée est fluide.","Un homme patient, constructif.",Peut créer une relation trop sage ou routinière.,harmonie; constance; loyauté; structure,
Partenaire,Femme,Soleil,Saturne,Aspect,Sextile,Tu apprécies les hommes sérieux mais accessibles. Pas besoin qu'il soit un patriarche — tu veux un homme fiable avec qui les choses sont claires. La structure masculine te semble rassurante sans être étouffante.,Un homme engagé mais doux.,Peut manquer d’élan ou de spontanéité.,simplicité; respect; responsabilité; soutien,
Partenaire,Femme,Soleil,Saturne,Aspect,Carré,"Tu es attirée par des hommes froids, critiques, exigeants — ou indisponibles. Il y a une tension entre ton besoin de sécurité et la difficulté à l'obtenir. Non intégré, tu peux t'acharner à conquérir des hommes qui ne donnent rien, ou saboter les relations stables par peur de l'enfermement. Intégré, tu apprends que la structure peut être un cadre aimant, pas une prison.",Un homme qui ouvre son cœur sans juger.,"Blessures d’estime, rapport au père, rigidité.",blocage; froideur; autorité; manque,
Partenaire,Femme,Soleil,Saturne,Aspect,Opposition,"Tu projettes sur l'homme une image d'autorité distante, intouchable, supérieure. Tu peux être attirée par des figures paternelles inaccessibles ou des hommes qui te jugent. Non intégré, tu te sens toujours ""pas assez"" face au masculin, ou tu rejettes en bloc toute forme d'autorité. Intégré, tu cesses de chercher l'approbation paternelle chez ton partenaire et tu choisis un égal.",Un homme capable de vulnérabilité.,"Fuite émotionnelle, rapport de force, test permanent.",défi; distance; froideur; exigence,
Partenaire,Femme,Soleil,Jupiter,Aspect,Conjonction,"Tu projettes sur l'homme idéal une image d'expansion, de générosité, de brillance. Il doit être solaire, enthousiaste, plus grand que nature. Tu cherches un homme qui t'ouvre des horizons, qui te fait rêver. Non intégré, tu peux idéaliser des hommes excessifs, irresponsables, ou des ""grands enfants"" qui promettent beaucoup mais tiennent peu. Intégré, tu choisis un homme généreux avec les pieds sur terre — l'expansion se vit à deux, dans le réel.",Un homme qui t’élève et te valorise.,"Peut attirer des hommes mégalos, excessifs.",expansion; chaleur; ambition; générosité,
Partenaire,Femme,Soleil,Jupiter,Aspect,Trigone,"Tu as une image positive de l'homme optimiste, protecteur, inspirant. Le masculin t'élève naturellement. Tu sais reconnaître et apprécier un homme généreux qui voit grand. Tu attires des hommes enthousiastes avec qui grandir est un plaisir.","Un homme encourageant, confiant.",Risque d’idéalisation.,harmonie; optimisme; soutien; vision,
Partenaire,Femme,Soleil,Jupiter,Aspect,Sextile,"Tu apprécies les hommes enthousiastes, ouverts, drôles. Le masculin te semble porteur d'opportunités. Tu veux un homme positif avec qui la vie est une aventure légère et joyeuse.",Un homme qui illumine le quotidien.,Peut manquer d’ancrage.,légèreté; joie; confiance; ouverture,
Partenaire,Femme,Soleil,Jupiter,Aspect,Carré,"Tu es attirée par des hommes excessifs, parfois irresponsables ou survoltés. Il y a un décalage entre tes attentes démesurées et la réalité. Non intégré, tu passes d'un homme à l'autre en cherchant toujours ""mieux"", ou tu t'attaches à des prometteurs qui ne concrétisent jamais. Intégré, tu apprends que la grandeur se trouve aussi dans le quotidien partagé.",Un homme capable de modération.,"Promesses non tenues, illusions.",excès; dispersion; enthousiasme; chaos,
Partenaire,Femme,Soleil,Jupiter,Aspect,Opposition,"Tu projettes sur l'homme une image inspirante mais insaisissable. Il doit être extraordinaire — et donc souvent hors de portée. Non intégré, tu idéalises des hommes inaccessibles ou tu te sens ""trop petite"" pour ceux que tu admires. Intégré, tu reconnais ta propre capacité d'expansion et tu choisis un partenaire à ta hauteur, pas un guru.",Un homme libre mais fiable.,"Relations à distance, idéalisme, fuite.",aventure; liberté; idéal; écart,
Partenaire,Femme,Soleil,Uranus,Aspect,Conjonction,"Tu projettes sur l'homme idéal une image d'originalité, de brillance atypique, d'imprévisibilité. Il doit sortir du lot, te surprendre, être différent. Tu cherches un homme libre, un électron qui ne rentre dans aucune case. Non intégré, tu peux attirer des hommes instables, incapables de s'engager, ou fuir toi-même dès que ça devient conventionnel. Intégré, tu choisis un homme original qui sait aussi être présent — la liberté cohabite avec l'engagement.",Un homme libre qui respecte ta liberté.,"Instabilité, ruptures soudaines.",indépendance; génie; surprise; atypique,
Partenaire,Femme,Soleil,Uranus,Aspect,Trigone,"Tu as une image positive de l'homme moderne, visionnaire, inspirant. L'originalité masculine te stimule naturellement. Tu sais reconnaître et apprécier un homme qui pense différemment. Tu attires des hommes innovants avec qui l'avenir s'invente.",Un homme stimulant et créatif.,Peut manquer d’ancrage concret.,harmonie; innovation; liberté; esprit,
Partenaire,Femme,Soleil,Uranus,Aspect,Sextile,"Tu apprécies les hommes originaux, indépendants, qui ont leur propre chemin. Le masculin atypique te semble accessible et stimulant. Tu veux un homme libre avec qui créer quelque chose de nouveau.",Un homme flexible et ouvert.,Peut devenir trop détaché.,créativité; fluidité; indépendance,
Partenaire,Femme,Soleil,Uranus,Aspect,Carré,"Tu es attirée par des hommes instables, insaisissables, qui disparaissent quand tu t'attaches. Il y a une tension entre ton besoin de connexion et ton attirance pour l'inaccessible. Non intégré, tu vis des relations chaotiques ou tu provoques toi-même les ruptures par peur de la routine. Intégré, tu apprends à accueillir l'imprévu sans sacrifier la stabilité.",Un homme présent ET libre.,"ruptures, imprévus, chaos relationnel.",choc; tension; liberté; chaos,
Partenaire,Femme,Soleil,Uranus,Aspect,Opposition,"Tu projettes sur l'homme une image brillante mais impossible à saisir. Il incarne la liberté que tu n'assumes pas toi-même. Non intégré, tu attires des hommes qui partent toujours ou tu te sens abandonnée dès qu'ils ont besoin d'espace. Intégré, tu récupères ton propre besoin de liberté et tu choisis un partenaire indépendant avec qui vous êtes libres ensemble.","Un homme capable d’engagement choisi, non subi.","Relation électrique, montagnes russes.",électricité; distance; étincelle; instabilité,
Partenaire,Femme,Soleil,Neptune,Aspect,Conjonction,"Tu projettes sur l'homme idéal une image sensible, artistique, mystique. Il doit toucher ton âme, avoir une dimension insaisissable, presque irréelle. Tu cherches un homme poète, rêveur, inspirant. Non intégré, tu peux tomber pour des hommes flous, fuyants, menteurs, ou des ""génies incompris"" à sauver. L'idéalisation t'aveugle sur qui il est vraiment. Intégré, tu choisis un homme sensible avec les pieds sur terre — le rêve s'ancre dans une relation réelle.",Un homme inspirant mais ancré.,"Illusion amoureuse, dévotion, flou.",rêve; idéal; âme; magie,
Partenaire,Femme,Soleil,Neptune,Aspect,Trigone,"Tu as une image positive de l'homme romantique, intuitif, doux. La sensibilité masculine te touche naturellement. Tu sais reconnaître et apprécier un homme qui a accès à ses émotions et à sa créativité.","Un homme apaisant, émotionnellement subtil.",Peut encourager l’idéalisme.,harmonie; poésie; intuition; douceur,
Partenaire,Femme,Soleil,Neptune,Aspect,Sextile,"Tu apprécies les hommes sensibles, imaginatifs, tendres. Le masculin doux te semble accessible et attirant. Tu veux un homme avec qui partager une connexion subtile, au-delà des mots.",Un homme bienveillant et réceptif.,Peut manquer de solidité.,sensibilité; bienveillance; finesse; inspiration,
Partenaire,Femme,Soleil,Neptune,Aspect,Carré,"Tu es attirée par des hommes flous, fuyants, souvent ""à sauver"". Il y a une confusion entre amour et sacrifice, entre connexion et illusion. Non intégré, tu t'épuises à aimer des fantômes ou tu idéalises des relations qui n'existent que dans ta tête. Intégré, tu apprends à distinguer le rêve de la réalité sans perdre ta sensibilité.",Un homme clair et transparent.,"Illusions, dépendance, mensonge involontaire.",illusion; confusion; sauveur; fuite,
Partenaire,Femme,Soleil,Neptune,Aspect,Opposition,"Tu projettes sur l'homme une image idéale, fantasmée, presque divine. Il doit être parfait — et donc il n'existe pas vraiment. Non intégré, tu tombes amoureuse de mirages, d'hommes inaccessibles ou de l'idée que tu te fais d'eux. Intégré, tu acceptes l'humanité imparfaite de l'autre et tu vis un amour réel, ancré, sans perdre la magie.",Un homme qui montre sa vérité.,"Déception, distance affective, fascination.",nébuleux; idéal; évanescence; mirage,
Partenaire,Femme,Soleil,Pluton,Aspect,Conjonction,"Tu projettes sur l'homme idéal une intensité extraordinaire — charisme, profondeur, pouvoir personnel. Il doit être magnétique, entier, transformateur. Tu ne peux pas aimer ""tiède"". Non intégré, tu peux attirer des hommes manipulateurs, possessifs, dangereux, ou des dynamiques où fascination et peur se mêlent. Le pouvoir devient l'enjeu de la relation. Intégré, tu choisis un homme puissant qui respecte ton pouvoir — l'intensité devient alchimie, pas destruction.","Un homme magnétique, engagé, lucide, capable de transformation et de vérité radicale.","Les liens importants prennent la forme de passages initiatiques : passion, fusion, renaissance.","Tendance à attirer des hommes dominants, complexes, possessifs ; risque de perdre ton propre pouvoir avant de le récupérer.",intensité; transformation; passion; pouvoir
Partenaire,Femme,Soleil,Pluton,Aspect,Trigone,"Tu intègres naturellement la profondeur, la lucidité et la transformation dans ton rapport aux hommes. L'intensité masculine ne te fait pas peur — elle te nourrit. Tu sais reconnaître un homme profond et l'accueillir sans te perdre. Tu attires des hommes puissants avec qui la relation transforme positivement.","Un homme fort, résistant, qui confronte, provoque, pousse à la croissance.",Vit l’amour comme un terrain de lutte symbolique : passion + conflits + rapport de force.,"Risque d’entrer dans des relations toxiques, triangles, domination/soumission avant de reprendre ton axe.",conflit; pouvoir; lutte; régénération
Partenaire,Femme,Soleil,Pluton,Aspect,Sextile,Tu as accès à une connexion profonde avec le masculin sans drama. L'intensité est présente mais gérable. Tu peux explorer les zones sombres d'une relation sans t'y noyer.,"Un homme fascinant, profond, stratège, qui révèle ce que tu caches ou n’assumes pas encore.","Tu vis l’amour comme une danse attraction–répulsion, entre contrôle et abandon.",Difficulté à sortir de liens karmiques intenses ; peur de te perdre dans l’autre.,projection; fascination; polarité; crise
Partenaire,Femme,Soleil,Pluton,Aspect,Carré,"Tu ressens une tension intérieure entre ton besoin d'aimer et ta fascination pour des hommes puissants, compliqués ou ""dangereux"". Il y a quelque chose d'irrésistible dans l'interdit, le difficile, le sombre. Non intégré, tu vis des relations intenses mais destructrices, des passions qui te consument. Intégré, tu apprends à distinguer l'intensité vraie de la toxicité — la profondeur sans la destruction.","Un homme mature, profond, engagé dans son propre travail intérieur.","Vit l’amour comme une évolution mutuelle, stable et profonde.","Peut rester dans une zone de confort “intense mais maîtrisée”, par peur de lâcher encore plus.",profondeur; maturité; croissance; lucidité
Partenaire,Femme,Soleil,Pluton,Aspect,Opposition,"Tu es attirée par des hommes mystérieux, intenses, imprévisibles, qui incarnent ta propre part d'ombre. Tu projettes sur lui le pouvoir que tu n'assumes pas toi-même. Non intégré, tu peux te perdre dans des relations d'emprise ou vivre des passions dévorantes où tu n'existes plus. Intégré, tu récupères ta propre puissance et tu choisis un partenaire transformateur qui te révèle sans te détruire.","Un homme mature, profond, engagé dans son travail intérieur.","Vit l’amour comme une évolution mutuelle, stable et consciente.",Peut manquer un peu de tension ou de feu ; relation très intérieure.,profondeur; maturité; croissance; lucidité
Partenaire,Femme,Mars,Lune,Aspect,Conjonction,"Tu es attirée par des hommes sensibles, protecteurs, émotionnellement disponibles. Il doit pouvoir te toucher, te rassurer, créer un cocon. L'homme idéal a quelque chose de maternel dans sa présence. Non intégré, tu peux attirer des hommes immatures, dépendants ou lunatiques — ou confondre sensibilité et faiblesse. Tu cherches parfois un homme qui te ""materne"" plutôt qu'un partenaire. Intégré, tu choisis un homme en contact avec ses émotions, capable de vulnérabilité sans s'y perdre.",,,,
Partenaire,Femme,Mars,Mercure,Aspect,Conjonction,"Tu es attirée par des hommes vifs d'esprit, drôles, qui savent manier les mots. La séduction passe par l'intelligence, le dialogue, l'humour. Il doit pouvoir te stimuler mentalement, te surprendre, te faire rire. Non intégré, tu peux attirer des beaux parleurs, des hommes qui séduisent avec des mots mais fuient l'engagement émotionnel. L'intellect peut masquer un manque de profondeur. Intégré, tu choisis un homme brillant avec qui le dialogue nourrit autant le cœur que l'esprit.",,,,
Partenaire,Femme,Mars,Venus,Aspect,Conjonction,"Tu es attirée par des hommes beaux, charmants, séducteurs — ceux qui savent plaire et créer de l'harmonie. L'esthétique compte : il doit avoir du style, de l'élégance, un art de vivre. Non intégré, tu peux tomber pour des séducteurs en série, des hommes qui charment tout le monde mais ne s'engagent avec personne. La surface peut primer sur la substance. Intégré, tu choisis un homme qui allie charme et authenticité — la beauté est dans la relation, pas seulement dans l'apparence.",,,,
Partenaire,Femme,Mars,Jupiter,Aspect,Conjonction,"Tu es attirée par des hommes expansifs, optimistes, aventuriers. Il doit te faire rêver, t'ouvrir des horizons, avoir une vision. L'homme idéal est généreux, enthousiaste, plus grand que nature. Non intégré, tu peux attirer des hommes excessifs, vantards, qui promettent plus qu'ils ne tiennent. Ou des éternels adolescents qui fuient les responsabilités au nom de la liberté. Intégré, tu choisis un homme qui t'élève sans te dominer — vous grandissez ensemble vers quelque chose de plus grand.",,,,
Partenaire,Femme,Mars,Saturne,Aspect,Conjonction,"Tu es attirée par des hommes matures, sérieux, structurés. Il doit être fiable, responsable, avoir les pieds sur terre. L'homme idéal représente la sécurité, l'engagement, la solidité. Non intégré, tu peux attirer des hommes froids, rigides, critiques — ou des figures paternelles qui te maintiennent dans un rôle de ""petite fille"". La relation peut manquer de légèreté et de passion. Intégré, tu choisis un homme solide sans être fermé — quelqu'un qui construit avec toi dans la durée, avec respect mutuel.",,,,
Partenaire,Femme,Mars,Uranus,Aspect,Conjonction,"Tu es attirée par des hommes atypiques, originaux, qui sortent du moule. Il doit te surprendre, te bousculer, être différent. L'homme idéal a quelque chose d'électrique, d'imprévisible, de libre. Non intégré, tu peux attirer des hommes instables, des électrons libres incapables de s'engager, ou des rebelles sans cause qui fuient dès que ça devient sérieux. Intégré, tu choisis un homme libre qui choisit d'être avec toi — l'originalité coexiste avec la présence.",,,,
Partenaire,Femme,Mars,Neptune,Aspect,Conjonction,"Tu es attirée par des hommes artistes, rêveurs, spirituels — ceux qui ont une dimension insaisissable, presque mystique. Il doit toucher ton âme, créer une connexion au-delà des mots. L'homme idéal a quelque chose d'éthéré, de poétique. Non intégré, tu peux attirer des hommes fuyants, addictifs, menteurs — ou des ""génies incompris"" que tu dois sauver. L'idéalisation t'aveugle sur qui il est vraiment. Intégré, tu choisis un homme inspirant, sensible, avec les pieds sur terre — le rêve s'ancre dans le réel.",,,,
Partenaire,Femme,Mars,Pluton,Aspect,Conjonction,"Tu es attirée par des hommes intenses, magnétiques, puissants — ceux qui dégagent quelque chose de sombre et de fascinant. Il doit te transformer, te confronter à tes profondeurs. L'homme idéal a une présence qui ne laisse pas indifférente. Non intégré, tu peux attirer des hommes manipulateurs, possessifs, voire dangereux — ou des dynamiques de pouvoir toxiques où fascination et peur se mêlent. Intégré, tu choisis un homme puissant qui respecte ta puissance — l'intensité devient alchimie, pas destruction.",,,,
,,,,,,,,,,
Partenaire,Homme,Lune,Soleil,Aspect,Conjonction,"Tu cherches une femme qui incarne à la fois la lumière et le refuge. Elle doit être solaire mais aussi rassurante — quelqu'un dont tu es fier et qui te fait te sentir ""chez toi"". La femme idéale pour construire a une présence forte et une chaleur enveloppante. Non intégré, tu peux confondre admiration et sécurité, choisissant des femmes brillantes mais incapables de créer un foyer, ou au contraire étouffer une partenaire lumineuse en voulant qu'elle ne brille que pour toi. Intégré, tu choisis une femme qui rayonne ET qui nourrit — la maison devient un lieu de lumière partagée.",,,,
,,,,,,,,,,
,,,,,,,,,,
Partenaire,Homme,Lune,Mercure,Aspect,Conjonction,"Tu te sens en sécurité avec une femme avec qui tu peux parler. La communication est ton langage affectif — tu as besoin qu'elle comprenne, qu'elle écoute, qu'elle échange. La femme idéale pour le foyer est une confidente, une complice intellectuelle. Non intégré, tu peux choisir des femmes cérébrales mais émotionnellement distantes, ou fuir dans le dialogue pour éviter l'intimité vraie. Le mental peut remplacer le cœur. Intégré, tu choisis une femme qui sait parler ET ressentir — la maison devient un lieu d'échange profond.",,,,
Partenaire,Homme,Lune,Venus,Aspect,Conjonction,"Tu cherches une femme douce, harmonieuse, qui crée de la beauté autour d'elle. La sécurité émotionnelle passe par l'esthétique, la tendresse, l'art de vivre. La femme idéale pour le foyer est celle qui transforme la maison en nid agréable, qui cultive la douceur au quotidien. Non intégré, tu peux privilégier l'apparence sur la profondeur, ou chercher une femme ""parfaite"" qui n'existe pas. Intégré, tu choisis une femme qui allie grâce et authenticité — la maison devient un écrin de beauté et de tendresse vraie.",,,,
Partenaire,Homme,Lune,Mars,Aspect,Conjonction,"Tu te sens en sécurité avec une femme qui a du caractère, de l'énergie, qui sait ce qu'elle veut. Paradoxalement, c'est le feu qui te rassure — une partenaire passive t'ennuie ou t'inquiète. La femme idéale pour le foyer est active, engagée, parfois combative. Non intégré, tu peux confondre conflit et passion, attirant des femmes agressives ou créant des tensions pour te sentir vivant. La maison peut devenir un champ de bataille. Intégré, tu choisis une femme dynamique qui canalise son feu — la maison devient un lieu d'énergie constructive.",,,,
Partenaire,Homme,Lune,Mars,Aspect,Carré,"Conflit entre ton besoin de sécurité et ton attraction pour l'intensité. Tu veux une femme douce mais tu t'ennuies, tu veux du feu mais ça te déstabilise. Attirance pour des femmes qui te challengent mais créent du chaos domestique. Non intégré : guerre permanente à la maison, ou tu choisis la paix au prix de l'ennui. Intégré : tu assumes ton besoin de passion tout en posant des limites — la maison vibre sans exploser.",,,,
Partenaire,Homme,Lune,Mars,Aspect,Opposition,"Tu projettes ton propre feu sur ta partenaire. Tu attends qu'elle soit forte, combative, active — tout ce que tu n'oses pas être toi-même dans l'intimité. Fascination pour les femmes qui incarnent ton propre courage. Non intégré : tu attires des femmes agressives qui te confrontent violemment. Intégré : tu cesses de déléguer ta puissance et tu choisis une égale — la maison devient un lieu de respect mutuel.",,,,
Partenaire,Homme,Lune,Jupiter,Aspect,Conjonction,"Tu cherches une femme généreuse, optimiste, qui voit grand. La sécurité émotionnelle passe par l'expansion — tu as besoin d'une partenaire qui t'encourage, qui croit en toi, qui ouvre des horizons. La femme idéale pour le foyer est enthousiaste, accueillante, ""larger than life"". Non intégré, tu peux idéaliser des femmes excessives ou attendre qu'elle te ""sauve"" de la médiocrité. La générosité peut masquer un manque de limites. Intégré, tu choisis une femme qui élève le quotidien sans le fuir — la maison devient un lieu d'abondance et de croissance.",,,,
Partenaire,Homme,Lune,Jupiter,Aspect,Carré,"Conflit entre ton besoin de sécurité et ton désir d'expansion. Tu veux un foyer stable mais tu te sens étouffé, tu veux de la liberté mais tu as besoin d'appartenance. Attirance pour des femmes généreuses mais excessives, qui promettent trop. Non intégré : tu idéalises puis tu fuis, ou tu choisis la sécurité en étouffant tes rêves. Intégré : tu construis un foyer qui respire — stable mais ouvert sur le monde.",,,,
Partenaire,Homme,Lune,Jupiter,Aspect,Opposition,"Tu projettes ton besoin d'expansion sur ta partenaire. Tu attends qu'elle t'ouvre des horizons, qu'elle t'emmène ailleurs — mais c'est toi qui as peur de partir. Fascination pour les femmes aventurières, étrangères, inspirantes. Non intégré : tu l'idéalises puis tu lui reproches de ne pas être là pour toi. Intégré : tu assumes ta propre soif d'horizons et tu choisis une complice d'aventure — le foyer devient une base pour explorer ensemble.",,,,
Partenaire,Homme,Lune,Saturne,Aspect,Conjonction,"Tu te sens en sécurité avec une femme stable, responsable, mature. Tu as besoin de structure émotionnelle — une partenaire fiable sur qui tu peux compter dans la durée. La femme idéale pour le foyer est sérieuse, organisée, solide comme un roc. Non intégré, tu peux choisir des femmes froides, critiques, ou reproduire une dynamique maternelle restrictive. L'amour peut ressembler à du devoir, le foyer à une institution. Intégré, tu choisis une femme solide qui sait aussi être tendre — la maison devient un lieu de sécurité sans rigidité.",,,,
Partenaire,Homme,Lune,Saturne,Aspect,Carré,"Conflit entre ton besoin d'amour et ta peur d'être vulnérable. Tu veux de l'intimité mais tu te blindes, tu veux de la chaleur mais tu crées de la distance. Attirance pour des femmes froides, critiques, ou tu te punis toi-même en choisissant des relations difficiles. Non intégré : le foyer est une prison émotionnelle, rigide, sans tendresse. Intégré : tu acceptes d'être imparfait et tu choisis une femme qui construit sans écraser — la maison devient sécurisante sans être froide.",,,,
Partenaire,Homme,Lune,Saturne,Aspect,Opposition,"Tu projettes ta peur de l'engagement sur ta partenaire. Tu attends qu'elle soit responsable, solide, structurante — mais c'est toi qui refuses de grandir. Fascination pour les femmes matures, austères, qui te rappellent peut-être ta mère. Non intégré : tu attires des femmes qui te jugent, te limitent, te font sentir inadéquat. Intégré : tu assumes ta propre maturité et tu choisis une égale — le foyer devient un lieu de croissance mutuelle.",,,,
Partenaire,Homme,Lune,Uranus,Aspect,Conjonction,"Tu te sens paradoxalement en sécurité avec une femme qui te surprend, qui ne rentre pas dans le moule. Tu as besoin d'espace et de stimulation dans le foyer — une partenaire trop prévisible t'étouffe. La femme idéale pour construire est indépendante, originale, qui respecte ta liberté. Non intégré, tu peux attirer des femmes instables ou fuir toute forme de routine domestique. Le foyer peut être chaotique ou inexistant. Intégré, tu choisis une femme libre avec qui tu inventes une vie de famille atypique — la maison devient un lieu de liberté partagée.",,,,
Partenaire,Homme,Lune,Uranus,Aspect,Carré,"Conflit entre ton besoin de stabilité et ton besoin de liberté. Tu veux un foyer mais tu te sens piégé, tu veux de l'indépendance mais tu as peur de la solitude. Attirance pour des femmes imprévisibles qui te gardent sur le qui-vive. Non intégré : relations instables, ruptures soudaines, ou tu restes mais tu n'es jamais vraiment là. Le foyer peut devenir un lieu de tension électrique. Intégré : tu assumes ton besoin d'espace et tu inventes une intimité libre — la maison respire.",,,,
Partenaire,Homme,Lune,Uranus,Aspect,Opposition,"Tu projettes ton besoin de liberté sur ta partenaire. Tu attends qu'elle soit indépendante, différente, électrique — mais c'est toi qui refuses de t'engager pleinement. Fascination pour les femmes rebelles, insaisissables, qui ne demandent rien. Non intégré : tu attires des femmes qui partent ou qui refusent l'intimité. Intégré : tu assumes ta propre singularité et tu construis avec quelqu'un d'aussi libre que toi — le foyer devient un espace de liberté partagée.",,,,
Partenaire,Homme,Lune,Neptune,Aspect,Conjonction,"Tu cherches une femme qui touche ton âme, qui a quelque chose de mystique, d'artistique, d'insaisissable. La sécurité émotionnelle passe par la fusion spirituelle — tu as besoin de te perdre un peu dans l'autre. La femme idéale pour le foyer est sensible, intuitive, presque éthérée. Non intégré, tu peux idéaliser des femmes qui n'existent pas vraiment, ou attirer des partenaires fuyantes, dépendantes, menteuses. Le foyer peut être un rêve qui ne se concrétise jamais. Intégré, tu choisis une femme inspirante avec les pieds sur terre — la maison devient un sanctuaire poétique ancré dans le réel.",,,,
Partenaire,Homme,Lune,Neptune,Aspect,Carré,"Conflit entre ton besoin de sécurité et ton désir de fusion. Tu veux un foyer concret mais tu te perds dans le rêve, tu veux de la clarté mais tu idéalises. Attirance pour des femmes insaisissables, mystérieuses, qui te font fantasmer. Non intégré : tu projettes un rêve sur elle puis tu es déçu, ou tu fuis dans l'illusion pour éviter le réel. Le foyer peut devenir un mensonge partagé. Intégré : tu gardes ton romantisme tout en voyant la vérité — la maison devient poétique sans être floue.",,,,
Partenaire,Homme,Lune,Neptune,Aspect,Opposition,"Tu projettes ton idéal sur ta partenaire. Tu attends qu'elle soit ton salut, ta muse, ta déesse — mais c'est toi qui refuses de te confronter à tes propres blessures. Fascination pour les femmes éthérées, artistes, spirituelles, qui incarnent ce que tu n'oses pas vivre. Non intégré : tu attires des femmes qui te mentent, qui dépendent de toi, ou qui fuient. Intégré : tu assumes ta propre sensibilité et tu choisis une femme inspirante mais réelle — le foyer devient un sanctuaire ancré.",,,,
Partenaire,Homme,Lune,Pluton,Aspect,Conjonction,"Tu te sens en sécurité avec une femme intense, profonde, qui n'a pas peur des zones sombres. Tu as besoin d'une connexion émotionnelle puissante — la superficialité te laisse vide. La femme idéale pour le foyer est transformatrice, magnétique, capable de traverser les crises avec toi. Non intégré, tu peux attirer des femmes possessives, manipulatrices, ou créer des dynamiques émotionnelles toxiques. Le foyer peut devenir un lieu de pouvoir et de secrets. Intégré, tu choisis une femme puissante qui respecte ton espace — la maison devient un lieu de profondeur et de renaissance.",,,,
Partenaire,Homme,Lune,Pluton,Aspect,Carré,"Conflit entre ton besoin de sécurité et ton attraction pour l'intensité. Tu veux de la douceur mais tu t'ennuies, tu veux de la profondeur mais ça te fait peur. Attirance pour des femmes puissantes, magnétiques, souvent destructrices. Non intégré : relations toxiques, luttes de pouvoir, manipulation émotionnelle. Le foyer peut devenir un champ de bataille psychologique. Intégré : tu assumes ton besoin de transformation et tu poses des limites — la maison devient un lieu de profondeur sans violence.",,,,
Partenaire,Homme,Lune,Pluton,Aspect,Opposition,"Tu projettes ta propre intensité sur ta partenaire. Tu attends qu'elle soit puissante, transformatrice, magnétique — tout ce que tu n'oses pas être émotionnellement. Fascination pour les femmes qui te confrontent à tes démons. Non intégré : tu attires des femmes possessives, jalouses, qui créent du drama constant. Intégré : tu assumes ta propre puissance émotionnelle et tu choisis une égale — le foyer devient un lieu de renaissance mutuelle.",,,,
Partenaire,Homme,Venus,Soleil,Aspect,Conjonction,"Tu es attiré par des femmes lumineuses, qui ont de la présence, qui rayonnent. Elle doit avoir une identité forte, une confiance en elle, quelque chose qui attire le regard. La femme idéale brille — par sa beauté, son charisme ou son assurance. Non intégré, tu peux tomber pour des femmes narcissiques qui exigent toute l'attention, ou chercher une ""trophy wife"" qui te valorise par son éclat. Intégré, tu choisis une femme qui assume sa lumière sans écraser la tienne — vous vous admirez mutuellement.",,,,
Partenaire,Homme,Venus,Lune,Aspect,Conjonction,"Tu es attiré par des femmes douces, maternantes, émotionnellement nourrissantes. Elle doit pouvoir créer un foyer, un cocon, une sécurité affective. La femme idéale a quelque chose de réconfortant, d'enveloppant. Non intégré, tu peux chercher une mère plus qu'une partenaire — une femme qui prend soin de toi sans que tu aies à grandir. Ou tu attires des femmes dépendantes, émotionnellement instables. Intégré, tu choisis une femme sensible et nourrissante avec qui tu construis une intimité d'adultes, pas une relation parent-enfant.",,,,
Partenaire,Homme,Venus,Mercure,Aspect,Conjonction,"Tu es attiré par des femmes intelligentes, vives, avec qui tu peux parler de tout. Elle doit te stimuler intellectuellement, te faire rire, partager tes curiosités. La femme idéale est une complice mentale avant d'être une amante. Non intégré, tu peux rester dans la tête et éviter l'intimité émotionnelle, ou choisir des femmes brillantes mais froides. La connexion intellectuelle peut masquer un manque de profondeur affective. Intégré, tu choisis une femme avec qui le dialogue enrichit tous les niveaux de la relation.",,,,
Partenaire,Homme,Venus,Mars,Aspect,Conjonction,"Tu es attiré par des femmes passionnées, affirmées, qui ont du caractère. Elle doit avoir du feu, de l'énergie, une sexualité assumée. La femme idéale n'est pas passive — elle désire, elle prend, elle s'affirme. Non intégré, tu peux attirer des femmes agressives, dominantes ou conflictuelles. La passion peut virer à la guerre permanente. Tu confonds parfois tension et désir. Intégré, tu choisis une femme puissante qui canalise son feu — la passion reste vive sans devenir destructrice.",,,,
Partenaire,Homme,Venus,Jupiter,Aspect,Conjonction,"Tu es attiré par des femmes expansives, généreuses, optimistes. Elle doit t'ouvrir des horizons, avoir de l'ambition, une vision, un appétit de vivre. La femme idéale est ""larger than life"" — enthousiaste, inspirante, aventurière. Non intégré, tu peux idéaliser des femmes inaccessibles ou tomber pour des personnalités excessives qui promettent beaucoup mais tiennent peu. L'inflation peut mener à la déception. Intégré, tu choisis une femme qui t'élève sans te faire perdre pied — vous grandissez ensemble.",,,,
Partenaire,Homme,Venus,Jupiter,Aspect,Opposition,"Tu es attiré par des femmes expansives, généreuses, aventurières. Tu idéalises facilement — tu tombes amoureux de l'idée plus que de la réalité. Risque d'attraction pour l'inaccessible (femme lointaine, trop libre, déjà prise). Tu donnes trop, promets trop. L'excès devient problème si pas intégré.",,,,
Partenaire,Homme,Venus,Saturne,Aspect,Conjonction,"Tu es attiré par des femmes sérieuses, matures, structurées. Elle doit être fiable, responsable, avoir de la tenue. La femme idéale représente la stabilité, l'engagement, la classe. Non intégré, tu peux choisir des femmes froides, critiques, inaccessibles émotionnellement — ou des figures maternelles autoritaires qui te cadrent. L'amour peut ressembler à un devoir plus qu'à un plaisir. Intégré, tu choisis une femme solide, loyale, avec qui tu construis quelque chose de durable sans sacrifier la tendresse.",,,,
Partenaire,Homme,Venus,Uranus,Aspect,Conjonction,"Tu es attiré par des femmes originales, indépendantes, hors normes. Elle doit te surprendre, être différente, ne pas rentrer dans les cases. La femme idéale a quelque chose d'électrique, de libre, d'imprévisible. Non intégré, tu peux tomber pour des femmes instables, des rebelles qui fuient l'engagement, ou changer de partenaire dès que ça devient routinier. Intégré, tu choisis une femme libre qui choisit d'être avec toi — l'originalité cohabite avec la présence et l'engagement.",,,,
Partenaire,Homme,Venus,Neptune,Aspect,Conjonction,"Tu es attiré par des femmes mystérieuses, artistiques, éthérées. Elle doit avoir une dimension insaisissable, poétique, presque irréelle. La femme idéale touche ton âme — elle est muse, rêve, inspiration. Non intégré, tu peux idéaliser des femmes qui n'existent pas vraiment, tomber pour des personnalités fuyantes, menteuses ou addictives. Tu aimes l'image plus que la personne réelle. Intégré, tu choisis une femme sensible et inspirante, ancrée dans le réel — le rêve devient relation, pas illusion.",,,,
Partenaire,Homme,Venus,Pluton,Aspect,Conjonction,"Tu es attiré par des femmes intenses, magnétiques, transformatrices. Elle doit avoir de la profondeur, une part d'ombre, quelque chose de fascinant et d'un peu dangereux. La femme idéale te bouleverse — elle ne laisse pas indifférent. Non intégré, tu peux attirer des femmes manipulatrices, possessives, ou des dynamiques passionnelles toxiques où désir et destruction se mêlent. Intégré, tu choisis une femme puissante qui te confronte à tes profondeurs sans te détruire — l'intensité devient alchimie mutuelle.",,,,
Partenaire,Homme,Lune,Soleil,Aspect,Conjonction,"Attiré par une femme solaire, charismatique, sûre d’elle.","Une femme lumineuse, vivante, expressive.","Vit l’amour dans la fusion, idéalise la femme.","Peur de se perdre, projection parentale.",lumière; chaleur; idéalisation; fusion
Partenaire,Homme,Lune,Soleil,Aspect,Trigone,"Aime une femme simple, douce, équilibrée, rassurante.",Une femme qui apporte stabilité et confiance.,"L’amour est fluide, naturel.",Peut s’endormir dans le confort.,harmonie; douceur; stabilité; sérénité
Partenaire,Homme,Lune,Soleil,Aspect,Sextile,"Attirance pour des femmes ouvertes, positives, chaleureuses.","Une femme encourageante, joyeuse.",Vit l’amour avec enthousiasme.,Manque d’élan ou de profondeur.,chaleur; échange; motivation; légèreté
Partenaire,Homme,Lune,Soleil,Aspect,Carré,"Attiré par une femme qui le défie, le bouscule, l’oblige à se dépasser.",Une femme à la fois attirante et difficile à comprendre.,Amour vécu comme tension désir/sécurité.,"Conflits, lutte intérieure, peur du rejet.",tension; défi; dualité; passion
Partenaire,Homme,Lune,Soleil,Aspect,Opposition,"Fasciné par une femme très différente de lui : indépendante, volontaire, intense.","Une femme miroir, complémentaire.",Amour vécu comme attraction-répulsion.,"Risque d’épuisement, réactions excessives.",miroir; contraste; passion; déséquilibre
Partenaire,Homme,Lune,Mars,Aspect,Conjonction,"Attiré par une femme forte, directe, combative, qui sait ce qu’elle veut.","Une femme passionnée, active.",Amour vécu par impulsion et désir.,"Conflits, impulsivité, agressivité.",force; désir; impulsion; intensité
Partenaire,Homme,Lune,Mars,Aspect,Trigone,"Aime une femme entreprenante, courageuse, énergique.",Une femme motivante et vivante.,Amour simple et franc.,Peut manquer de profondeur émotionnelle.,élan; action; chaleur; vitalité
Partenaire,Homme,Lune,Mars,Aspect,Sextile,"Attirance pour une femme dynamique, motivante mais non agressive.",Une femme qui lui donne du courage.,Vit l’amour comme coopération.,Manque d’engagement.,motivation; initiative; complicité; énergie
Partenaire,Homme,Lune,Mars,Aspect,Carré,"Attiré par une femme explosive, passionnée mais instable.",Une femme qui le stimule et l’agace.,Amour vécu dans la tension et la jalousie.,"Conflits, impatience, impulsivité.",conflit; passion; nerfs; tension
Partenaire,Homme,Lune,Mars,Aspect,Opposition,"Fascination pour une femme dominante, puissante, incontrôlable.",Une femme qui vient révéler sa force intérieure.,Amour vécu comme un duel.,"usure, projections, rapports de force.",dominance; intensité; pouvoir; duel
Partenaire,Homme,Lune,Vénus,Aspect,Conjonction,"Attiré par une femme douce, féminine, aimante, réceptive.",Une femme tendre et harmonieuse.,Amour vécu dans le confort et la séduction.,Confusion mère/amante.,tendresse; harmonie; douceur; confusion
Partenaire,Homme,Lune,Vénus,Aspect,Trigone,"Aime une femme charmante, sociable, simple.",Une femme douce et agréable.,"Amour facile, agréable.",Manque d’intensité.,harmonie; charme; facilité; douceur
Partenaire,Homme,Lune,Vénus,Aspect,Sextile,Attirance pour une femme douce mais indépendante.,Une femme équilibre douceur et autonomie.,Amour fluide.,Légère dépendance affective.,douceur; échange; équilibre; plaisir
Partenaire,Homme,Lune,Vénus,Aspect,Carré,Attiré par des femmes attirantes mais instables ou exigeantes.,Une femme passionnante mais déroutante.,Amour vécu comme lutte entre besoin et désir.,"frustration, manque de sécurité.",tension; désir; confusion; dualité
Partenaire,Homme,Lune,Vénus,Aspect,Opposition,Fasciné par une femme séduisante mais distante.,Une femme inaccessible ou idéalisée.,Amour vécu comme attraction impossible.,déception; incompréhension; attente.,distance; idéal; frustration; projection
Partenaire,Homme,Lune,Pluton,Aspect,Conjonction,"Attiré par une femme intense, magnétique, mystérieuse.",Une femme capable de transformation profonde.,Amour vécu comme fusion karmique.,"possession, peur de l’abandon, obsession.",intensité; transformation; mystère; pouvoir
Partenaire,Homme,Lune,Pluton,Aspect,Trigone,"Aime une femme profonde, lucide, psychologique.",Une femme authentique et intense.,Amour stable mais puissant.,Peut être trop exigeant émotionnellement.,profondeur; lucidité; énergie; vérité
Partenaire,Homme,Lune,Pluton,Aspect,Sextile,Attirance pour une femme subtile mais intense.,Une femme sensible mais forte.,Amour évolutif.,Peut remuer des zones d’ombre.,subtilité; intensité; intuition; mystère
Partenaire,Homme,Lune,Pluton,Aspect,Carré,"Attiré par une femme dangereuse, complexe, transformative.",Une femme qui le percute psychiquement.,Amour vécu comme épreuve.,"dépendance, contrôle, crises.",crise; intensité; domination; karma
Partenaire,Homme,Lune,Pluton,Aspect,Opposition,Fascination pour une femme puissante mais inaccessible.,Une femme qui le force à se réinventer.,Amour polarisé.,"ruptures, conflits de pouvoir.",magnétisme; polarité; lutte; vérité
,,,,,,,,,,
Partenaire,Homme,Lune,Neptune,Aspect,Conjonction,"Attiré par une femme éthérée, sensible, artistique.",Une femme inspirante mais floue.,Amour vécu dans le rêve.,"idéalisation, flou affectif.",rêve; intuition; poésie; illusion
Partenaire,Homme,Lune,Neptune,Aspect,Trigone,"Aime une femme douce, empathique, fusionnelle.",Une femme spirituelle ou artistique.,Amour fluide et inspiré.,Peut manquer de concret.,douceur; compassion; fusion; inspiration
Partenaire,Homme,Lune,Neptune,Aspect,Sextile,Attirance pour une femme sensible et imaginative.,Une femme tendre et subtile.,Amour tendre.,Confusions légères.,sensibilité; imagination; harmonie; délicatesse
Partenaire,Homme,Lune,Neptune,Aspect,Carré,"Tendance à aimer des femmes fuyantes, idéalisées, “à sauver”.",Une femme stable et simple.,Amour vécu dans la déception.,"illusion, fuite, dépendance.",illusion; confusion; dépendance; flou
Partenaire,Homme,Lune,Neptune,Aspect,Opposition,"Fascination pour une femme insaisissable, mystique, irrégulière.",Une femme qui dévoile sa vérité peu à peu.,Amour vécu dans l’attente.,"déception, invisibilité, mensonge involontaire.",brume; mystère; idéal; projection
Partenaire,Homme,Lune,Mercure,Aspect,Conjonction,"Attiré par une femme intelligente, vive, communicante.",Une femme curieuse et cérébrale.,Amour vécu par le dialogue.,mentalisation excessive.,communication; esprit; échange; réflexion
Partenaire,Homme,Lune,Mercure,Aspect,Trigone,"Aime une femme claire, simple, sociable.",Une femme accessible intellectuellement.,Amour fluide.,manque de profondeur.,clarté; complicité; légèreté; douceur
Partenaire,Homme,Lune,Mercure,Aspect,Sextile,Attirance pour une femme équilibrée et bavarde juste ce qu’il faut.,Une femme qui ouvre son esprit.,Amour stimulant.,sur-analyse.,complicité; dialogue; vivacité; curiosité
Partenaire,Homme,Lune,Mercure,Aspect,Carré,"Attiré par une femme contradictoire, nerveuse, instable.",Une femme stimulante mais fatigante.,Amour vécu comme débat constant.,"quiproquos, disputes, manque d’écoute.",tension; mental; agitation; nervosité
Partenaire,Homme,Lune,Mercure,Aspect,Opposition,Fascination pour une femme brillante mais insaisissable mentalement.,Une femme vive et complexe.,Amour vécu comme polarité esprit/émotion.,"confusion, incompréhension.",contraste; esprit; agitation; dualité
Partenaire,Homme,Lune,Saturne,Aspect,Conjonction,"Attiré par une femme sérieuse, stable, structurée.","Une femme fiable, posée, mature.",Amour vécu comme engagement profond.,"froideur, distance, peur du rejet.",maturité; sérieux; engagement; prudence
Partenaire,Homme,Lune,Saturne,Aspect,Trigone,"Aime une femme responsable, calme, solide.",Une femme stable et loyale.,Amour construit sur le long terme.,Manque de spontanéité.,solidité; fiabilité; patience; stabilité
Partenaire,Homme,Lune,Saturne,Aspect,Sextile,"Attirance pour une femme raisonnable, calme et posée.",Une femme qui rassure.,"Amour posé, sécurisant.","lenteur, rigidité.",sécurité; structure; prudence; constance
Partenaire,Homme,Lune,Saturne,Aspect,Carré,"Attiré par une femme distante, exigeante, difficile à atteindre.",Une femme qu’il doit “mériter”.,Amour vécu comme épreuve affective.,"frustration, retenue, peur d’être insuffisant.",froideur; défi; frustration; inhibition
Partenaire,Homme,Lune,Saturne,Aspect,Opposition,"Fascination pour une femme froide, indépendante, distante.",Une femme autonome.,Amour vécu comme distance émotionnelle.,"sentiment de rejet, solitude.",distance; solitude; exigence; maturité
Partenaire,Homme,Lune,Uranus,Aspect,Conjonction,"Attiré par une femme libre, indépendante, atypique.",Une femme imprévisible et brillante.,Amour vécu comme liberté totale.,"instabilité, ruptures soudaines.",liberté; nouveauté; indépendance; imprévu
Partenaire,Homme,Lune,Uranus,Aspect,Trigone,"Aime une femme originale, éveillée, moderne.",Une femme stimulante intellectuellement.,Amour fluide et surprenant.,manque d’ancrage.,originalité; légèreté; inspiration; nouveauté
Partenaire,Homme,Lune,Uranus,Aspect,Sextile,Attirance pour une femme autonome et ouverte.,Une femme dynamique.,Amour stimulant.,difficulté à construire.,indépendance; mouvement; fraicheur; éveil
Partenaire,Homme,Lune,Uranus,Aspect,Carré,"Attiré par une femme instable, changeante, électrique.",Une femme fascinante mais chaotique.,Amour vécu comme montagnes russes.,"soudaineté, rupture, imprévisibilité.",tension; chaos; feu; impulsion
Partenaire,Homme,Lune,Uranus,Aspect,Opposition,"Fascination pour une femme insaisissable, indépendante, déroutante.","Une femme libre, difficile à retenir.",Amour vécu comme alternance passion/distance.,"froid, détachement, imprévu.",éclair; rupture; liberté; distance
Style,"Femme, Homme",Junon,Soleil,Aspect,Conjonction,"Union solaire : admiration, fierté mutuelle, envie de construire ensemble. Le couple devient visible, lumineux. Le mariage ou le partenariat est central à son objectif de vie. Elle a besoin d'une relation pour vraiment ""briller"".",Un lien où chacun valorise l’autre.,Vit l’union comme une reconnaissance mutuelle.,Risque de rapport de pouvoir ou de compétition d’ego.,admiration; visibilité; rayonnement; fierté
Style,"Femme, Homme",Junon,Lune,Aspect,Conjonction,"Union émotionnelle, sécurisante. L’amour devient cocon. Partenaire doux, protecteur, fidèle. Le partenaire doit aussi être une figure nourricière (presque maternelle/parentale). Il y a un besoin immense de vivre sous le même toit et de créer un foyer. La connexion est intuitive et sensible ; l'humeur de la personne dépend souvent de l'état de sa relation.","Un lien rassurant, nourrissant, où l’affect est central.",Vit l’amour dans la tendresse et la complicité du quotidien.,Peut se replier dans la dépendance affective.,tendresse; sécurité; loyauté; famille
Style,"Femme, Homme",Junon,Vénus,Aspect,Conjonction,"Union de beauté, de plaisir et d’équilibre. L’amour devient art de vivre.La personne cherche l'harmonie, la beauté et le romantisme dans le contrat de mariage. Elle a besoin d'un partenaire qu'elle trouve beau (physiquement ou intérieurement) et charmant. Risque de confusion entre ""tomber amoureux"" et ""s'engager à long terme"".","Un lien fluide, doux, basé sur la réciprocité et l’harmonie.",Vit l’amour avec sensualité et douceur.,Risque de complaisance ou de peur du conflit.,harmonie; douceur; sensualité; beauté
Style,"Femme, Homme",Junon,Mars,Aspect,Conjonction,"Union passionnée, charnelle, active. Attirance puissante, intensité dans le couple.La relation a besoin d'action. Les partenaires font des choses ensemble (sport, projets, travail). Il peut y avoir une tendance aux disputes ou à la compétition au sein du couple, mais la passion est le ciment qui les unit. Le partenaire idéal est perçu comme fort, direct et protecteur.","Une relation vibrante, vivante, stimulante.",Vit l’union à travers la sexualité et la passion.,"Risque de rivalité, domination, conflits.",passion; désir; intensité; action
Style,"Femme, Homme",Junon,Chiron,Aspect,Conjonction,"L’union guérit. Relation thérapeutique où les blessures s’apaisent par l’amour. On peut être attiré par des partenaires blessés que l'on veut ""sauver"", ou bien le partenaire agit comme un mentor/guérisseur. La relation fait remonter de vieilles douleurs pour qu'elles soient traitées. Il y a une grande sagesse acquise à travers les épreuves du couple.",Un lien d’âme bienveillant et réparateur.,"Vit l’amour avec profondeur, dans la vulnérabilité partagée.",Risque de rester coincé(e) dans le rôle de “sauveur”.,guérison; blessure; empathie; karma
Style,"Femme, Homme",Junon,Nœud Nord,Aspect,Conjonction,"Union karmique majeure. Le partenaire est un guide d’évolution. Rencontrer le partenaire ""clé"" semble prédestiné. Le mariage ou l'association aide la personne à grandir vers sa meilleure version. Souvent, le partenaire incarne les qualités que la personne doit elle-même développer. C'est un indicateur fort de relations importantes ""écrites"" d'avance.","Une relation d’âme, spirituelle et transformatrice.",Vit l’union comme une mission ou un passage de vie.,Peut craindre la perte ou la dépendance.,destin; évolution; âme; apprentissage
Style,"Femme, Homme",Junon,Jupiter,Aspect,Conjonction,"Union expansive et optimiste, marquée par la chance. C'est un contrat basé sur la croissance mutuelle et la liberté d'action. La personne est attirée par des partenaires qu'elle admire : mentors, figures sociales ou personnes d'origine étrangère. La relation repose sur une vision du monde commune, l'aventure et la confiance. Peut indiquer un mariage prestigieux ou légalisé, mais attention aux excès, à l'infidélité ou aux promesses non tenues.",,,,
Style,"Femme, Homme",Junon,Neptune,Aspect,Conjonction,"Illusion amoureuse, idéalisation du couple. Risque de fuite ou de déception. Tendance à idéaliser le partenaire ou à se sacrifier pour lui. La connexion est télépathique et spirituelle. Le danger est l'illusion : ne pas voir le conjoint tel qu'il est réellement, ou attirer des partenaires insaisissables, artistes, ou dépendants qui ont besoin d'être sauvés.","Un lien inspirant, mais à ancrer dans la réalité.",Vit l’amour comme un rêve ou une foi.,Risque de se sacrifier ou de s’égarer.,illusion; foi; rêve; désillusion
Style,"Femme, Homme",Junon,Saturne,Aspect,Conjonction,"Union sérieuse mais lourde, avec blocages ou peur de l’abandon.C'est un contrat sérieux, mais solide comme le roc. La personne prend son temps avant de s'engager. Elle peut être attirée par des partenaires plus âgés, plus matures ou très ambitieux. La relation est basée sur le devoir, la responsabilité et la loyauté absolue. Peut indiquer un mariage tardif mais qui dure toute la vie.",Un partenaire fiable mais exigeant.,Vit l’amour comme un devoir ou une épreuve.,"Risque de rigidité émotionnelle, solitude dans le lien.",responsabilité; contrôle; distance; endurance
Style,"Femme, Homme",Junon,Uranus,Aspect,Conjonction,"Attirance pour des unions atypiques ou instables. Besoin de liberté et d’espace.Le mariage classique ne fonctionne généralement pas ici. On cherche un partenaire original, rebelle ou différent (culture, âge, milieu). Les arrangements peuvent être atypiques (vivre séparément, union libre, relation ouverte). L'amitié et l'indépendance sont plus importantes que la fusion.","Une relation hors norme, vivante mais imprévisible.",Vit l’amour comme un mouvement perpétuel.,Difficulté à s’ancrer ou à s’engager pleinement.,liberté; rupture; imprévisibilité; indépendance
Style,"Femme, Homme",Junon,Pluton,Aspect,Conjonction,"L’union devient transformation : passion, contrôle, intensité. La relation est le lieu de transformations radicales. Il peut y avoir des thèmes de pouvoir, de jalousie, de possession, mais aussi une loyauté inébranlable et une passion dévorante. Le couple traverse des crises pour renaître plus fort. Rien n'est superficiel.","Un lien où l’amour fait grandir, même dans la douleur.",Vit l’union comme une renaissance.,Peut attirer la manipulation ou la peur de perdre.,transformation; pouvoir; intensité; renaissance
Partenaire,"Femme, Homme",maitre_maison_5,Soleil,Aspect,Conjonction,"Ton expression amoureuse et ton identité sont liées. Tu cherches à briller à travers tes amours, à te sentir vivant et valorisé dans la séduction. Tu as besoin que tes relations reflètent qui tu es profondément. Le plaisir amoureux nourrit ton estime de toi.",,,,
Partenaire,"Femme, Homme",maitre_maison_5,Lune,Aspect,Conjonction,"Tes premières attirances sont guidées par tes besoins émotionnels. Tu es attiré par des personnes qui te sécurisent, qui te font sentir chez toi. Tu cherches une connexion émotionnelle profonde dès le début. Ton humeur influence fortement ta capacité à séduire et à t'ouvrir.",,,,
Partenaire,"Femme, Homme",maitre_maison_5,Mercure,Aspect,Conjonction,"Tu séduis par l'esprit et les mots. La communication est au cœur de tes premières attirances. Tu es attiré par l'intelligence, l'humour, la curiosité. Tu as besoin d'échanger, de parler, de créer une complicité intellectuelle avant tout le reste.",,,,
Partenaire,"Femme, Homme",maitre_maison_5,Vénus,Aspect,Conjonction,"Double dose de charme et de douceur. Tu es naturellement séduisant, tu sais créer une atmosphère harmonieuse, mettre l'autre à l'aise. L'esthétique, la beauté, les plaisirs sensuels sont au cœur de ta manière d'aimer. Tu attires facilement.",,,,
Partenaire,"Femme, Homme",maitre_maison_5,Mars,Aspect,Conjonction,"Tes attirances sont passionnelles, directes, physiques. Tu séduis par ton énergie, ta spontanéité, ton audace. Tu veux de l'action, du désir immédiat, de la conquête. Tu t'ennuies vite si ça manque de feu. Tu fonces sans trop réfléchir.",,,,
Partenaire,"Femme, Homme",maitre_maison_5,Jupiter,Aspect,Conjonction,"Tu abordes l'amour avec optimisme et générosité. Tu séduis par ta joie de vivre, ton enthousiasme contagieux. Tu es attiré par des personnes qui élargissent tes horizons. Tu veux de l'aventure, de la liberté, de la croissance. Tu idéalises facilement.",,,,
Partenaire,"Femme, Homme",maitre_maison_5,Saturne,Aspect,Conjonction,"Tes premières attirances sont marquées par la retenue, la prudence. Tu as du mal à te lâcher, à te montrer spontané. Tu prends l'amour au sérieux, peut-être trop. Tu es attiré par la maturité, la stabilité, mais tu peux te bloquer par peur du rejet ou sentiment d'indignité.",,,,
Partenaire,"Femme, Homme",maitre_maison_5,Uranus,Aspect,Conjonction,"Tes attirances sont imprévisibles, électriques. Tu es attiré par l'originalité, la différence, ce qui sort des normes. Tu veux de la liberté, de la surprise, de l'indépendance. Les relations conventionnelles t'ennuient. Tu peux avoir des coups de foudre soudains.",,,,
Partenaire,"Femme, Homme",maitre_maison_5,Neptune,Aspect,Conjonction,"Tes attirances sont teintées de rêve et d'idéalisation. Tu es attiré par la sensibilité, l'art, la spiritualité. Tu cherches une connexion mystique, une fusion douce. Mais tu risques de tomber amoureux de ton fantasme plutôt que de la réalité. Tu te perds facilement.",,,,
Partenaire,"Femme, Homme",maitre_maison_5,Pluton,Aspect,Conjonction,"Tes attirances sont intenses, magnétiques, obsessionnelles. Tu es attiré par le mystère, la profondeur, la puissance. Tu veux fusionner totalement, posséder et être possédé. Tes premières attirances réveillent tes zones d'ombre. C'est tout ou rien dès le début.",,,,
Partenaire,"Femme, Homme",maitre_maison_5,Lune Noire,Aspect,Conjonction,"Tes attirances touchent à tes blessures profondes. Tu es attiré par ce qui te met en danger, par l'interdit, par ce qui réveille ta part sauvage. Tu peux vivre des attirances transgressives, taboues. Tu explores tes zones d'ombre à travers le plaisir et la séduction.",,,,
Partenaire,"Femme, Homme",maitre_maison_5,Chiron,Aspect,Conjonction,Tes premières attirances réveillent tes blessures affectives. Tu es attiré par ce qui te fait souffrir ou par des personnes blessées que tu veux guérir. Le plaisir amoureux est mêlé de douleur. Tu dois apprendre à t'autoriser la légèreté et la joie sans culpabilité.,,,,
Partenaire,"Femme, Homme",maitre_maison_5,Nœud Sud,Aspect,Conjonction,"Tes attirances répètent des schémas passés. Tu es attiré par ce qui est familier, confortable, même si ça ne te fait pas grandir. Tu dois dépasser ces patterns pour évoluer. Tes premières attirances te ramènent à ce que tu connais déjà trop bien.",,,,
Partenaire,"Femme, Homme",maitre_maison_5,Nœud Nord,Aspect,Conjonction,"Tes attirances te poussent vers ton évolution. Tu es attiré par ce qui te fait grandir, même si c'est inconfortable. Tes relations amoureuses sont un chemin d'apprentissage. Tu dois oser explorer des territoires relationnels nouveaux pour toi.",,,,
Partenaire,"Femme, Homme",maitre_maison_5,Soleil,Aspect,Carré,"Conflit entre ton besoin de briller et ta spontanéité amoureuse. Tu as du mal à te lâcher en amour sans perdre ton ego. Tes premières attirances peuvent menacer ton identité ou au contraire, tu écrases l'autre par besoin de dominer. Tensions entre plaisir et fierté.",,,,
Partenaire,"Femme, Homme",maitre_maison_5,Soleil,Aspect,Opposition,"Tu projettes ton besoin de briller sur l'autre. Tu es attiré par des personnes qui incarnent ce que tu veux être. Tes attirances sont des miroirs de ton identité. Tu cherches à te compléter à travers l'autre, mais cette quête crée des déséquilibres.",,,,
Partenaire,"Femme, Homme",maitre_maison_5,Lune,Aspect,Carré,"Tes besoins émotionnels entravent ta spontanéité amoureuse. Tu veux te lâcher mais tu as peur, tu veux séduire mais tu te retiens. Tes humeurs bloquent ton expression créative et amoureuse. Il y a un conflit entre sécurité et plaisir, entre prudence et spontanéité.",,,,
Partenaire,"Femme, Homme",maitre_maison_5,Lune,Aspect,Opposition,Tu cherches dans tes attirances ce qui te manque émotionnellement. Tu es attiré par des personnes qui incarnent ta sécurité perdue. Tes premières relations rejouent tes besoins d'enfance. Tu projettes ton besoin de maternage ou tu materne l'autre.,,,,
Partenaire,"Femme, Homme",maitre_maison_5,Mercure,Aspect,Carré,"Tu penses trop avant d'agir en amour. Ta tête bloque ton cœur. Tu analyses tes attirances au lieu de les vivre. Tu as du mal à lâcher le mental pour te laisser aller au plaisir. Communication compliquée dans la séduction — tu dis une chose, tu ressens autre chose.",,,,
Partenaire,"Femme, Homme",maitre_maison_5,Mercure,Aspect,Opposition,"Tu es attiré par des personnes qui pensent différemment de toi. Tes attirances créent des débats, des confrontations intellectuelles. Tu cherches un miroir mental, quelqu'un qui te challenge. Mais cette opposition peut créer des incompréhensions constantes.",,,,
Partenaire,"Femme, Homme",maitre_maison_5,Vénus,Aspect,Carré,Conflit entre ce que tu veux et comment tu l'exprimes. Tu es attiré mais tu as du mal à séduire naturellement. Tes valeurs affectives et ton expression amoureuse ne s'accordent pas. Tu veux plaire mais tu t'y prends mal. Maladresse dans la séduction.,,,,
Partenaire,"Femme, Homme",maitre_maison_5,Vénus,Aspect,Opposition,"Tu es attiré par des personnes qui incarnent ce que tu n'es pas en amour. Tu cherches ton complément affectif. Si tu es passionné, tu veux la douceur ; si tu es doux, tu veux la passion. Mais cette complémentarité crée des frustrations.",,,,
Partenaire,"Femme, Homme",maitre_maison_5,Mars,Aspect,Carré,"Tes attirances sont impulsives et conflictuelles. Tu veux trop vite, trop fort. Tu provoques des tensions dans la séduction. Ton désir crée des frictions. Tu peux être trop direct, trop agressif, ou à l'inverse, frustré et bloqué dans ton élan. Colère et passion se mêlent.",,,,
Partenaire,"Femme, Homme",maitre_maison_5,Mars,Aspect,Opposition,"Tes attirances créent des conflits immédiats. Tu es attiré par des personnes qui te résistent, qui te défient. Le désir passe par la confrontation. Tu veux conquérir ce qui te repousse. Tes premières relations sont des champs de bataille autant que de passion.",,,,
Partenaire,"Femme, Homme",maitre_maison_5,Jupiter,Aspect,Carré,"Tu en fais trop en amour. Tu exagères dans la séduction, tu promets plus que tu ne peux tenir. Tes attirances sont démesurées, idéalisées. Tu manques de mesure dans l'expression de ton plaisir. Tu peux aussi fuir l'engagement par soif de liberté excessive.",,,,
Partenaire,"Femme, Homme",maitre_maison_5,Jupiter,Aspect,Opposition,"Tu es attiré par des personnes qui représentent l'aventure, l'ailleurs, l'expansion. Mais cette projection crée des attentes irréalistes. Tu idéalises l'autre comme un sauveur, un guide. Tu cherches à travers tes attirances une liberté que tu ne t'accordes pas toi-même.",,,,
Partenaire,"Femme, Homme",maitre_maison_5,Saturne,Aspect,Carré,"Tes attirances sont bloquées par la peur, le jugement, la retenue. Tu ne t'autorises pas à prendre du plaisir, à séduire librement. Tu te sens indigne, pas assez bien. Tu es attiré par des personnes froides ou inaccessibles. La légèreté amoureuse te fait peur.",,,,
Partenaire,"Femme, Homme",maitre_maison_5,Saturne,Aspect,Opposition,"Tu es attiré par la maturité, la structure, la stabilité chez l'autre. Mais cette attraction cache souvent une recherche de figure parentale. Tes premières relations peuvent être déséquilibrées : l'un mature, l'autre enfant. Tu projettes ton besoin de cadre sur l'autre.",,,,
Partenaire,"Femme, Homme",maitre_maison_5,Uranus,Aspect,Carré,"Tes attirances sont chaotiques, instables. Tu veux et tu ne veux pas en même temps. Tu es attiré puis tu fuis. Tu sabotes ce qui commence à devenir sérieux. Tes premières attirances sont marquées par l'imprévisibilité, les ruptures soudaines, l'incapacité à te poser.",,,,
Partenaire,"Femme, Homme",maitre_maison_5,Uranus,Aspect,Opposition,"Tu es attiré par la liberté, l'originalité chez l'autre. Mais cette projection crée des relations instables. Tu veux quelqu'un qui incarne l'indépendance que tu ne t'autorises pas. Tes attirances sont électriques mais fugaces. Tu fuis ou l'autre fuit.",,,,
Partenaire,"Femme, Homme",maitre_maison_5,Neptune,Aspect,Carré,"Tes attirances sont floues, confuses. Tu idéalises au point de ne pas voir la réalité. Tu es attiré par l'illusion, par des personnes indisponibles. Tu te perds dans tes fantasmes. Le plaisir amoureux est mêlé de déception. Tu te sacrifies ou tu te mens.",,,,
Partenaire,"Femme, Homme",maitre_maison_5,Neptune,Aspect,Opposition,"Tu es attiré par des personnes qui incarnent ton idéal romantique. Mais tu tombes amoureux de l'image, pas de la réalité. Tes attirances sont des projections de tes rêves. L'autre devient ton fantasme. Déception inévitable quand la réalité se révèle.",,,,
Partenaire,"Femme, Homme",maitre_maison_5,Pluton,Aspect,Carré,"Tes attirances réveillent tes démons. Tu es attiré par ce qui te détruit, par le pouvoir, la manipulation. Tes premières relations sont toxiques, obsessionnelles. Tu veux contrôler ou tu te fais contrôler. Le plaisir est mêlé de douleur. Jalousie, possessivité, crises.",,,,
Partenaire,"Femme, Homme",maitre_maison_5,Pluton,Aspect,Opposition,"Tu es attiré par la puissance, l'intensité, le mystère chez l'autre. Mais cette projection crée des relations de pouvoir. L'un domine, l'autre subit. Tes attirances réveillent tes blessures profondes. Tu cherches à travers l'autre ta propre transformation.",,,,
,,,,,,,,,,
,,,,,,,,,,
,,,,,,,,,,
,,,,,,,,,,
Partenaire,"Femme, Homme",maitre_maison_7,Soleil,Aspect,Conjonction,"Tu cherches un partenaire qui brille, qui a une présence solaire, quelqu'un dont tu peux être fier(ère). La relation est centrale dans ta construction identitaire — à travers l'autre, tu te découvres toi-même. Non intégré, tu peux t'effacer derrière un partenaire charismatique ou au contraire exiger que l'autre te mette en lumière. Intégré, vous formez un duo où chacun nourrit la lumière de l'autre sans s'éclipser.",Un lien où chacun met l’autre en lumière.,Vit la relation comme miroir identitaire.,"Dépendance affective, effacement de soi.",rayonnement; miroir; validation; dépendance
Partenaire,"Femme, Homme",maitre_maison_7,Lune,Aspect,Conjonction,"Tu cherches avant tout une sécurité émotionnelle dans le couple. Le partenaire idéal est quelqu'un de maternel, protecteur, qui crée un cocon. La fusion affective est forte — tu ressens les émotions de l'autre comme les tiennes. Non intégré, tu peux devenir dépendant(e) ou étouffant(e), cherchant dans le couple ce que tu n'as pas reçu enfant. Intégré, tu crées une intimité nourrissante où chacun peut se montrer vulnérable sans danger.",Quelqu’un de tendre et rassurant.,Vit l’amour dans le partage affectif.,Sur-adaptation émotionnelle.,tendresse; cocon; protection; fusion
Partenaire,"Femme, Homme",maitre_maison_7,Mercure,Aspect,Conjonction,"Tu tombes amoureux(se) par l'esprit. Le partenaire idéal est quelqu'un avec qui tu peux parler de tout, rire, débattre, apprendre. La complicité intellectuelle est non négociable. Non intégré, tu peux rester dans la tête et éviter l'intimité émotionnelle, ou choisir des partenaires brillants mais émotionnellement indisponibles. Intégré, la relation devient un dialogue permanent qui nourrit autant le cœur que l'esprit.","Un lien léger, bavard, stimulant.",Vit la relation comme une amitié amoureuse.,Risque de mentalisation ou d’instabilité.,communication; complicité; légèreté; curiosité
Partenaire,"Femme, Homme",maitre_maison_7,Vénus,Aspect,Conjonction,"Tu aspires à un amour beau, harmonieux, sans conflit. Le partenaire idéal est quelqu'un de doux, esthète, raffiné, qui cultive l'art de vivre ensemble. Tu as besoin que la relation soit agréable au quotidien. Non intégré, tu peux fuir les conflits nécessaires ou rester dans des relations ""jolies"" mais superficielles. Intégré, tu crées une relation où la tendresse et la beauté coexistent avec l'authenticité.",Un partenaire charmant et affectueux.,Vit l’amour avec élégance et équilibre.,Dépendance à la validation affective.,douceur; harmonie; beauté; affection
Partenaire,"Femme, Homme",maitre_maison_7,Mars,Aspect,Conjonction,"Tu es attiré(e) par des partenaires affirmés, dynamiques, qui ont du caractère. La tension sexuelle et l'énergie vitale sont essentielles dans ton couple. Tu as besoin de désir, de challenge, parfois de confrontation saine. Non intégré, tu peux attirer des partenaires agressifs ou entrer dans des dynamiques de compétition épuisantes. Intégré, la passion reste vive et vous vous stimulez mutuellement sans vous détruire.","Quelqu’un d’actif, vivant, entier.",Vit l’amour dans la passion et la confrontation.,"Conflits, rivalités.",passion; désir; intensité; tension
Partenaire,"Femme, Homme",maitre_maison_7,Jupiter,Aspect,Conjonction,"Tu cherches un partenaire qui t'élève, t'ouvre des horizons, te fait grandir. L'autre est vécu comme un guide, un mentor, quelqu'un que tu admires. Tu as besoin d'expansion à travers la relation — voyages, projets, vision commune. Non intégré, tu peux idéaliser l'autre au point de ne plus voir ses défauts, ou attendre qu'il te ""sauve"". Intégré, vous grandissez ensemble, chacun étant le tremplin de l'autre.","Un lien stimulant, inspirant, optimiste.",Vit l’amour comme aventure et croissance.,"Excès d’attentes, déception.",idéal; enthousiasme; foi; expansion
Partenaire,"Femme, Homme",maitre_maison_7,Saturne,Aspect,Conjonction,"Tu prends l'engagement au sérieux. Le partenaire idéal est quelqu'un de fiable, mature, structuré, sur qui tu peux compter dans la durée. Tu préfères la solidité à la passion éphémère. Non intégré, tu peux choisir des partenaires froids, critiques ou t'enfermer dans des relations par devoir plutôt que par amour. Intégré, tu construis une relation qui traverse le temps, fondée sur le respect mutuel et la loyauté.",Quelqu’un de mature et constant.,Vit l’amour comme un pacte solide.,"Froideur, peur de perdre.",loyauté; engagement; sécurité; responsabilité
Partenaire,"Femme, Homme",maitre_maison_7,Uranus,Aspect,Conjonction,"Tu as besoin de liberté dans le couple. Le partenaire idéal est quelqu'un d'original, indépendant, qui ne cherche pas à te posséder. Les relations conventionnelles t'ennuient — tu as besoin de surprise, de stimulation, d'espace. Non intégré, tu peux fuir dès que ça devient trop stable ou attirer des partenaires imprévisibles qui te déstabilisent. Intégré, tu inventes une forme de couple unique qui respecte l'individualité de chacun.",Quelqu’un d’indépendant et original.,Vit la relation comme un espace de liberté.,"Ruptures, instabilité.",liberté; indépendance; surprise; innovation
Partenaire,"Femme, Homme",maitre_maison_7,Neptune,Aspect,Conjonction,"Tu rêves d'un amour absolu, fusionnel, quasi spirituel. Le partenaire idéal est quelqu'un de sensible, artistique, avec qui tu partages une connexion au-delà des mots. Tu cherches l'âme sœur au sens mystique. Non intégré, tu peux idéaliser l'autre au point de ne pas le voir tel qu'il est, ou t'oublier complètement dans la relation. Intégré, tu vis un amour profond et inspirant, les pieds sur terre et le cœur dans les étoiles.",Un lien d’âme inspirant.,Vit l’amour dans la foi et la compassion.,"Illusions, fuite, confusion.",rêve; compassion; fusion; spiritualité
Partenaire,"Femme, Homme",maitre_maison_7,Pluton,Aspect,Conjonction,"Tu es attiré(e) par des relations intenses qui te transforment en profondeur. Le partenaire idéal est quelqu'un de magnétique, entier, qui ne fait pas dans la demi-mesure. L'amour est vécu comme une mort et une renaissance. Non intégré, tu peux attirer des dynamiques de pouvoir, de jalousie ou de contrôle — ou les provoquer toi-même. Intégré, la relation devient un creuset alchimique : vous vous révélez l'un l'autre sans vous détruire.",Quelqu’un d’intense et profond.,Vit l’amour comme un lien karmique.,"Jalousie, emprise, contrôle.",intensité; pouvoir; transformation; loyauté
Partenaire,"Femme, Homme",maitre_maison_7,Lune Noire,Aspect,Conjonction,"Tu es fasciné(e) par ce qui est interdit, tabou, hors-norme dans les relations. Le partenaire peut être quelqu'un de magnétique mais insaisissable, ou des attirances qui dérangent ton image de toi-même. Non intégré, tu peux vivre des relations ambiguës, des triangles, des passions inavouables qui te font honte. Intégré, tu assumes tes désirs profonds sans culpabilité et attires des partenaires qui acceptent ton ombre.","Une relation magnétique, troublante.",Vit l’amour entre désir et rejet.,"Blessure d’âme, karma relationnel.",fascination; tabou; dualité; karma
Partenaire,"Femme, Homme",maitre_maison_7,Chiron,Aspect,Conjonction,"La relation amoureuse touche directement ta blessure fondamentale. Tu peux attirer des partenaires blessés que tu veux soigner, ou des partenaires qui réveillent tes propres failles. L'amour est indissociable d'une forme de douleur ou de vulnérabilité. Non intégré, tu répètes des schémas douloureux ou tu restes dans des relations ""infirmerie"". Intégré, la relation devient un espace de guérison mutuelle où la blessure partagée crée une intimité rare.","Quelqu’un de bienveillant, thérapeutique.",Vit l’amour comme guérison.,Rejoue la blessure de rejet ou d’abandon.,blessure; guérison; vulnérabilité; compassion
Partenaire,"Femme, Homme",maitre_maison_7,Nœud Sud,Aspect,Conjonction,"Tu attires des partenaires avec qui tu as un sentiment de déjà-vu, une familiarité immédiate. Ce sont souvent des liens karmiques — confortables mais potentiellement répétitifs. Non intégré, tu peux rester dans des schémas relationnels anciens par facilité, même s'ils ne te font plus grandir. Intégré, tu honores ces connexions profondes tout en restant libre d'évoluer au-delà des patterns du passé.","Quelqu’un de familier, déjà connu d’âme.",Vit l’amour comme retour d’un cycle ancien.,"Dépendance, répétition.",karma; passé; attachement; boucle
Partenaire,"Femme, Homme",maitre_maison_7,Nœud Nord,Aspect,Conjonction,"La relation est un chemin d'évolution majeur pour toi. Le partenaire idéal est quelqu'un qui t'emmène vers l'inconnu, qui te pousse hors de ta zone de confort. L'amour est apprentissage. Non intégré, tu peux fuir ces relations exigeantes ou ne pas reconnaître les partenaires qui te font vraiment grandir. Intégré, tu accueilles la relation comme une initiation et tu évolues profondément à travers l'autre.",Quelqu’un qui ouvre ton chemin de croissance.,,,
Partenaire,"Femme, Homme",maitre_maison_7,Soleil,Aspect,Carré,"Il y a une tension entre qui tu es et ce que la relation te demande d'être. Tu peux avoir l'impression de devoir choisir entre toi et le couple, ou ressentir le besoin de prouver ta valeur à travers ton partenaire. Non intégré, tu oscilles entre égocentrisme et effacement, créant des frictions récurrentes. Intégré, tu apprends à briller dans la relation sans t'y perdre ni écraser l'autre.","Un partenaire fort, inspirant, mais qui ne t’éclipse pas.",Vit l’amour entre admiration et compétition.,"Ego, fierté, lutte de pouvoir.",identité; pouvoir; compétition; affirmation
Partenaire,"Femme, Homme",maitre_maison_7,Soleil,Aspect,Opposition,"Tu projettes ta propre lumière sur le partenaire — tu le vois plus grand, plus brillant que toi, et tu attends qu'il incarne ce que tu n'oses pas être. Le couple devient un miroir de ton identité. Non intégré, tu peux te soumettre à des partenaires dominants ou entrer en rivalité avec eux. Intégré, tu reconnais ta propre valeur et choisis un partenaire complémentaire, pas un substitut de ton égo.",,,,
Partenaire,"Femme, Homme",maitre_maison_7,Lune,Aspect,Carré,"Tes besoins émotionnels et ceux de la relation semblent incompatibles. Tu peux te sentir en insécurité affective même dans un couple stable, ou choisir des partenaires qui ne répondent pas à tes vrais besoins. Non intégré, tu crées des crises émotionnelles pour tester le lien ou tu te fermes pour ne pas souffrir. Intégré, tu apprends à nommer tes besoins sans exiger que l'autre les devine.","Quelqu’un de sensible, mais autonome.","Vit l’amour dans les émotions, parfois trop fortes.","Dépendance, frustration émotionnelle.",tendresse; besoin; sécurité; vulnérabilité
Partenaire,"Femme, Homme",maitre_maison_7,Lune,Aspect,Opposition,"Tu cherches chez le partenaire la sécurité émotionnelle que tu n'arrives pas à te donner toi-même. L'autre devient ta ""maison"", ton refuge — ce qui crée une dépendance affective forte. Non intégré, tu peux attirer des partenaires maternants/paternants ou au contraire émotionnellement indisponibles. Intégré, tu crées un équilibre où chacun nourrit l'autre sans porter seul le poids émotionnel du couple.",Une relation douce et empathique.,Vit l’amour dans la tendresse et le partage.,Trop de confort ou de fusion.,douceur; loyauté; cocon; émotion
Partenaire,"Femme, Homme",maitre_maison_7,Mercure,Aspect,Carré,"La communication dans le couple est source de friction. Tu peux avoir l'impression de ne jamais être compris(e), ou de parler un langage différent de ton partenaire. Les malentendus s'accumulent. Non intégré, tu intellectualises les conflits au lieu de les ressentir, ou tu te tais par lassitude. Intégré, tu développes une vraie écoute et apprends à traduire ton monde intérieur de façon audible pour l'autre.","Un partenaire clair, à l’écoute.","Vit l’amour dans les échanges, mais peut mentaliser.","Instabilité, ironie, froideur verbale.",dialogue; maladresse; incompréhension; tension
Partenaire,"Femme, Homme",maitre_maison_7,Mercure,Aspect,Opposition,"Tu projettes ton intelligence ou ta façon de penser sur le partenaire. Tu peux être attiré(e) par des personnes très différentes intellectuellement — soit que tu admires, soit que tu veux ""éduquer"". Le dialogue est central mais parfois conflictuel. Non intégré, le couple devient un débat permanent ou un rapport prof/élève. Intégré, vous apprenez l'un de l'autre et vos différences mentales deviennent une richesse.","Un lien fluide, stimulant, curieux.",Vit l’amour dans le partage intellectuel.,Peut manquer de profondeur émotionnelle.,curiosité; dialogue; légèreté; compréhension
Partenaire,"Femme, Homme",maitre_maison_7,Vénus,Aspect,Carré,"Il y a un décalage entre ce que tu désires et ce que tu vis en couple. Tu peux être très attiré(e) par des personnes qui ne te conviennent pas, ou saboter les relations harmonieuses parce qu'elles te semblent fades. Non intégré, tu confonds intensité et amour, ou tu restes dans des relations déséquilibrées par peur de la solitude. Intégré, tu réconcilies tes valeurs profondes avec tes choix amoureux.",Un lien tendre mais vrai.,Vit l’amour avec passion et contradiction.,Peur de perdre ou de décevoir.,tension; beauté; dépendance; amour
Partenaire,"Femme, Homme",maitre_maison_7,Vénus,Aspect,Opposition,"Tu cherches chez l'autre ce qui te manque en termes d'amour de soi. Le partenaire idéal incarne la beauté, la douceur ou la valeur que tu ne t'accordes pas. L'amour est vécu comme un miroir. Non intégré, tu peux idéaliser l'autre ou te sentir ""pas assez bien"" pour lui. Intégré, tu t'aimes suffisamment pour choisir un partenaire par désir et non par manque.","Un partenaire doux, aimant, bienveillant.",Vit l’amour avec grâce et plaisir.,Tendance à éviter les remises en question.,harmonie; douceur; équilibre; charme
Partenaire,"Femme, Homme",maitre_maison_7,Mars,Aspect,Carré,"Le désir et la colère sont mêlés dans ta vie relationnelle. Tu peux être attiré(e) par des partenaires avec qui le conflit est permanent, ou réprimer ton agressivité jusqu'à l'explosion. La passion est intense mais épuisante. Non intégré, le couple devient un ring où l'on se blesse en croyant s'aimer. Intégré, tu canalises cette énergie en passion constructive et en honnêteté directe.",Quelqu’un de fort et présent.,Vit l’amour comme un brasier.,"Tension, rapport de force, rivalité.",passion; colère; tension; sexualité
Partenaire,"Femme, Homme",maitre_maison_7,Mars,Aspect,Opposition,"Tu projettes ta propre force (ou ton impuissance) sur le partenaire. Tu peux attirer des personnalités dominantes, combatives, voire agressives — ou au contraire des partenaires passifs que tu dois porter. Le couple est vécu comme un rapport de force. Non intégré, tu subis ou tu domines, sans trouver l'équilibre. Intégré, vous êtes deux guerriers alliés, pas deux adversaires.","Un lien passionné, vivant, stimulant.",Vit l’amour dans la complicité et le feu partagé.,Peut manquer de profondeur ou de constance.,énergie; complicité; feu; vitalité
Partenaire,"Femme, Homme",maitre_maison_7,Jupiter,Aspect,Carré,"Tes attentes envers le couple sont démesurées. Tu veux une relation qui t'élève, t'inspire, te transforme — et la réalité quotidienne te déçoit. Tu peux passer d'un partenaire à l'autre en cherchant ""mieux"". Non intégré, tu idéalises ce que tu n'as pas et dévalorises ce que tu as. Intégré, tu apprends que la croissance vient aussi de l'engagement dans l'imparfait.","Quelqu’un de sincère, mais réaliste.",Vit l’amour dans la foi et la croissance.,"Désillusion, naïveté.",expansion; foi; idéal; excès
Partenaire,"Femme, Homme",maitre_maison_7,Jupiter,Aspect,Opposition,"Tu places le partenaire sur un piédestal — il devient ton guru, ton sauveur, celui qui doit te montrer le chemin. Ou à l'inverse, tu prends ce rôle pour lui. Le déséquilibre est structurel. Non intégré, la relation repose sur une admiration à sens unique qui finit par s'effondrer. Intégré, vous vous élevez mutuellement sans hiérarchie.","Un partenaire généreux, ouvert, curieux.",Vit l’amour comme une aventure inspirante.,Peut manquer de profondeur ou se disperser.,enthousiasme; ouverture; croissance; joie
Partenaire,"Femme, Homme",maitre_maison_7,Saturne,Aspect,Carré,"L'engagement te fait peur ou t'attire des partenaires froids et distants. Tu peux repousser l'intimité par crainte de l'enfermement, ou rester dans des relations insatisfaisantes par sens du devoir. L'amour semble toujours demander un sacrifice. Non intégré, tu construis des murs ou tu t'enfermes dans des liens sans joie. Intégré, tu apprends que la structure peut être un cadre sécurisant, pas une prison.","Quelqu’un de patient, constant, stable.",Vit l’amour comme une épreuve à dépasser.,"Solitude, rigidité, contrôle.",peur; froid; patience; loyauté
Partenaire,"Femme, Homme",maitre_maison_7,Saturne,Aspect,Opposition,"Tu projettes l'autorité ou la responsabilité sur le partenaire. Tu peux attirer des figures paternelles/maternelles, des partenaires plus âgés ou plus ""installés"", sur qui tu t'appuies — ou qui te limitent. Non intégré, le couple reproduit une dynamique parent/enfant déséquilibrée. Intégré, vous partagez les responsabilités en adultes et construisez ensemble quelque chose de solide.",Un lien de confiance et de maturité.,Vit l’amour dans le respect et la loyauté.,Peut manquer de légèreté ou de jeu.,stabilité; engagement; fidélité; solidité
Partenaire,"Femme, Homme",maitre_maison_7,Uranus,Aspect,Carré,"Tu oscilles entre besoin de fusion et besoin de liberté. Dès que ça devient stable, tu veux fuir ; dès que c'est trop libre, tu te sens abandonné(e). Tu peux attirer des partenaires imprévisibles ou provoquer toi-même les ruptures. Non intégré, aucune relation ne dure car aucune ne supporte ta double injonction. Intégré, tu inventes une forme de couple qui accueille ton besoin d'espace sans sacrifier l'intimité.","Quelqu’un d’atypique, inspirant, libre.",Vit l’amour dans la nouveauté et le changement.,"Ruptures, imprévisibilité, distance.",liberté; rupture; indépendance; imprévu
Partenaire,"Femme, Homme",maitre_maison_7,Uranus,Aspect,Opposition,"Tu projettes ton besoin de liberté sur le partenaire. Tu peux être attiré(e) par des électrons libres, des rebelles, des personnes qui refusent de s'engager — reflétant ta propre peur. Le couple est vécu comme une tension permanente entre attachement et indépendance. Non intégré, tu choisis des partenaires qui partent avant toi. Intégré, vous créez ensemble un modèle relationnel qui n'appartient qu'à vous.",Un lien d’amitié et de respect mutuel.,Vit l’amour avec légèreté et liberté.,Peut manquer d’enracinement.,liberté; nouveauté; amitié; créativité
Partenaire,"Femme, Homme",maitre_maison_7,Neptune,Aspect,Carré,"Tu confonds rêve et réalité en amour. Tu peux tomber amoureux(se) d'un potentiel plutôt que d'une personne réelle, ou te perdre dans des relations floues, non définies, où personne ne s'engage vraiment. La déception est récurrente. Non intégré, tu vis des illusions amoureuses ou des relations où l'un ""sauve"" l'autre. Intégré, tu gardes ta sensibilité romantique tout en voyant l'autre tel qu'il est.","Quelqu’un d’authentique, qui t’ancre dans le réel.",Vit l’amour dans la projection et le rêve.,"Fuite, désillusion, confusion.",illusion; rêve; confusion; perte
Partenaire,"Femme, Homme",maitre_maison_7,Neptune,Aspect,Opposition,"Tu projettes ton idéal spirituel ou artistique sur le partenaire. Il devient ton âme sœur fantasmée, ton inspiration, ton échappatoire au réel. La fusion est totale — jusqu'à la désillusion. Non intégré, tu t'oublies dans l'autre ou tu découvres que le prince/la princesse n'existe pas. Intégré, tu vis un amour inspirant et profond sans perdre ton ancrage ni ton identité.",Une relation douce et inspirante.,Vit l’amour comme une fusion d’âme à âme.,Peut manquer de réalisme.,compassion; foi; rêve; connexion
Partenaire,"Femme, Homme",maitre_maison_7,Pluton,Aspect,Carré,"L'amour est un terrain de pouvoir et de transformation forcée. Tu peux être attiré(e) par des relations toxiques, des passions destructrices, des partenaires manipulateurs — ou exercer toi-même un contrôle intense. La jalousie et la possession rôdent. Non intégré, le couple devient un champ de bataille où l'on se détruit en s'aimant. Intégré, tu transformes cette intensité en profondeur authentique, sans jeux de pouvoir.","Quelqu’un de loyal, fort, capable d’intensité.",Vit l’amour dans la transformation et la passion.,"Jalousie, emprise, peur de perdre.",intensité; contrôle; crise; loyauté
Partenaire,"Femme, Homme",maitre_maison_7,Pluton,Aspect,Opposition,"Tu projettes ta propre puissance (ou ta peur de l'impuissance) sur le partenaire. Tu peux attirer des personnalités magnétiques, contrôlantes, qui te fascinent et t'effraient. Le couple est vécu comme une danse de pouvoir où l'enjeu est de ne pas se faire dévorer. Non intégré, tu subis des relations d'emprise ou tu deviens toi-même l'ombre dévorante. Intégré, vous traversez ensemble les crises et en ressortez transformés, plus forts.",Une relation puissante et loyale.,Vit l’amour avec profondeur et engagement.,Peut tout de même redouter la perte.,transformation; loyauté; intensité; renaissance
Intime,"Femme, Homme",Pluton,Lune,Aspect,Conjonction,"Ton intimité est secrète et profonde. Tu as un besoin viscéral de fusionner avec l'autre, comme un retour à la matrice. Tu ressens les émotions (et les non-dits) de ton partenaire comme si c'étaient les tiennes. Au lit, tu as besoin de sentir que tu as accès à l'âme de l'autre, pas juste à son corps. Tu ne te dévoiles vraiment que si tu as une confiance aveugle.",,,,
Intime,"Femme, Homme",Pluton,Lune,Aspect,Carré,"Tu as du mal à lâcher prise émotionnellement pendant l'acte car une partie de toi reste sur le qui-vive. Tu as une peur inconsciente d'être envahi(e) ou détruit(e) par l'intimité. Cela peut créer des blocages, une froideur défensive, ou au contraire des crises d'angoisse fusionnelle. Tu dois apprendre que la vulnérabilité n'est pas une faiblesse.",,,,
Intime,"Femme, Homme",Pluton,Lune,Aspect,Opposition,"Tu as tendance à vivre des relations 'vampiriques' sur le plan émotionnel. Soit tu étouffes l'autre, soit tu choisis des partenaires qui t'étouffent ou te font subir une pression psychologique. L'ambiance intime est souvent chargée, lourde de sens ou de tabous familiaux. La sexualité est un moyen de transformer tes angoisses, mais attention à la dépendance affective.",,,,
Intime,"Femme, Homme",Pluton,Vénus,Aspect,Carré,"l y a une guerre en toi entre ton besoin de douceur et tes pulsions intenses. Tu as souvent peur d'être trahi(e) ou abandonné(e), ce qui peut te pousser à tester l'autre, à saboter la relation ou à te montrer jaloux(se) sans raison. Ta sexualité est marquée par une soif d'absolu qui n'est jamais vraiment rassasiée. Tu apprends par des crises passionnelles.",,,,
Intime,"Femme, Homme",Pluton,Vénus,Aspect,Opposition,"Tu vis l'intensité érotique à travers le miroir de l'autre. Tu as tendance à attirer des partenaires compliqués, magnétiques, parfois manipulateurs ou très jaloux. La relation intime devient vite un terrain de jeu de pouvoir : 'Je t'aime, moi non plus'. La sexualité est le lieu où se règlent tes conflits inconscients.",,,,
Intime,"Femme, Homme",Pluton,Vénus,Aspect,Conjonction,"Ton magnétisme est immédiat. Tu ne conçois pas l'intimité sans une fusion absolue. Pour toi, aimer, c'est posséder et être possédé(e). Tu vis tes relations sur un mode 'tout ou rien', avec une intensité émotionnelle et érotique qui peut frôler l'obsession. Ton charme est hypnotique.",,,,
Intime,"Femme, Homme",Pluton,Mars,Aspect,Carré,"Ton désir est volcanique, mais il est parfois bloqué ou compressé, ce qui crée une haute pression intérieure. Tu peux alterner entre des périodes de contrôle extrême et des explosions de désir incontrôlables. Il y a une certaine agressivité ou colère dans ta sexualité qu'il faut apprendre à canaliser. Tu cherches à prouver ta puissance, parfois en prenant des risques.",,,,
Intime,"Femme, Homme",Pluton,Mars,Aspect,Opposition,"Tu projettes ta puissance sur l'autre. Tu es souvent attiré(e) par des partenaires au caractère fort, voire dangereux ou dominateurs. L'intimité est vécue comme un défi, un bras de fer excitant. Pour t'exciter, il faut qu'il y ait du répondant, voire un peu de conflit. Le sexe de réconciliation est souvent ton point fort.""",,,,
Intime,"Femme, Homme",Pluton,Mars,Aspect,Conjonction,"Tu possèdes une réserve d'énergie inépuisable. Ta libido est puissante, brute, instinctive. Tu as besoin d'évacuer tes tensions par une sexualité intense, parfois dominatrice ou très physique. Tu as la capacité de te régénérer complètement après l'acte. C'est une force de la nature : tu ne lâches jamais prise tant que tu n'as pas obtenu ce que tu désires.",,,,
Intime,"Femme, Homme",Mars,Soleil,Aspect,Conjonction,"Désir et affirmation ne font qu’un. Feu intérieur fort, magnétisme naturel.","Quelqu’un de franc, vivant, entier.",Vit l’amour dans la passion et la confrontation directe.,"Ego fort, besoin d’avoir raison.",feu; courage; affirmation; intensité
Intime,"Femme, Homme",Mars,Lune,Aspect,Conjonction,"Fusion entre pulsion et émotion. Sensualité instinctive, réactivité émotionnelle.","Un lien sincère, tendre, vibrant.",Vit l’amour avec intensité et besoin de sécurité.,"Trop émotif(ve), impulsivité affective.",passion; émotion; instinct; fusion
Intime,"Femme, Homme",Mars,Vénus,Aspect,Conjonction,"Alchimie amour-désir. Charme magnétique, sexualité expressive.","Un lien vibrant, charnel, complice.",Vit l’amour dans la passion et le plaisir partagé.,"Dépendance au désir, fusion affective.",sensualité; passion; feu; séduction
Intime,"Femme, Homme",Mars,Jupiter,Aspect,Conjonction,"Feu expansif. Enthousiasme, énergie, excès de confiance.","Quelqu’un de joyeux, inspirant, dynamique.",Vit l’amour comme une aventure exaltante.,"Impulsivité, dispersion, excès.",énergie; enthousiasme; aventure; excès
Intime,"Femme, Homme",Mars,Saturne,Aspect,Conjonction,"Désir retenu, intense mais canalisé. Endurance, patience, frustration.","Quelqu’un de fiable, solide, constant.",Vit l’amour dans la maîtrise et la profondeur.,"Blocage, froideur, peur de l’échec.",contrôle; endurance; pudeur; loyauté
Intime,"Femme, Homme",Mars,Uranus,Aspect,Conjonction,"Feu électrique. Attirance pour la différence, besoin de liberté.","Quelqu’un d’unique, surprenant, libre.",Vit l’amour dans la nouveauté et la spontanéité.,"Instabilité, rupture, refus de routine.",liberté; surprise; feu; indépendance
Intime,"Femme, Homme",Mars,Neptune,Aspect,Conjonction,"Désir mystique, magnétisme discret, grande sensibilité.","Quelqu’un de doux, inspirant, spirituel.",Vit la sexualité comme un lien d’âme.,"Confusion, fuite, idéalisme.",rêve; fusion; sensualité; compassion
Intime,"Femme, Homme",Mars,Pluton,Aspect,Conjonction,"Passion extrême, intensité absolue. Transformation à travers le désir.","Quelqu’un de vrai, intense, loyal.",Vit l’amour comme une alchimie totale.,"Jalousie, pouvoir, peur de la perte.",intensité; transformation; loyauté; pouvoir
Intime,"Femme, Homme",Mars,Chiron,Aspect,Conjonction,Le désir guérit autant qu’il blesse. Attirance pour les liens réparateurs.,"Quelqu’un de bienveillant, patient.",Vit la sexualité avec vulnérabilité et vérité.,Peur de rejouer la blessure affective.,blessure; guérison; vérité; vulnérabilité
Intime,"Femme, Homme",Mars,Lune Noire,Aspect,Conjonction,"Désir interdit, magnétique, obsédant. Sexualité intense et secrète.","Quelqu’un de fascinant, troublant.",Vit la passion dans l’ombre et la transgression.,"Attirances toxiques, honte, rejet.",tabou; magnétisme; pouvoir; ombre
Intime,"Femme, Homme",Mars,Soleil,Aspect,Carré,Lutte entre désir et ego. Besoin de prouver sa valeur.,"Quelqu’un de fort, qui t’admire sans te dominer.",Vit l’amour comme un combat ou un défi.,"Ego, colère, compétition, fierté.",feu; tension; pouvoir; ego
Intime,"Femme, Homme",Mars,Soleil,Aspect,Opposition,Lutte entre désir et ego. Besoin de prouver sa valeur.,"Quelqu’un de fort, qui t’admire sans te dominer.",Vit l’amour comme un combat ou un défi.,"Ego, colère, compétition, fierté.",feu; tension; pouvoir; ego
Intime,"Femme, Homme",Mars,Lune,Aspect,Carré,"Émotions et pulsions en décalage. Tu veux aimer et protéger, mais tu crains d’être envahi(e).","Un lien stable, doux, sincère.",Vit l’amour entre tendresse et impulsivité.,"Instabilité émotionnelle, colère refoulée.",émotion; réactivité; ambivalence; besoin
Intime,"Femme, Homme",Mars,Lune,Aspect,Opposition,"Émotions et pulsions en décalage. Tu veux aimer et protéger, mais tu crains d’être envahi(e).","Un lien stable, doux, sincère.",Vit l’amour entre tendresse et impulsivité.,"Instabilité émotionnelle, colère refoulée.",émotion; réactivité; ambivalence; besoin
Intime,"Femme, Homme",Mars,Mercure,Aspect,Carré,"Conflit entre parole et action. Parfois trop tranchant(e), ou blessant(e) sans le vouloir.",Un partenaire capable de recul et d’humour.,"Vit l’amour dans le débat, la franchise.","Communication agressive, ironie, impatience.",parole; colère; franchise; maladresse
Intime,"Femme, Homme",Mars,Mercure,Aspect,Opposition,"Conflit entre parole et action. Parfois trop tranchant(e), ou blessant(e) sans le vouloir.",Un partenaire capable de recul et d’humour.,"Vit l’amour dans le débat, la franchise.","Communication agressive, ironie, impatience.",parole; colère; franchise; maladresse
Intime,"Femme, Homme",Mars,Vénus,Aspect,Carré,"Attraction-répulsion, tension entre amour et désir.",Quelqu’un qui t’attire autant qu’il t’irrite.,Vit la passion dans la dualité et l’excès.,"Instabilité, dépendance, déséquilibre.",passion; tension; feu; déséquilibre
Intime,"Femme, Homme",Mars,Vénus,Aspect,Opposition,"Attraction-répulsion, tension entre amour et désir.",Quelqu’un qui t’attire autant qu’il t’irrite.,Vit la passion dans la dualité et l’excès.,"Instabilité, dépendance, déséquilibre.",passion; tension; feu; déséquilibre
Intime,"Femme, Homme",Mars,Jupiter,Aspect,Carré,"Excès d’énergie, feu sans limite. Tu brûles vite, fort, souvent trop.","Quelqu’un d’enthousiaste, positif, qui t’équilibre.",Vit l’amour comme une course effrénée.,"Impulsivité, dispersion, arrogance.",énergie; excès; enthousiasme; confiance
Intime,"Femme, Homme",Mars,Jupiter,Aspect,Opposition,"Excès d’énergie, feu sans limite. Tu brûles vite, fort, souvent trop.","Quelqu’un d’enthousiaste, positif, qui t’équilibre.",Vit l’amour comme une course effrénée.,"Impulsivité, dispersion, arrogance.",énergie; excès; enthousiasme; confiance
Intime,"Femme, Homme",Mars,Saturne,Aspect,Carré,"Frein intérieur. Le désir se bloque, la peur de mal faire domine.","Quelqu’un de patient, fiable, rassurant.","Vit l’amour avec réserve, apprend la lenteur.","Frustration, inhibition, peur du rejet.",contrôle; peur; patience; endurance
Intime,"Femme, Homme",Mars,Saturne,Aspect,Opposition,"Frein intérieur. Le désir se bloque, la peur de mal faire domine.","Quelqu’un de patient, fiable, rassurant.","Vit l’amour avec réserve, apprend la lenteur.","Frustration, inhibition, peur du rejet.",contrôle; peur; patience; endurance
Intime,"Femme, Homme",Mars,Uranus,Aspect,Carré,"Désir explosif, besoin de liberté, rejet des contraintes.","Quelqu’un d’atypique, imprévisible, stimulant.",Vit l’amour dans l’excitation du danger.,"Instabilité, rupture soudaine.",liberté; rébellion; imprévisibilité; feu
Intime,"Femme, Homme",Mars,Uranus,Aspect,Opposition,"Désir explosif, besoin de liberté, rejet des contraintes.","Quelqu’un d’atypique, imprévisible, stimulant.",Vit l’amour dans l’excitation du danger.,"Instabilité, rupture soudaine.",liberté; rébellion; imprévisibilité; feu
Intime,"Femme, Homme",Mars,Neptune,Aspect,Carré,"Feu et brume. Tu veux fusionner, mais tu perds tes repères.","Quelqu’un de sincère, présent, vrai.",Vit l’amour comme une quête d’absolu.,"Illusion, désillusion, fuite.",illusion; fusion; fuite; confusion
Intime,"Femme, Homme",Mars,Neptune,Aspect,Opposition,"Feu et brume. Tu veux fusionner, mais tu perds tes repères.","Quelqu’un de sincère, présent, vrai.",Vit l’amour comme une quête d’absolu.,"Illusion, désillusion, fuite.",illusion; fusion; fuite; confusion
Intime,"Femme, Homme",Mars,Pluton,Aspect,Carré,"Conflit de pouvoir, jalousie, désir de domination. Sexualité intense","Quelqu’un de fort, loyal, transparent.",Vit l’amour comme un combat d’âme à âme.,"Contrôle, emprise, peur de perdre.",intensité; pouvoir; crise; passion
Intime,"Femme, Homme",Mars,Pluton,Aspect,Opposition,"Conflit de pouvoir, jalousie, désir de domination. Sexualité intense","Quelqu’un de fort, loyal, transparent.",Vit l’amour comme un combat d’âme à âme.,"Contrôle, emprise, peur de perdre.",intensité; pouvoir; crise; passion
Intime,"Femme, Homme",Mars,Chiron,Aspect,Carré,Le désir réveille la blessure de rejet.,"Quelqu’un de bienveillant, empathique.",Vit l’amour comme une guérison douloureuse.,"Peur de se livrer, vulnérabilité.",blessure; rejet; vulnérabilité; courage
Intime,"Femme, Homme",Mars,Chiron,Aspect,Opposition,Le désir réveille la blessure de rejet.,,,,
Intime,"Femme, Homme",Mars,Soleil,Aspect,Trigone,"Force tranquille, confiance naturelle en sa séduction et son pouvoir d’action.","Quelqu’un d’affirmé, solaire, direct.",Vit l’amour dans la clarté et la simplicité.,Peut manquer de remise en question.,confiance; rayonnement; équilibre; vitalité
Intime,"Femme, Homme",Mars,Lune,Aspect,Trigone,Bon équilibre entre émotion et désir. L’énergie circule sans tension.,"Quelqu’un de tendre, chaleureux, loyal.",Vit l’amour avec spontanéité et sensibilité.,Peut s’endormir dans la routine affective.,tendresse; passion; harmonie; douceur
Intime,"Femme, Homme",Mars,Mercure,Aspect,Trigone,"Esprit vif, charme verbal, répartie séduisante.","Quelqu’un d’intelligent, curieux, communicant.",Vit l’amour dans le jeu et le dialogue.,Peut manquer de profondeur émotionnelle.,communication; légèreté; complicité; vivacité
Intime,"Femme, Homme",Mars,Vénus,Aspect,Trigone,Équilibre entre amour et désir. Séduction douce et instinct naturel de plaisir.,"Quelqu’un de complice, doux, magnétique.",Vit l’amour dans la réciprocité et le plaisir.,Peut s’endormir dans le confort ou l’habitude.,harmonie; charme; plaisir; sensualité
Intime,"Femme, Homme",Mars,Jupiter,Aspect,Trigone,"Joie de vivre, optimisme, confiance dans le lien.","Quelqu’un d’enthousiaste, généreux, inspirant.",Vit l’amour dans la passion joyeuse et expansive.,Peut promettre plus qu’il ne tient.,joie; expansion; foi; enthousiasme
Intime,"Femme, Homme",Mars,Saturne,Aspect,Trigone,"Désir maîtrisé, équilibre entre passion et patience.","Quelqu’un de fiable, stable, constant.","Vit l’amour dans la durée, la maturité et la loyauté.",Peut être trop raisonnable ou trop sage.,stabilité; loyauté; endurance; équilibre
Intime,"Femme, Homme",Mars,Uranus,Aspect,Trigone,"Désir libéré, stimulant, imprévisible de façon positive.","Quelqu’un de libre, créatif, original.",Vit l’amour comme un espace de découverte mutuelle.,Peut manquer d’ancrage.,liberté; nouveauté; stimulation; créativité
Intime,"Femme, Homme",Mars,Neptune,Aspect,Trigone,"Feu inspiré, douceur mystique, sexualité spirituelle.","Quelqu’un de sensible, doux, rêveur.",Vit la passion comme une expérience d’âme.,Peut flotter dans l’idéalisation.,rêve; compassion; inspiration; foi
Intime,"Femme, Homme",Mars,Pluton,Aspect,Trigone,Fusion totale entre pulsion et intensité. Grande force intérieure.,"Quelqu’un de vrai, loyal, passionné.",Vit la passion avec puissance et confiance.,Peut vouloir tout contrôler par loyauté.,intensité; transformation; pouvoir; loyauté
Intime,"Femme, Homme",Mars,Chiron,Aspect,Trigone,Le désir devient guérison. L’amour aide à apaiser les blessures anciennes.,"Quelqu’un de doux, sincère, compréhensif.",Vit l’amour dans la bienveillance et la conscience.,Tendance à “sauver” l’autre.,guérison; compassion; vulnérabilité; douceur
Intime,"Femme, Homme",Mars,Lune Noire,Aspect,Trigone,"Désir assumé, magnétisme fascinant sans excès.","Quelqu’un de charismatique, vrai, entier.",Vit la sexualité avec intensité et lucidité.,Peut effrayer par sa force tranquille.,magnétisme; feu; intensité; confiance
Intime,"Femme, Homme",Mars,Soleil,Aspect,Sextile,"Force tranquille, confiance naturelle en sa séduction et son pouvoir d’action.",,,,
Intime,"Femme, Homme",Mars,Lune,Aspect,Sextile,Bon équilibre entre émotion et désir. L’énergie circule sans tension.,,,,
Intime,"Femme, Homme",Mars,Mercure,Aspect,Sextile,"Esprit vif, charme verbal, répartie séduisante.",,,,
Intime,"Femme, Homme",Mars,Vénus,Aspect,Sextile,Équilibre entre amour et désir. Séduction douce et instinct naturel de plaisir.,,,,
Intime,"Femme, Homme",Mars,Jupiter,Aspect,Sextile,"Joie de vivre, optimisme, confiance dans le lien.",,,,
Intime,"Femme, Homme",Mars,Saturne,Aspect,Sextile,"Désir maîtrisé, équilibre entre passion et patience.",,,,
Intime,"Femme, Homme",Mars,Uranus,Aspect,Sextile,"Désir libéré, stimulant, imprévisible de façon positive.",,,,
Intime,"Femme, Homme",Mars,Neptune,Aspect,Sextile,"Feu inspiré, douceur mystique, sexualité spirituelle.",,,,
Intime,"Femme, Homme",Mars,Pluton,Aspect,Sextile,Fusion totale entre pulsion et intensité. Grande force intérieure.,,,,
Intime,"Femme, Homme",Mars,Chiron,Aspect,Sextile,Le désir devient guérison. L’amour aide à apaiser les blessures anciennes.,,,,
Intime,"Femme, Homme",Mars,Lune Noire,Aspect,Sextile,"Désir assumé, magnétisme fascinant sans excès.",,,,
Intime,"Femme, Homme",Mars,Soleil,Aspect,Quinconce,"Volonté et désir mal accordés, tu oscilles entre action et retenue.",Un partenaire qui t’aide à canaliser ton feu.,Vit l’amour dans l’intensité puis l’ajustement.,"Irritation, tension intérieure.",ajustement; ego; feu; tension
Intime,"Femme, Homme",Mars,Lune,Aspect,Quinconce,"Les émotions et le désir se contrarient, besoin d’apaisement.",Quelqu’un de rassurant et compréhensif.,Vit l’amour entre élan et retenue.,"Hypersensibilité, agitation.",émotion; adaptation; nervosité; désir
Intime,"Femme, Homme",Mars,Vénus,Aspect,Quinconce,Attirance et agacement se mêlent ; tu cherches l’équilibre entre douceur et feu.,Une relation équilibrée et passionnée.,Vit l’amour dans le va-et-vient entre besoin et désir.,"Tension, insatisfaction.",tension; attirance; ajustement; passion
Intime,"Femme, Homme",Mars,Jupiter,Aspect,Quinconce,"Trop d’énergie, excès d’optimisme ; besoin de canaliser.","Quelqu’un de calme, posé, ancré.",Vit l’amour dans l’exaltation et la générosité.,"Impulsivité, désordre.",excès; feu; enthousiasme; régulation
Intime,"Femme, Homme",Mars,Saturne,Aspect,Quinconce,"Désir retenu, peur d’agir, blocage inconscient.","Quelqu’un de patient, sécurisant.","Vit l’amour lentement, dans la construction.","Frustration, contrôle.",lenteur; peur; retenue; discipline
Intime,"Femme, Homme",Mars,Uranus,Aspect,Quinconce,"Désir électrique, imprévisible, besoin de liberté.",Quelqu’un d’atypique et stimulant.,Vit l’amour comme une expérience libératrice.,"Instabilité, rupture soudaine.",liberté; imprévu; feu; rébellion
Intime,"Femme, Homme",Mars,Neptune,Aspect,Quinconce,"Feu et brume ; désir idéaliste, parfois confus.",Quelqu’un de vrai et ancré.,Vit l’amour dans le rêve ou la fuite.,"Illusion, désillusion.",illusion; flou; mystère; sensibilité
Intime,"Femme, Homme",Mars,Pluton,Aspect,Quinconce,"Intensité mal dosée, besoin de transformation maîtrisée.","Quelqu’un de profond, courageux.",Vit la passion comme une mue intérieure.,"Crises, contrôle.",transformation; pouvoir; tension; loyauté
Intime,"Femme, Homme",Mars,Soleil,Aspect,Semi-carré,Frustration du feu ; besoin d’agir sans écraser.,"Quelqu’un d’équilibré, stable.",Vit l’amour dans l’action maîtrisée.,"Impatience, irritation.",irritation; ego; feu; maîtrise
Intime,"Femme, Homme",Mars,Lune,Aspect,Semi-carré,"Réactivité émotionnelle forte, colère contenue.","Quelqu’un de doux, apaisant.",Vit l’amour avec intensité émotionnelle.,"Agitation, impulsivité.",émotion; tension; instinct; feu
Intime,"Femme, Homme",Mars,Mercure,Aspect,Semi-carré,"Communication brusque, parole coupante.",Quelqu’un d’intelligent et diplomate.,Vit l’amour dans le débat et le jeu.,"Parole blessante, ironie.",parole; rapidité; tension; communication
Intime,"Femme, Homme",Mars,Vénus,Aspect,Semi-carré,"Désir contrarié, passion frustrée.",Quelqu’un d’attentif et sincère.,Vit l’amour entre attraction et conflit.,"Dépendance, tension.",passion; frustration; feu; désir
Intime,"Femme, Homme",Mars,Soleil,Aspect,Semi-sextile,"Énergie douce, harmonie naturelle si entretenue.","Quelqu’un de chaleureux, motivant.",Vit l’amour dans la fluidité.,Manque d’initiative.,coopération; douceur; harmonie; feu calme
Intime,"Femme, Homme",Mars,Vénus,Aspect,Semi-sextile,"Séduction légère, désir tendre et équilibré.",Quelqu’un de complice et sensible.,Vit l’amour avec souplesse et affection.,"Routine, tiédeur.",charme; complicité; équilibre; finesse
Intime,"Femme, Homme",Mars,Soleil,Aspect,Quintile,"Créativité du feu, charisme instinctif.",Quelqu’un qui t’admire et t’inspire.,Vit l’amour comme un acte créatif.,Égocentrisme.,créativité; charisme; magnétisme; art
Intime,"Femme, Homme",Mars,Vénus,Aspect,Quintile,"Sensualité artistique, harmonie passionnée.",Quelqu’un d’inspirant et séduisant.,Vit l’amour comme une œuvre vivante.,"Excès de charme, séduction manipulatrice.",sensualité; art; passion; inspiration
Intime,"Femme, Homme",Mars,Chiron,Aspect,Conjonction,"Ta blessure fondamentale est liée à ta capacité d'agir, de désirer, de t'affirmer. La sexualité touche directement cette faille : tu peux douter de ta puissance érotique, de ton droit au plaisir, de ta légitimité à prendre. Non intégré, tu peux inhiber ton désir par peur de blesser ou d'être rejeté(e), ou au contraire forcer pour prouver quelque chose. L'acte sexuel peut réveiller des douleurs anciennes — humiliation, impuissance, violence subie ou exercée. Intégré, ta sexualité devient un espace de guérison : tu apprends que ton désir n'est pas dangereux, et ta vulnérabilité dans l'intime devient une force.",,,,
Intime,"Femme, Homme",Mars,Chiron,Aspect,Carré,"Il y a un conflit permanent entre ton élan vital et ta blessure. Quand tu veux, tu te freines. Quand tu agis, tu te blesses ou tu blesses. La sexualité est un terrain miné : tu oscilles entre frustration (je n'ose pas) et regret (j'ai été trop loin). Non intégré, tu peux accumuler la tension jusqu'à l'explosion, ou somatiser ton désir refoulé. Les conflits dans le couple touchent souvent la sexualité — zone sensible où tout se cristallise. Intégré, tu apprends à doser ton feu, à exprimer ton désir sans violence ni auto-sabotage.",,,,
Intime,"Femme, Homme",Mars,Chiron,Aspect,Opposition,"Tu projettes ta blessure martienne sur le partenaire. Tu peux attirer des personnes qui incarnent ce que tu n'oses pas — agressives, dominantes, sexuellement affirmées — ou des partenaires blessés dans leur masculin/leur capacité d'action que tu veux ""réparer"". Non intégré, chaque relation devient une opportunité de rouvrir la plaie : l'autre te blesse là où tu es déjà fragile, ou tu le blesses sans comprendre pourquoi. Intégré, tu cesses de chercher la guérison chez l'autre et tu assumes ta propre puissance — la sexualité devient un échange, pas un soin.","Quelqu’un de doux, bienveillant, conscient de tes fragilités.",Vit l’amour comme un miroir thérapeutique.,"Peur d’être rejeté(e), vulnérabilité émotionnelle.",blessure; guérison; courage; vulnérabilité
Intime,"Femme, Homme",Mars,Chiron,Aspect,Trigone,"Le feu devient médecine. Tu as une capacité naturelle à transformer la blessure en force. Ta sexualité peut avoir une dimension guérisseuse — pour toi et pour l'autre. Tu sais désirer sans forcer, agir sans blesser.","Un lien sincère, doux, réparateur.",Vit l’amour comme un espace d’évolution paisible.,Tendance à “sauver” l’autre.,apaisement; compassion; guérison; bienveillance
Intime,"Femme, Homme",Mars,Chiron,Aspect,Sextile,"Tu as accès à une expression saine de ton énergie martienne malgré la blessure. Le désir et la vulnérabilité cohabitent sans trop de friction. Tu peux parler de tes failles dans l'intime, ce qui crée une connexion authentique.",,,,
Intime,"Femme, Homme",Mars,Nœud Sud,Aspect,Conjonction,"Tu arrives dans cette vie avec une mémoire ancienne liée au pouvoir, à la conquête, à la domination — ou à la violence subie. Ton désir porte l'empreinte de vies passées : schémas de prédation, de combat, de possession. Non intégré, tu rejoues des dynamiques de pouvoir dans ta sexualité sans comprendre pourquoi — dominer ou être dominé(e), conquérir ou fuir. L'intensité te semble familière, même quand elle est toxique. Intégré, tu reconnais ces patterns comme des héritages à dépasser, pas des fatalités. Tu gardes la puissance sans la violence.","Un lien familier, karmique, parfois lourd.",Vit l’amour comme une mémoire à libérer.,"Attachement au passé, schémas répétitifs.",karma; attachement; mémoire; dépendance
Intime,"Femme, Homme",Mars,Nœud Nord,Aspect,Conjonction,"Ta sexualité est un chemin d'évolution. Tu es appelé(e) à apprendre à utiliser ton feu avec conscience — désirer sans détruire, agir sans dominer, t'affirmer sans écraser. Non intégré, tu peux avoir peur de ta propre puissance ou la fuir, restant dans une sexualité tiède qui ne te ressemble pas. Ou tu fonces sans conscience, répétant des erreurs. Intégré, tu développes une sexualité mature, alignée avec ton évolution spirituelle — le désir devient un moteur de croissance, pas une pulsion aveugle.",Quelqu’un qui t’aide à te dépasser sans te perdre.,Vit l’amour comme un tremplin spirituel.,"Peur du changement, résistance à l’évolution.",mission; croissance; apprentissage; destin
Intime,"Femme, Homme",Mars,Nœuds,Aspect,Carré,"Ton désir et ton chemin d'âme sont en tension. Ce que tu veux impulsivement n'est pas toujours ce qui te fait grandir. La sexualité peut te tirer en arrière (répétition de schémas) ou te paralyser (peur d'avancer). Non intégré, tu oscilles entre agir sans réfléchir et réfléchir sans agir — ni l'un ni l'autre ne te satisfait. Les choix de partenaires peuvent refléter ce conflit : attirance pour ce qui est familier vs ce qui est évolutif. Intégré, tu apprends à aligner ton feu intérieur avec ta direction de vie — ton désir devient un guide, pas un obstacle.","Quelqu’un de stable, conscient, patient.",Vit l’amour dans l’effort de rééquilibrage.,"Crises, désalignement, confusion.",tension; évolution; karma; choix
Intime,"Femme, Homme",Mars,Nœuds,Aspect,Opposition,"Tu es tiraillé(e) entre deux pôles : le confort du passé (Nœud Sud) et l'appel de l'évolution (Nœud Nord). Dans ta sexualité, cela crée une tension entre ce que tu connais et ce que tu dois apprendre. Tu peux attirer des partenaires qui incarnent l'un ou l'autre pôle — le familier rassurant ou l'inconnu déstabilisant. Non intégré, tu restes coincé(e) dans des relations qui ne te font pas avancer, ou tu fuis vers des expériences nouvelles sans intégrer les leçons. Intégré, tu trouves l'équilibre : honorer ton passé tout en avançant vers ta pleine puissance.",,,,
Intime,"Femme, Homme",Lune Noire,Soleil,Aspect,Conjonction,"Tu ES ton ombre. Ta présence dégage quelque chose de magnétique, de troublant, que tu le veuilles ou non. L'identité et la sexualité sont fusionnées — tu attires par ce que tu es, pas par ce que tu fais. Non intégré, tu peux osciller entre honte de toi-même et provocation excessive, comme si tu devais soit te cacher soit choquer. Ta lumière te fait peur car elle révèle aussi tes zones sombres. Intégré, tu assumes ton magnétisme sans t'excuser, et ta sexualité devient une expression authentique de qui tu es — entier(ère), sans masque.",,,,
Intime,"Femme, Homme",Lune Noire,Soleil,Aspect,Carré,"Il y a une guerre intérieure entre ce que tu veux montrer et ce que tu ressens vraiment. Tu peux réprimer ton magnétisme par peur de déranger, puis exploser dans des comportements provocateurs que tu regrettes. La sexualité est vécue dans la tension : désir d'être vu(e) et terreur d'être jugé(e). Non intégré, tu sabotes ta propre lumière ou tu la brandis comme une arme. Intégré, tu apprends à habiter ton ombre sans qu'elle te consume — ta puissance devient stable, pas explosive.",,,,
Intime,"Femme, Homme",Lune Noire,Soleil,Aspect,Opposition,"Tu projettes ton ombre sur tes partenaires. Tu es attiré(e) par des personnalités magnétiques, sombres, parfois dangereuses — celles qui osent ce que tu t'interdis. Ou tu attires des gens fascinés par toi qui te renvoient une image troublante de toi-même. Non intégré, tu vis ta sexualité à travers l'autre, en spectateur de ta propre puissance. Intégré, tu récupères ta lumière noire et tu choisis des partenaires qui te reflètent sans te remplacer.","Quelqu’un qui t’autorise à être pleinement toi, sans censure.",Vit l’amour entre exaltation et rejet de soi.,"Complexe d’infériorité, révolte contre l’autorité.",ego; honte; lumière; puissance
Intime,"Femme, Homme",Lune Noire,Soleil,Aspect,Trigone,"Tu as un accès naturel à ton magnétisme. Ta part sombre ne te fait pas peur — tu l'exprimes avec aisance, sans drama ni provocation. Ta sexualité est décomplexée, ton charme assumé. Tu sais briller sans t'excuser de ta puissance.",,,,
Intime,"Femme, Homme",Lune Noire,Soleil,Aspect,Sextile,"Tu as un accès naturel à ton magnétisme. Ta part sombre ne te fait pas peur — tu l'exprimes avec aisance, sans drama ni provocation. Ta sexualité est décomplexée, ton charme assumé. Tu sais briller sans t'excuser de ta puissance.","Quelqu’un d’authentique, sincère, inspirant.",Vit l’amour dans la transparence et la liberté d’être soi.,Peut déranger par trop de franchise.,vérité; force; authenticité; feu
Intime,"Femme, Homme",Lune Noire,Lune,Aspect,Conjonction,"Tes besoins émotionnels sont mêlés à ton ombre. Avoir besoin de l'autre te semble dangereux, comme si la dépendance affective était une faille honteuse. Tu peux cacher tes vrais besoins derrière une façade d'indépendance ou de froideur. Non intégré, la blessure maternelle colore ta sexualité : tu cherches à être nourri(e) tout en repoussant ceux qui s'approchent trop. Intégré, tu acceptes ta vulnérabilité émotionnelle comme une force, et l'intimité devient possible sans peur de l'engloutissement.",,,,
Intime,"Femme, Homme",Lune Noire,Lune,Aspect,Carré,"Tes émotions et ton ombre s'affrontent. Tu peux osciller entre besoin fusionnel et rejet brutal, entre demande affective intense et fermeture totale. La sexualité est parasitée par des peurs anciennes — abandon, rejet, étouffement. Non intégré, tu testes l'autre pour voir s'il reste, ou tu pars avant qu'il ne te blesse. Intégré, tu apprends à réguler ce flux émotionnel et à créer de l'intimité sans la saboter.",,,,
Intime,"Femme, Homme",Lune Noire,Lune,Aspect,Opposition,"Tu projettes tes besoins émotionnels refoulés sur le partenaire. Tu peux attirer des personnes émotionnellement instables, dépendantes ou au contraire complètement fermées — miroir de ce que tu n'assumes pas en toi. Non intégré, tu rejoues des dynamiques maternelles toxiques dans tes relations intimes. Intégré, tu reconnais tes propres besoins d'attachement et tu cesses de les chercher exclusivement chez l'autre.",,,,
Intime,"Femme, Homme",Lune Noire,Lune,Aspect,Trigone,"Tu as une intelligence émotionnelle profonde qui inclut tes zones d'ombre. Tu comprends intuitivement les non-dits, les blessures cachées — les tiennes et celles des autres. Ta sexualité intègre naturellement la dimension émotionnelle sans t'y perdre.",Un partenaire bienveillant et stable.,Vit l’amour dans la conscience émotionnelle.,"Trop de lucidité, pudeur.",introspection; lien; stabilité; vérité
Intime,"Femme, Homme",Lune Noire,Lune,Aspect,Sextile,"Tu as une intelligence émotionnelle profonde qui inclut tes zones d'ombre. Tu comprends intuitivement les non-dits, les blessures cachées — les tiennes et celles des autres. Ta sexualité intègre naturellement la dimension émotionnelle sans t'y perdre.",,,,
Intime,"Femme, Homme",Lune Noire,Vénus,Aspect,Conjonction,"Ton charme est magnétique, troublant, impossible à ignorer. Tu attires sans effort, souvent les mauvaises personnes — ou celles qui réveillent tes zones d'ombre. L'amour et la honte sont mêlés : tu peux te sentir indigne d'être aimé(e) pour ce que tu es vraiment. Non intégré, tu séduis par ton mystère mais tu fuis dès que l'autre s'approche trop, ou tu t'attaches à des amours impossibles. Intégré, tu assumes ta séduction sombre et tu laisses entrer ceux qui peuvent voir ta lumière dans l'ombre.",,,,
Intime,"Femme, Homme",Lune Noire,Vénus,Aspect,Carré,"Il y a un conflit entre ce que tu désires et ce que tu t'autorises à vouloir. Tu peux être attiré(e) par ce qui est interdit, inaccessible, ""pas pour toi"" — et repousser ce qui est simple et disponible. La sexualité est chargée de culpabilité ou de transgression. Non intégré, tu sabotes tes relations ou tu restes dans des schémas d'attirance douloureuse. Intégré, tu réconcilies désir et estime de soi — tu t'autorises à vouloir ce qui te fait vraiment du bien.",,,,
Intime,"Femme, Homme",Lune Noire,Vénus,Aspect,Opposition,"Tu projettes ta propre désirabilité sur l'autre. Tu es attiré(e) par des personnes magnétiques, séductrices, parfois manipulatrices — celles qui incarnent le pouvoir de séduction que tu ne t'accordes pas. Non intégré, tu peux vivre des triangles amoureux, des passions interdites, ou te sentir toujours ""moins"" que ton partenaire. Intégré, tu reconnais ton propre pouvoir d'attraction et tu choisis des relations d'égal à égal.","Quelqu’un de magnétique, intense, vrai.",Vit l’amour dans la fascination et la peur.,"Relations toxiques, honte du désir.",tabou; passion; intensité; interdit
Intime,"Femme, Homme",Lune Noire,Vénus,Aspect,Trigone,"Tu as un charme naturellement magnétique, assumé sans effort. Ta séduction inclut ta part d'ombre — elle intrigue sans effrayer. Tu sais aimer et désirer sans culpabilité, avec une sensualité décomplexée et lucide.",,,,
Intime,"Femme, Homme",Lune Noire,Vénus,Aspect,Sextile,"Tu as un charme naturellement magnétique, assumé sans effort. Ta séduction inclut ta part d'ombre — elle intrigue sans effrayer. Tu sais aimer et désirer sans culpabilité, avec une sensualité décomplexée et lucide.",Un lien doux mais profond.,Vit l’amour avec intensité et conscience.,"Peur de choquer, de trop ressentir.",magnétisme; vérité; beauté; désir
Intime,"Femme, Homme",Lune Noire,Mars,Aspect,Conjonction,"Ton désir est brut, puissant, parfois effrayant — pour toi comme pour les autres. La pulsion sexuelle est intense, liée à quelque chose de primitif que tu peux avoir du mal à canaliser. Non intégré, tu oscilles entre répression totale (peur de ta propre violence) et passages à l'acte excessifs. La sexualité peut devenir compulsive ou au contraire bloquée. Intégré, tu assumes ta puissance érotique sans culpabilité — ton désir devient une force vitale, pas une menace.",,,,
Intime,"Femme, Homme",Lune Noire,Mars,Aspect,Carré,"Il y a une guerre entre ton désir et ta conscience. Tu veux des choses que tu te reproches de vouloir. La sexualité est vécue dans le conflit : culpabilité après le plaisir, frustration dans l'abstinence. Non intégré, tu peux retourner ton agressivité contre toi (somatisation, auto-sabotage) ou exploser de façon destructrice. Intégré, tu apprends que le désir n'est pas sale et que ta colère a le droit d'exister — tu les exprimes sans te détruire.",,,,
Intime,"Femme, Homme",Lune Noire,Mars,Aspect,Opposition,"Tu projettes ta propre pulsion sur le partenaire. Tu es attiré(e) par des personnalités dominantes, agressives, sexuellement intenses — ou au contraire tu attires des gens qui projettent sur toi leur propre désir refoulé. Non intégré, tu peux vivre des relations où le pouvoir et le sexe sont confondus, avec risque de domination/soumission non consentie. Intégré, tu récupères ta propre puissance et tu vis des relations passionnées entre égaux.","Quelqu’un de fort, loyal, direct.",Vit l’amour dans la tension entre feu et honte.,"Attirances toxiques, rapport de pouvoir.",feu; sexualité; tabou; pouvoir
Intime,"Femme, Homme",Lune Noire,Mars,Aspect,Trigone,"Tu as accès à ta puissance sexuelle de manière fluide. Ton désir est assumé, ta force maîtrisée. Tu peux explorer l'intensité érotique sans te perdre ni blesser l'autre. Ta sexualité est une expression saine de ta vitalité.",,,,
Intime,"Femme, Homme",Lune Noire,Mars,Aspect,Sextile,"Tu as accès à ta puissance sexuelle de manière fluide. Ton désir est assumé, ta force maîtrisée. Tu peux explorer l'intensité érotique sans te perdre ni blesser l'autre. Ta sexualité est une expression saine de ta vitalité.","Un partenaire ancré, passionné, vrai.",Vit la sexualité avec intensité consciente.,Peut effrayer par son aura.,intensité; magnétisme; puissance; passion
Intime,"Femme, Homme",Lune Noire,Pluton,Aspect,Conjonction,"Double dose d'ombre. Tu incarnes une intensité sexuelle brute, magnétique, presque dérangeante. Ton pouvoir érotique est immense — tu fascines et tu effraies, souvent en même temps. La sexualité est vécue comme une expérience de mort et de renaissance, un territoire où rien n'est tiède. Non intégré, tu peux basculer dans l'obsession, la manipulation, les jeux de pouvoir destructeurs, ou refouler totalement cette énergie par peur de ta propre puissance. Intégré, tu assumes ton magnétisme sombre sans te laisser consumer — ta sexualité devient alchimique, transformatrice, initiatique.",,,,
Intime,"Femme, Homme",Lune Noire,Pluton,Aspect,Carré,"Guerre intérieure entre deux forces d'ombre. Tu ressens une pulsion sexuelle intense mais culpabilisée, un désir de pouvoir que tu te reproches. La sexualité est un champ de bataille : tu oscilles entre répression totale et passages à l'acte excessifs. Non intégré, tu peux vivre des crises, des obsessions, des attirances pour ce qui te détruit. La honte et la fascination se mêlent. Intégré, tu apprends à canaliser cette énergie volcanique — tu explores tes profondeurs sans t'y perdre.",,,,
Intime,"Femme, Homme",Lune Noire,Pluton,Aspect,Opposition,"Tu projettes ton ombre sexuelle sur l'autre. Tu es magnétiquement attiré(e) par des partenaires qui incarnent le pouvoir, l'interdit, le danger — ce que tu n'assumes pas en toi. La sexualité devient un miroir de tes zones les plus sombres. Non intégré, tu peux vivre des relations d'emprise, de fascination toxique, où l'autre a le pouvoir que tu lui donnes. Intégré, tu récupères ta propre puissance et tu choisis des partenaires intenses sans te soumettre ni dominer.",,,,
Intime,"Femme, Homme",Chiron,Ascendant,Aspect,Conjonction,"Tu as l'impression que si l'autre te voit vraiment, sans filtre, il verra quelque chose de ""cassé"". En intimité, tu as du mal à occuper ton espace. Tu peux être présent(e) physiquement mais absent(e) énergétiquement, par peur d'être trop vulnérable. Ton défi est d'accepter que ta présence suffit, sans avoir besoin de te cacher ou de te ""réparer"" avant d'aimer.",,,,"Honte corporelle, Hyper-sensibilité, Masque, Guérisseur blessé."
Intime,"Femme, Homme",Chiron,Ascendant,Aspect,Carré,"Il y a un conflit entre l'assurance que tu essaies de projeter et l'insécurité que tu ressens. Dans le privé, tu peux devenir maladroit(e) ou distant(e) dès que la relation devient trop réelle. Tu as tendance à saboter les moments de grâce par peur de ne pas être à la hauteur de l'image que tu as vendue.",,,,"Auto-sabotage, Malaise physique, Défense, Peur du jugement."
Intime,"Femme, Homme",Chiron,Ascendant,Aspect,Opposition,"Tu cherches souvent un partenaire qui porte la blessure à ta place (quelqu'un à aider) ou qui te force à regarder la tienne (quelqu'un de critique/distant). L'intimité est vécue comme un soin : tu as besoin de te sentir utile pour te sentir proche. Difficile pour toi d'accepter une relation d'égal à égal où personne n'a besoin d'être ""sauvé"".",,,,"Sauveur/Sauvé, Attraction des blessés, Sacrifice, Projection."
Intime,"Femme, Homme",Chiron,Soleil,Aspect,Conjonction,"Tu as une blessure profonde liée à ta propre importance. En couple, tu as tendance à t'effacer ou à croire que tes besoins sont secondaires. L'intimité est compliquée car tu as du mal à dire ""Je suis là, je veux ça"". Tu cherches souvent à briller à travers l'autre car tu doutes de ta propre lumière intérieure.",,,,"Manque de légitimité, Effacement, Doute de soi, Besoin de validation."
Intime,"Femme, Homme",Chiron,Soleil,Aspect,Carré,"Tu es en tension constante entre l'envie de t'affirmer et la peur d'être égoïste. Dans l'intimité, cela crée des oscillations : parfois tu exiges trop, parfois tu ne demandes rien. Tu te sens coupable dès que tu prends de la place ou du plaisir pour toi-même, comme si c'était interdit.",,,,"Culpabilité, Conflit interne, Oscillation, Peur de l'égoïsme."
Intime,"Femme, Homme",Chiron,Soleil,Aspect,Opposition,"Tu remets les clés de ta valeur personnelle à ton partenaire. S'il t'aime, tu existes. S'il t'ignore, tu t'effondres. L'intimité est vécue avec une pression énorme : chaque regard ou silence de l'autre est interprété comme un jugement sur ta valeur fondamentale en tant qu'être humain.",,,,"Dépendance à l'autre, Hypersensibilité au jugement, Perte de centre."
Intime,"Femme, Homme",Chiron,Lune,Aspect,Conjonction,"Avoir besoin de l'autre est vécu comme une faiblesse ou un danger. Tu as une grande empathie pour la douleur des autres, mais tu te blindes contre tes propres besoins émotionnels. En intimité, tu peux donner énormément de tendresse tout en refusant d'en recevoir, par peur d'être dépendant(e) ou blessé(e) à nouveau.",,,,"Besoin = Danger, Maternage, Fermeture émotionnelle, Empathie unilatérale."
Intime,"Femme, Homme",Chiron,Lune,Aspect,Carré,"Tu as du mal à croire que la paix émotionnelle est possible. Dans le lien intime, tu es souvent sur le qui-vive, attendant le coup dur ou l'abandon. Tu peux tester l'autre inconsciemment pour voir s'il reste, ou rejeter la consolation par méfiance, créant un climat de tension affective inutile.",,,,"Méfiance, Test de l'autre, Difficulté à recevoir, Anxiété."
Intime,"Femme, Homme",Chiron,Lune,Aspect,Opposition,"Tu projettes souvent tes manques familiaux sur ton partenaire. Tu attends de lui qu'il comble un vide affectif ancien, ce qui est impossible. L'intimité peut devenir étouffante ou régressive (infantilisante). Tu dois apprendre à ""te nourrir"" toi-même émotionnellement pour ne pas faire peser cette responsabilité sur le couple.",,,,"Attente irréaliste, Vide affectif, Régression, Co-dépendance."
Intime,"Femme, Homme",Chiron,Venus,Aspect,Conjonction,"Tu ne fais pas la différence entre aimer et souffrir. Pour toi, l'amour vrai doit être sacrificiel ou compassionnel. Tu as une immense capacité à aimer les ""écorchés vifs"" car leur douleur résonne avec la tienne. Le risque est d'oublier que tu as le droit d'être aimé(e) pour ta lumière, et pas seulement pour ta capacité à soigner les plaies de l'autre. Ton charme est empreint d'une sorte de mélancolie magnétique.",,,,"Sacrifice, Compassion, Mélancolie amoureuse, Confusion Amour/Soin."
Intime,"Femme, Homme",Chiron,Venus,Aspect,Carré,"C'est l'aspect de la ""belle au bois dormant"" qui s'entoure de ronces. Tu as une soif immense d'amour, mais une peur tout aussi immense d'être blessé(e). Inconsciemment, tu peux saboter les relations qui deviennent trop intimes ou choisir des partenaires indisponibles pour éviter le danger d'être rejeté(e). Tu as souvent du mal à te trouver beau/belle ou à accepter les compliments sincères.",,,,"Barrière défensive, Peur de l'intimité, Indignité,"
Intime,"Femme, Homme",Chiron,Vénus,Aspect,Opposition,"Tu as intégré l'idée que l'amour finit toujours mal ou qu'il faut souffrir pour le mériter. Tu peux avoir du mal à accepter les compliments, les cadeaux ou la gentillesse pure, soupçonnant toujours une intention cachée ou une future déception. L'intimité heureuse te semble suspecte ; tu es plus à l'aise dans la complexité que dans la simplicité amoureuse.",,,,"Croyance limitante, Refus du bonheur simple, Méfiance, Peur d'être aimé(e)."
Intime,"Femme, Homme",Chiron,Mars,Aspect,Conjonction,"Tu as du mal à exprimer ta volonté brute. Soit tu inhibes tes désirs par peur d'être agressif(ve), soit tu as du mal à poser tes limites quand on les franchit. En intimité, cela peut se traduire par une difficulté à prendre l'initiative ou à dire ""stop"". Tu dois réapprendre que ton désir et ta colère sont des énergies saines et non destructrices.",,,,"Difficulté à dire non, Initiative bloquée, Peur de sa force, Passivité."
Intime,"Femme, Homme",Chiron,Mars,Aspect,Carré,"Tu réprimes tes frustrations jusqu'à l'explosion, ou tu retournes ton agressivité contre toi-même (somatisation). Dans le couple, la gestion du conflit est douloureuse : tu as peur que la moindre dispute signe la fin de la relation. L'intimité peut être parasitée par des non-dits ou une tension latente.",,,,"Frustration rentrée, Peur du conflit, Tension, Agressivité passive."
Intime,"Femme, Homme",Chiron,Mars,Aspect,Opposition,"Tu as tendance à vivre l'intimité comme un rapport de force. Tu peux attirer des partenaires envahissants ou directifs qui t'obligent à te défendre. Ta blessure est liée à l'impuissance : tu as horreur de te sentir dominé(e) ou contrôlé(e), ce qui te rend parfois hyper-défensif(ve) même quand l'autre est bienveillant.",,,,"Lutte de pouvoir, Défense, Peur du contrôle, Réactivité."
Intime,"Femme, Homme",Chiron,Ascendant,Aspect,Conjonction,"Tu as l'impression que si l'autre te voit vraiment, sans filtre, il verra quelque chose de ""cassé"". Non intégré, tu peux être présent(e) physiquement mais absent(e) énergétiquement, par peur d'être trop vulnérable. Le travail consiste à accepter que ta présence suffit telle qu'elle est. Intégré, cette configuration te donne une authenticité rare : tu n'as plus besoin de masque pour être aimé(e).",,,,
Intime,"Femme, Homme",Chiron,Ascendant,Aspect,Carré,"Il y a un conflit entre l'assurance que tu projettes et l'insécurité que tu ressens. Non intégré, tu peux saboter les moments de grâce par peur de ne pas être à la hauteur de l'image que tu as vendue, devenant maladroit(e) ou distant(e) dès que la relation devient trop réelle. Le travail consiste à réconcilier ton image et ta vulnérabilité. Intégré, tu deviens capable d'intimité vraie sans performance.",,,,
Intime,"Femme, Homme",Chiron,Ascendant,Aspect,Opposition,"Tu peux chercher un partenaire qui porte la blessure à ta place ou qui te force à regarder la tienne. Non intégré, l'intimité est vécue comme un soin : tu as besoin de te sentir utile pour te sentir proche. Le travail consiste à accepter une relation d'égal à égal où personne n'a besoin d'être ""sauvé"". Intégré, ta capacité à comprendre la souffrance de l'autre devient un don sans sacrifice de toi-même.",,,,
Intime,"Femme, Homme",Chiron,Soleil,Aspect,Conjonction,"Tu as une blessure profonde liée à ta propre importance. Non intégré, tu as tendance à t'effacer ou à croire que tes besoins sont secondaires, cherchant à briller à travers l'autre car tu doutes de ta propre lumière. Le travail consiste à reconnaître ta valeur indépendamment du regard de l'autre. Intégré, tu rayonnes d'une lumière douce, sans besoin de validation extérieure pour exister.",,,,
Intime,"Femme, Homme",Chiron,Soleil,Aspect,Carré,"Tu es en tension entre l'envie de t'affirmer et la peur d'être égoïste. Non intégré, cela crée des oscillations : parfois tu exiges trop, parfois tu ne demandes rien, te sentant coupable dès que tu prends de la place. Le travail consiste à trouver l'équilibre entre tes besoins et ceux de l'autre. Intégré, tu sais prendre ta place sans culpabilité ni excès.",,,,
Intime,"Femme, Homme",Chiron,Soleil,Aspect,Opposition,"Tu peux remettre les clés de ta valeur personnelle à ton partenaire. Non intégré, s'il t'aime tu existes, s'il t'ignore tu t'effondres — chaque regard ou silence est interprété comme un jugement sur ta valeur fondamentale. Le travail consiste à ancrer ton identité en toi-même. Intégré, tu peux recevoir l'amour de l'autre comme un cadeau, pas comme une preuve de ton droit d'exister.",,,,
Intime,"Femme, Homme",Chiron,Lune,Aspect,Conjonction,"Avoir besoin de l'autre est vécu comme une faiblesse ou un danger. Non intégré, tu peux donner énormément de tendresse tout en refusant d'en recevoir, par peur d'être dépendant(e) ou blessé(e). Le travail consiste à accepter ta propre vulnérabilité émotionnelle. Intégré, ton empathie profonde devient une force : tu sais nourrir et te laisser nourrir sans perdre ton centre.",,,,
Intime,"Femme, Homme",Chiron,Lune,Aspect,Carré,"Tu as du mal à croire que la paix émotionnelle est possible. Non intégré, tu es souvent sur le qui-vive dans l'intimité, testant l'autre inconsciemment ou rejetant la consolation par méfiance. Le travail consiste à désarmer ta vigilance et à accueillir la douceur quand elle vient. Intégré, tu deviens capable de repos émotionnel vrai, sans attendre le coup dur.",,,,
Intime,"Femme, Homme",Chiron,Lune,Aspect,Opposition,"Cet aspect crée une tension entre tes besoins émotionnels profonds et ta capacité à les exprimer. Non intégré, tu peux projeter tes manques familiaux sur ton partenaire — exigeant qu'il comble un vide ancien, parfois sans même le formuler. L'intimité oscille entre détachement apparent et attente souterraine. Le travail consiste à apprendre à te nourrir toi-même émotionnellement. Intégré, tu crées une intimité vraie, sans dette affective.",,,,
Intime,"Femme, Homme",Chiron,Venus,Aspect,Conjonction,"Tu peux confondre aimer et souffrir, attirer les ""écorchés vifs"" car leur douleur résonne avec la tienne. Non intégré, tu oublies que tu as le droit d'être aimé(e) pour ta lumière, pas seulement pour ta capacité à soigner. Le travail consiste à distinguer compassion et sacrifice. Intégré, ton charme empreint de mélancolie devient magnétique sans être destructeur — tu sais aimer profondément sans t'y perdre.",,,,
Intime,"Femme, Homme",Chiron,Venus,Aspect,Carré,"C'est l'aspect de la ""belle au bois dormant"" qui s'entoure de ronces : une soif immense d'amour doublée d'une peur égale d'être blessé(e). Non intégré, tu peux saboter les relations qui deviennent trop intimes ou choisir des partenaires indisponibles. Le travail consiste à laisser tomber les protections qui t'isolent. Intégré, tu sais recevoir l'amour sans le fuir ni le saboter.",,,,
Intime,"Femme, Homme",Chiron,Vénus,Aspect,Opposition,"Tu as pu intégrer l'idée que l'amour finit toujours mal ou qu'il faut souffrir pour le mériter. Non intégré, tu soupçonnes toujours une intention cachée derrière la gentillesse, plus à l'aise dans la complexité que dans la simplicité amoureuse. Le travail consiste à accepter que l'amour peut être simple et bon. Intégré, tu goûtes enfin l'intimité légère sans attendre la chute.",,,,
Intime,"Femme, Homme",Chiron,Mars,Aspect,Conjonction,"Tu as du mal à exprimer ta volonté brute — soit tu inhibes tes désirs par peur d'être agressif(ve), soit tu peines à poser tes limites. Non intégré, cela se traduit en intimité par une difficulté à prendre l'initiative ou à dire ""stop"". Le travail consiste à réapprendre que ton désir et ta colère sont des énergies saines. Intégré, tu exprimes ta puissance sans violence ni retenue excessive.",,,,
Intime,"Femme, Homme",Chiron,Mars,Aspect,Carré,"Tu réprimes tes frustrations jusqu'à l'explosion, ou tu retournes ton agressivité contre toi-même. Non intégré, la gestion du conflit dans le couple est douloureuse : tu as peur que la moindre dispute signe la fin. Le travail consiste à apprendre que le conflit sain renforce le lien. Intégré, tu sais exprimer ta colère au bon moment, sans accumulation ni explosion.",,,,
Intime,"Femme, Homme",Chiron,Mars,Aspect,Opposition,"Tu peux vivre l'intimité comme un rapport de force, attirant des partenaires envahissants ou directifs. Non intégré, ta blessure liée à l'impuissance te rend hyper-défensif(ve) même face à la bienveillance. Le travail consiste à distinguer protection légitime et armure permanente. Intégré, tu sais défendre ton territoire sans transformer chaque échange en combat.",,,,
Style,Femme,Lune,Soleil,Aspect,Carré,"Conflit intérieur entre tes besoins émotionnels profonds et ton identité consciente. Tu veux quelque chose mais tu as besoin d'autre chose — cette dualité crée de l'instabilité en amour. Tu peux te sentir déchiré(e). Les partenaires ne comprennent jamais vraiment ce que tu veux. Intégré, tu acceptes ta complexité : ton identité inclut enfin tes besoins.",,,,
Style,Femme,Lune,Soleil,Aspect,Opposition,"Tes besoins émotionnels et ton identité sont en opposition totale. Tu vis une double vie émotionnelle : ce que tu montres VS ce que tu ressens. Les relations deviennent ""je ne te reconnais plus"". Intégré, tu crées un pont entre tes deux polarités — tu deviens entier(ère).",,,,
Style,Femme,Lune,Mercure,Aspect,Carré,"Difficulté à exprimer tes besoins émotionnels avec des mots. Tu ressens mais tu ne sais pas dire. Les disputes viennent du malentendu. Intégré, tu apprends à nommer ce que tu vis sans te trahir.",,,,
Style,Femme,Lune,Mercure,Aspect,Opposition,"Ta tête et ton cœur sont en guerre. Tu oscilles entre sur-analyse froide et débordement émotionnel. Intégré, tu crées un dialogue entre raison et émotion — tu deviens fluide.",,,,
Style,Femme,Lune,Vénus,Aspect,Carré,"Tu aimes d’une manière qui ne correspond pas à tes besoins profonds. Tu donnes ce que tu ne veux pas recevoir. Intégré, tu alignes ta manière d’aimer avec tes vrais besoins.",,,,
Style,Femme,Lune,Vénus,Aspect,Opposition,"Ton style affectif et tes besoins émotionnels sont opposés. Tu attires ce que tu ne peux pas gérer. Intégré, tu inventes un langage d’amour qui te nourrit aussi.",,,,
Style,Femme,Lune,Mars,Aspect,Carré,"Ton désir et tes besoins émotionnels s’affrontent. Tu veux quelqu’un que tes émotions rejettent. Intégré, tu honores à la fois ton feu et ta sécurité.",,,,
Style,Femme,Lune,Mars,Aspect,Opposition,"Ton action et tes besoins sont opposés. Tu agis contre ta sécurité ou tu bloques ton désir. Intégré, tu apprends à désirer ce qui te nourrit vraiment.",,,,
Style,Femme,Lune,Jupiter,Aspect,Carré,"Tu veux expansion et sécurité en même temps et tu les sabotes mutuellement. Tu fuis dès que c’est stable. Intégré, tu deviens libre ET ancré(e).",,,,
Style,Femme,Lune,Jupiter,Aspect,Opposition,"Tu veux le foyer et l’aventure mais tu dois toujours sacrifier l’un. Intégré, tu crées une base stable d’où explorer le monde.",,,,
Style,Femme,Lune,Saturne,Aspect,Carré,"Tu bloques toi-même tes besoins émotionnels. Tu te critiques, tu controles, tu minimises. Intégré, tu légitimes tes besoins — la froideur devient maturité.",,,,
Style,Femme,Lune,Saturne,Aspect,Opposition,"Tu veux fusion mais tu crées distance. Tu veux sécurité mais tu la sabotes. Intégré, tu apprends à recevoir sans honte.",,,,
Style,Femme,Lune,Uranus,Aspect,Carré,"Tu veux sécurité mais tu veux liberté. Tu veux les deux mais tu détruis l'un en cherchant l'autre. Intégré, tu crées une liberté sécurisante.",,,,
Style,Femme,Lune,Uranus,Aspect,Opposition,"Ton besoin d’ancrage et de liberté sont opposés. Tu paniques dès que tu obtiens l’un ou l’autre. Intégré, tu inventes une nouvelle forme de relation plus libre et stable.",,,,
Style,Femme,Lune,Neptune,Aspect,Carré,"Tu te perds dans tes émotions. Tu idéalises. Tu confonds fantasme et réalité. Intégré, tu distingues intuition vraie et projection.",,,,
Style,Femme,Lune,Neptune,Aspect,Opposition,"Tes besoins veulent de la clarté mais ton âme veut se dissoudre. Intégré, tu crées une spiritualité émotionnelle ancrée.",,,,
Style,Femme,Lune,Pluton,Aspect,Carré,"Tu crées de l’intensité pour te sentir vivant(e). Tu sabotes la sécurité car le calme te terrifie. Intégré, la profondeur remplace le chaos.",,,,
Style,Femme,Lune,Pluton,Aspect,Opposition,"Tu veux la paix mais tu recherches l’intensité. Cycle perpétuel de destruction-reconstruction. Intégré, tu transformes sans détruire.",,,,
Style,Femme,Lune,Chiron,Aspect,Carré,"Tes besoins touchent ta blessure fondamentale. Satisfaire tes besoins fait mal. Intégré, la guérison devient possible à travers le lien.",,,,
Style,Femme,Lune,Chiron,Aspect,Opposition,"Ta blessure et tes besoins sont opposés. Tu fuis tes propres besoins. Intégré, tu traverses la blessure pour te nourrir enfin.",,,,
Style,Femme,Lune,Nœud Nord,Aspect,Carré,"Ton évolution s’oppose à ta sécurité. Tu restes dans la zone de confort émotionnelle. Intégré, l’inconfort devient croissance.",,,,
Style,Femme,Lune,Nœud Nord,Aspect,Opposition,"Tes besoins tirent vers ton passé (NS) alors que ton évolution te pousse vers l’inconnu (NN). Intégré, tu choisis la croissance malgré la peur.",,,,
Style,Homme,Lune,Soleil,Aspect,Carré,"Conflit intérieur entre tes besoins émotionnels profonds et ton identité consciente. Tu veux quelque chose mais tu as besoin d'autre chose — cette dualité crée de l'instabilité en amour. Tu peux te sentir déchiré : une partie de toi veut briller et être reconnu, l'autre veut juste être nourri et en sécurité. Non intégré, tu envoies des signaux contradictoires : tu t'affirmes puis tu recules, tu montres de la force puis tu t'effondres. Les partenaires ne comprennent jamais vraiment ce que tu veux. Intégré, tu acceptes ta complexité — tu apprends à honorer à la fois ton besoin de rayonner ET ton besoin d'être accueilli. La contradiction devient richesse.",,,,
Style,Homme,Lune,Soleil,Aspect,Opposition,"Tes besoins émotionnels et ton identité sont en opposition totale. Tu te sens constamment tiraillé : si tu satisfais tes besoins profonds, tu trahis qui tu veux être ; si tu incarnes ton identité, tu ignores ce dont tu as vraiment besoin. En amour, c'est le conflit permanent entre ""ce que je montre"" et ""ce que je ressens"". Non intégré, tu vis une double vie émotionnelle : l'image que tu donnes VS ce que tu vis intérieurement. Les partenaires voient une version de toi qui n'existe pas vraiment. Les ruptures viennent de ""je ne te reconnais plus"". Intégré, tu crées un pont entre tes deux polarités — tu apprends que ton identité peut inclure tes besoins, pas les nier. Tu deviens entier.",,,,
Style,Homme,Lune,Mercure,Aspect,Carré,"Difficulté à exprimer tes besoins émotionnels avec des mots. Tu ressens mais tu ne sais pas dire, ou tu dis mais ce n'est jamais vraiment ce que tu ressens. Il y a un décalage permanent entre ton cœur et ta communication. En amour, tu peux intellectualiser tes émotions au lieu de les vivre, ou sur-analyser ce que tu ressens jusqu'à le tuer. Non intégré, tu crées des malentendus permanents : ""ce n'est pas ce que je voulais dire"". Tu analyses tes sentiments au lieu de les ressentir, ou tu ressens tellement que tu ne peux rien verbaliser. Les disputes naissent de l'incompréhension. Intégré, tu développes un langage pour ton monde intérieur — tu apprends à nommer ce que tu vis sans le dénaturer. La tension devient clarté.",,,,
Style,Homme,Lune,Mercure,Aspect,Opposition,"Ta tête et ton cœur sont en guerre totale. Si tu penses rationnellement, tu ignores tes émotions ; si tu ressens profondément, tu ne peux plus réfléchir. En amour, tu oscilles entre sur-analyse froide et débordement émotionnel muet. Tu ne trouves jamais le juste milieu entre penser et sentir. Non intégré, tu vis soit dans ta tête (coupé de tes émotions) soit dans ton cœur (incapable de raisonner). Les partenaires ne savent jamais quelle version de toi ils vont rencontrer : le rationnel glacé ou l'émotif submergé. Intégré, tu crées un dialogue entre raison et émotion — tu apprends que penser peut nourrir le ressenti, et ressentir peut éclairer la pensée. Tu deviens fluide.",,,,
Style,Homme,Lune,Vénus,Aspect,Carré,"Tu aimes d'une manière qui ne correspond pas à tes besoins profonds. Ce que tu donnes n'est pas ce dont tu as besoin de recevoir. Tu peux montrer ton amour par la légèreté alors que tu as besoin d'intensité, ou offrir de la fusion alors que tu cherches l'indépendance. Cette discordance crée de la frustration permanente. Non intégré, tu te sens toujours insatisfait en amour même quand on t'aime : ""on m'aime mais pas comme j'en ai besoin"". Tu donnes ce que tu ne veux pas recevoir, tu reçois ce qui ne te nourrit pas. Les relations sont un malentendu permanent. Intégré, tu apprends à aligner ta manière d'aimer avec tes vrais besoins — tu demandes ce dont tu as vraiment besoin au lieu de donner par automatisme. L'authenticité remplace la performance.",,,,
Style,Homme,Lune,Vénus,Aspect,Opposition,"Ta façon d'aimer et tes besoins émotionnels sont opposés. Si tu as besoin de fusion, tu aimes en donnant de la liberté ; si tu cherches la légèreté, tu aimes de manière possessive. Cette opposition crée un sabotage permanent : tu attires ce que tu ne peux pas gérer, ou tu repousses ce dont tu as vraiment besoin. Non intégré, tu vis des relations où tu te trahis toi-même : tu donnes ce que tu détestes recevoir, tu fuis ce que tu désires vraiment. Les ruptures viennent souvent de ""je ne peux pas t'aimer comme tu as besoin"". Intégré, tu crées un nouveau langage d'amour qui réconcilie tes deux polarités — tu apprends à aimer d'une manière qui te nourrit aussi. L'amour devient cohérent.",,,,
Style,Homme,Lune,Mars,Aspect,Carré,"Ton désir et tes besoins émotionnels s'affrontent. Tu veux quelqu'un que tes émotions rejettent, ou tu as besoin de quelqu'un que tu ne désires pas. Ton action en amour bouscule ta propre sécurité émotionnelle. Tu peux agir impulsivement puis regretter parce que ça ne correspondait pas à ce dont tu avais vraiment besoin. Non intégré, tu vis une guerre intérieure permanente : ton désir te pousse vers des situations qui t'insécurisent, ou tes besoins te paralysent alors que tu voudrais agir. Les relations sont instables — tu avances, tu recules, personne ne comprend (toi y compris). Intégré, tu apprends à honorer à la fois ton feu et ton besoin de sécurité — tu choisis des partenaires qui excitent ton désir ET nourrissent tes besoins profonds. La passion devient saine.",,,,
Style,Homme,Lune,Mars,Aspect,Opposition,"Ton action et tes besoins sont en opposition totale. Si tu agis selon ton désir, tu trahis tes besoins ; si tu écoutes tes besoins, tu étouffes ton désir. En amour, c'est le conflit permanent entre ""ce que je veux faire"" et ""ce dont j'ai besoin pour me sentir en sécurité"". Tu ne peux jamais satisfaire les deux en même temps. Non intégré, tu vis soit dans l'action impulsive qui te déstabilise émotionnellement, soit dans la passivité qui étouffe ton désir. Les relations sont des champs de bataille intérieurs : tu t'en veux de désirer ce qui te fait mal, ou de fuir ce qui t'attire. Intégré, tu crées un équilibre entre action et sécurité — tu apprends à désirer ce qui te nourrit vraiment, pas ce qui te détruit. La guerre devient danse.",,,,
Style,Homme,Lune,Jupiter,Aspect,Carré,"Tu as besoin de sécurité émotionnelle mais tu cherches constamment l'expansion qui la déstabilise. Ou inversement : tu veux l'aventure mais tu as besoin de la routine. Cette tension crée une insatisfaction permanente — tu te sens à l'étroit quand tu es en sécurité, insécurisé quand tu es libre. En amour, tu promets plus que ce que tu peux tenir émotionnellement. Non intégré, tu vis des relations où tu fuis dès que ça devient stable, ou tu restes mais tu te sens étouffé. Tu sur-promets émotionnellement puis tu te rétractes : ""en fait j'ai besoin d'espace"". Les partenaires te trouvent incohérent, excessif, instable. Intégré, tu crées une sécurité dans l'expansion — tu apprends qu'on peut être libre ET ancré, aventurier ET fiable. L'excès devient richesse contrôlée.",,,,
Style,Homme,Lune,Jupiter,Aspect,Opposition,"Ton besoin de sécurité et ton besoin d'expansion sont opposés. Tu veux tout — l'ancrage ET l'aventure, le foyer ET le voyage — mais tu ne peux jamais avoir les deux. Cette opposition crée une frustration permanente : quoi que tu choisisses, tu trahis l'autre partie de toi. Non intégré, tu vis des allers-retours épuisants : tu t'engages puis tu fuis, tu explores puis tu te recroquevilles dans ta coquille. Les partenaires ne savent jamais si tu restes ou si tu pars. Les ruptures viennent de ""tu ne sais pas ce que tu veux"". Intégré, tu choisis des partenaires avec qui l'expansion ET l'ancrage sont possibles — vous créez une base stable d'où vous explorez le monde ensemble. Les opposés se complètent.",,,,
Style,Homme,Lune,Saturne,Aspect,Carré,"Tu as besoin de chaleur émotionnelle mais tu te bloques toi-même, tu te critiques, tu contrôles tes propres émotions. Il y a une voix froide en toi qui minimise tes besoins : ""arrête d'être si sensible"", ""tu en demandes trop"". En amour, tu as du mal à demander, à recevoir, à te laisser nourrir — tu te sens coupable d'avoir des besoins. Non intégré, tu te prives toi-même d'amour : tu bloques avant qu'on puisse te blesser, tu minimises tes besoins pour ne pas ""déranger"", tu t'isoles émotionnellement par peur du rejet. Les partenaires te trouvent froid, inaccessible, alors que tu meurs de faim affective intérieurement. Intégré, tu apprends à légitimer tes besoins — tu acceptes que vouloir de la chaleur n'est pas une faiblesse. La froideur devient maturité émotionnelle.",,,,
Style,Homme,Lune,Saturne,Aspect,Opposition,"Ton besoin émotionnel et ta capacité à le satisfaire sont opposés. Tu as besoin de fusion mais tu crées de la distance ; tu cherches la sécurité mais tu la sabottes par peur. Cette opposition crée un mur entre toi et l'amour — plus tu as besoin, moins tu te permets de recevoir. Non intégré, tu vis des relations où tu te sens seul même en couple : tu repousses ce dont tu as besoin par peur, contrôle ou honte. Les partenaires ne peuvent jamais t'atteindre vraiment — tu es émotionnellement blindé. Les ruptures viennent de ""tu ne me laisses jamais entrer"". Intégré, tu démontes le mur pierre par pierre — tu acceptes d'être vulnérable, de demander, de recevoir. La distance devient respect, pas rejet.",,,,
Style,Homme,Lune,Uranus,Aspect,Carré,"Tu as besoin de sécurité émotionnelle mais tu la sabotes par besoin de liberté. Ou inversement : tu veux être libre mais tu as besoin d'ancrage. Cette tension crée une instabilité permanente — tu te sens piégé dès que tu es en sécurité, paniqué dès que tu es libre. En amour, tu es imprévisible : tu changes d'avis, tu disparais, tu réapparais. Non intégré, tu vis des relations chaotiques où personne ne te suit : tu t'engages puis tu fuis, tu demandes de la présence puis tu disparais. Les partenaires ne peuvent jamais compter sur toi émotionnellement. Les ruptures sont brutales, souvent à l'initiative de ta panique soudaine. Intégré, tu crées une liberté sécurisante — tu choisis des formes relationnelles qui respectent ton besoin d'espace ET d'ancrage. Le chaos devient créativité.",,,,
Style,Homme,Lune,Uranus,Aspect,Opposition,"Ton besoin de sécurité et ton besoin de liberté sont en guerre totale. Tu veux l'ancrage mais tu paniques dès que tu l'as ; tu veux l'indépendance mais tu te sens abandonné dès que tu l'obtiens. Cette opposition crée un sabotage permanent : tu détruis ce dont tu as besoin par peur d'être enfermé. Non intégré, tu es incapable de stabilité émotionnelle : plus on te donne de la sécurité, plus tu te rebelles. Plus on te donne de la liberté, plus tu paniques. Les partenaires sont perdus — quoi qu'ils fassent, c'est faux. Intégré, tu inventes une nouvelle forme de sécurité qui inclut la liberté — tu acceptes qu'on peut être ensemble sans se posséder, ancré sans être enfermé. La révolution devient évolution.",,,,
Style,Homme,Lune,Neptune,Aspect,Carré,"Tu as besoin de clarté émotionnelle mais tu te noies toi-même dans l'illusion, l'idéalisation, le flou. Tu ne sais jamais vraiment ce que tu ressens — tout est brumeux, changeant, insaisissable. En amour, tu confonds fantasme et réalité : tu aimes l'idée de quelqu'un plus que la personne réelle. Tu peux te mentir sur tes propres besoins. Non intégré, tu vis des relations basées sur le mensonge à toi-même : tu idéalises, tu fantasmes, tu te sacrifies pour un amour qui n'existe pas. Les réveils sont brutaux : ""ce n'était pas elle que j'aimais, c'était mon imagination"". Tu te sens constamment floué, mais souvent par toi-même. Intégré, tu apprends à ancrer tes émotions dans la réalité — tu développes le discernement entre intuition vraie et projection. La confusion devient compassion.",,,,
Style,Homme,Lune,Neptune,Aspect,Opposition,"Ton besoin de clarté et ta tendance à la dissolution sont opposés. Tu veux savoir ce que tu ressens mais tout se dissout dès que tu essaies de le saisir. Ou inversement : tu veux te laisser porter par l'intuition mais tu as besoin de frontières claires. Cette opposition crée un flou permanent — tu ne sais jamais vraiment où tu en es émotionnellement. Non intégré, tu es perdu dans tes propres émotions : tu ne distingues plus ce qui est toi, ce qui est l'autre, ce qui est fantasme. Les relations sont fusionnelles et toxiques — pas de limites, pas de clarté, juste une noyade à deux. Les ruptures sont floues, sans fin claire. Intégré, tu crées une spiritualité émotionnelle ancrée — tu acceptes le mystère sans perdre ta structure. L'intuition devient sagesse, pas confusion.",,,,
Style,Homme,Lune,Pluton,Aspect,Carré,"Tu as besoin de sécurité émotionnelle mais tu vis constamment dans l'intensité, la crise, la transformation. Tu ne peux pas vivre ""tranquille"" — ton monde émotionnel est toujours en mutation violente. En amour, tu crées (souvent inconsciemment) des drames pour te sentir vivant. Le calme te terrifie plus que la tempête. Non intégré, tu détruis ta propre sécurité par besoin d'intensité : tu sabotes les relations stables, tu crées des crises, tu testes l'autre jusqu'à la rupture. Tu as peur de la paix — elle ressemble à la mort. Les partenaires te trouvent toxique, obsessionnel, destructeur. Intégré, tu apprends que la transformation n'exige pas la destruction — tu peux évoluer sans tout brûler. L'intensité devient profondeur, pas chaos.",,,,
Style,Homme,Lune,Pluton,Aspect,Opposition,"Ton besoin de sécurité et ton besoin de transformation totale sont en guerre. Tu veux la paix mais tu as besoin de l'intensité ; tu cherches la stabilité mais tu ne te sens vivant que dans la crise. Cette opposition crée un cycle perpétuel de destruction-reconstruction — tu construis puis tu détruis, encore et encore. Non intégré, tu vis des relations cataclysmiques : tu attires la sécurité puis tu la détruis par peur de l'ennui, ou tu fuis l'intensité puis tu la cherches désespérément. Les partenaires sont épuisés par tes montagnes russes émotionnelles. Les ruptures sont apocalyptiques. Intégré, tu crées une alchimie entre stabilité et transformation — tu acceptes qu'on peut évoluer sans tout détruire, être profond sans être toxique. La mort devient renaissance consciente.",,,,
Style,Homme,Lune,Chiron,Aspect,Carré,"Ta blessure émotionnelle fondamentale crée un conflit permanent avec tes besoins. Plus tu cherches à satisfaire tes besoins, plus tu touches ta blessure. En amour, tu veux être nourri mais tu ne sais pas recevoir, tu as besoin de sécurité mais tu attires l'insécurité. C'est comme si tes besoins étaient piégés — les satisfaire fait mal. Non intégré, tu sabotes ta propre guérison : tu fuis ce qui pourrait te nourrir parce que ça réactive ta blessure. Les partenaires qui pourraient te guérir te font trop peur. Tu restes dans des relations qui confirment ta blessure : ""tu vois, on ne peut pas compter sur l'amour"". Intégré, tu acceptes que la guérison passe par la blessure — tu choisis des partenaires avec qui tu peux enfin recevoir ce dont tu as besoin, même si ça fait peur au début. La blessure devient sagesse.",,,,
Style,Homme,Lune,Chiron,Aspect,Opposition,"Ta blessure et tes besoins sont en opposition totale. Ce dont tu as besoin réveille exactement ta blessure la plus profonde. Si tu as besoin de fusion, ta blessure est l'abandon ; si tu as besoin d'indépendance, ta blessure est le rejet. Tu ne peux pas gagner — satisfaire tes besoins = souffrir. Non intégré, tu fuis tes propres besoins : mieux vaut ne rien demander que de réveiller la douleur. Tu te coupes de tes émotions, tu deviens insensible, détaché. Les partenaires ne peuvent jamais t'atteindre vraiment — tu es blindé par la peur de souffrir. Intégré, tu acceptes que guérir demande de traverser la blessure — tu choisis des partenaires avec qui tu peux enfin vivre tes besoins malgré la peur. La blessure devient portail de guérison.",,,,
Style,Homme,Lune,Noeud Nord,Aspect,Carré,"Ton chemin d'évolution entre en conflit avec tes besoins émotionnels. Ce que tu dois apprendre en amour va contre ce qui te rassure. Si tu as besoin de fusion, ton chemin est l'indépendance ; si tu cherches la sécurité, ton chemin est le risque. Cette tension crée une frustration : grandir = souffrir. Non intégré, tu restes dans ta zone de confort émotionnelle (Nœud Sud) parce que ton évolution (Nœud Nord) te fait trop peur. Tu choisis toujours les mêmes patterns relationnels même s'ils ne fonctionnent pas — au moins tu connais. Les relations stagnent, tu répètes. Intégré, tu acceptes que grandir soit inconfortable — tu choisis consciemment ton évolution même si ça bouscule tes besoins. La friction devient croissance.",,,,
Style,Homme,Lune,Noeud Nord,Aspect,Opposition,"Tes besoins émotionnels profonds tirent vers ton Nœud Sud (passé, patterns répétitifs) alors que tu dois aller vers ton Nœud Nord (évolution). C'est le conflit ultime : ce qui te rassure = ce qui te limite. Ce qui te fait grandir = ce qui t'insécurise. Tu dois choisir entre confort et évolution. Non intégré, tu es coincé dans tes patterns du Nœud Sud : tu choisis toujours ce qui te rassure émotionnellement même si ça te détruit à long terme. Les mêmes relations, les mêmes erreurs, le même mal-être. Tu sais ce qui serait bon pour toi mais tu ne peux pas le faire — trop effrayant. Intégré, tu fais le grand saut — tu choisis ton évolution malgré la peur, tu acceptes que grandir demande de quitter ta zone de confort émotionnelle. Le sacrifice devient libération.",,,,
Style,"Femme, Homme",Lune,Soleil,Aspect,Conjonction,"Tes besoins émotionnels et ton identité sont fusionnés. Tu ES tes émotions — impossible de séparer ce que tu ressens de qui tu es. En amour, tu ne peux pas faire semblant : si tu te sens mal, tout ton être l'exprime. Ta sensibilité est ton identité. Non intégré, tu peux être submergée par tes émotions au point de ne plus savoir qui tu es sans elles. Tu te définis par ce que tu ressens : ""je suis triste"" devient ""je suis une personne triste"". Les partenaires peuvent te trouver trop émotive, changeante, lunatique. Intégré, tu assumes pleinement ta nature émotionnelle — tu deviens une femme qui honore ses ressentis comme sa boussole. L'émotion devient force, pas faiblesse.",,,,
Style,"Femme, Homme",Lune,Mercure,Aspect,Conjonction,"Ton cœur et ta tête sont fusionnés. Tu penses avec tes émotions et tu ressens avec ta tête. En amour, tu as besoin de communiquer ce que tu vis — parler EST une forme de nourriture émotionnelle. Tu ne peux pas aimer en silence. Non intégré, tu peux sur-intellectualiser tes émotions ou, au contraire, être tellement émotive que tu ne peux plus penser clairement. Tu analyses tes sentiments au lieu de simplement les vivre. Les partenaires doivent tout verbaliser avec toi — le silence est insupportable. Intégré, tu développes une intelligence émotionnelle rare — tu sais mettre des mots justes sur ce que tu vis, tu aides les autres à nommer leurs émotions. La communication devient intimité.",,,,
Style,"Femme, Homme",Lune,Vénus,Aspect,Conjonction,"Ta manière d'aimer et tes besoins émotionnels sont parfaitement alignés. Ce que tu donnes est exactement ce dont tu as besoin de recevoir. En amour, tu es cohérente : tu aimes comme tu veux être aimée. Cette harmonie naturelle crée des relations fluides où tu te sens nourrie par ce que tu offres. Non intégré, tu peux trop donner en pensant que c'est de l'amour, ou devenir dépendante de l'amour pour te sentir en sécurité. Tu confonds ""être aimée"" avec ""exister"". Les partenaires peuvent profiter de ta générosité naturelle. Intégré, tu deviens l'incarnation de l'amour sain — tu donnes depuis ta plénitude, tu reçois avec grâce. Aimer et être nourrie deviennent une seule et même chose.",,,,
Style,"Femme, Homme",Lune,Mars,Aspect,Conjonction,"Ton désir et tes besoins sont alignés. Ce que tu veux et ce dont tu as besoin émotionnellement se rejoignent. En amour, tu agis directement selon tes besoins — pas de conflit interne entre ""je veux"" et ""j'ai besoin"". Tu es dans l'action émotionnelle instinctive. Non intégré, tu peux être impulsive émotionnellement : tu agis sur tes besoins sans réfléchir, tu peux être agressive quand tu te sens insécurisée, ou défendre tes besoins de manière violente. Les partenaires peuvent te trouver trop directe, trop dans la réaction immédiate. Intégré, tu deviens une guerrière émotionnelle — tu défends tes besoins avec clarté et force, tu agis pour ta sécurité émotionnelle sans agressivité. La réactivité devient action juste.",,,,
Style,"Femme, Homme",Lune,Jupiter,Aspect,Conjonction,"Tes besoins émotionnels sont expansifs, généreux, optimistes. Tu as besoin de beaucoup — beaucoup d'amour, beaucoup d'espace, beaucoup de possibilités. En amour, tu cherches l'abondance émotionnelle, la croissance, l'aventure. Tu ne peux pas te contenter de peu. Non intégré, tu peux être excessive dans tes besoins : jamais satisfaite, toujours en quête de plus, incapable de t'ancrer dans ce qui est. Tu idéalises l'amour, tu promets trop, tu t'engages trop vite puis tu fuis. Les partenaires ne peuvent jamais te combler — tu as toujours besoin d'ailleurs. Intégré, tu crées des relations expansives et généreuses — tu nourris et tu es nourrie abondamment. L'excès devient richesse assumée.",,,,
Style,"Femme, Homme",Lune,Saturne,Aspect,Conjonction,"Tes besoins émotionnels sont contrôlés, limités, sérieux. Tu as du mal à lâcher prise émotionnellement, à te laisser nourrir, à faire confiance. En amour, tu te protèges en te privant — mieux vaut ne rien demander que de risquer le rejet. Tu es ta propre autorité émotionnelle froide. Non intégré, tu te coupes de tes besoins par peur, honte ou culpabilité. Tu te sens coupable d'avoir besoin d'amour, tu minimises tes émotions, tu te critiques pour ta sensibilité. Les partenaires ne peuvent jamais t'atteindre vraiment — tu es blindée. Tu te sens seule même en couple. Intégré, tu développes une maturité émotionnelle profonde — tu acceptes tes besoins sans honte, tu construis une sécurité intérieure solide. La froideur devient sagesse.",,,,
Style,"Femme, Homme",Lune,Uranus,Aspect,Conjonction,"Tes besoins émotionnels sont atypiques, changeants, imprévisibles. Tu as besoin de liberté émotionnelle, d'espace, de surprise. En amour, tu ne supportes pas la routine affective — tu as besoin que ça bouge, que ça évolue, que ça te secoue. La sécurité classique t'ennuie ou te panique. Non intégré, tu sabotes toute stabilité émotionnelle : tu fuis dès que ça devient prévisible, tu changes d'avis soudainement, tu disparais sans prévenir. Les partenaires ne peuvent jamais compter sur toi — tu es un électron libre émotionnel. Les ruptures sont brutales, impulsives. Intégré, tu crées une sécurité dans l'instabilité — tu choisis des formes relationnelles qui honorent ton besoin d'espace ET de connexion. La liberté devient engagement conscient.",,,,
Style,"Femme, Homme",Lune,Neptune,Aspect,Conjonction,"Tes besoins émotionnels sont flous, spirituels, fusionnels. Tu as besoin de dissolution des frontières, de connexion d'âme, de mystère. En amour, tu cherches la fusion totale — ne faire qu'un avec l'autre. Les limites claires te semblent froides, artificielles. Non intégré, tu te perds complètement dans l'autre : plus de frontières, plus de ""toi"", juste une fusion toxique. Tu idéalises, tu fantasmes, tu ne vois pas la réalité. Tu te sacrifies pour un amour qui n'existe que dans ta tête. Les réveils sont douloureux — ""ce n'était pas lui, c'était mon imagination"". Intégré, tu crées une spiritualité émotionnelle saine — tu peux fusionner sans te perdre, être intuitive sans être dans l'illusion. La fusion devient communion consciente.",,,,
Style,"Femme, Homme",Lune,Pluton,Aspect,Conjonction,"Tes besoins émotionnels sont intenses, obsessionnels, transformateurs. Tu as besoin de profondeur absolue, de vérité nue, de fusion totale. En amour, tu ne peux pas faire dans la demi-mesure — c'est tout ou rien. Tu veux être transformée par l'amour, mourir et renaître. Non intégré, tu deviens toxique émotionnellement : possessive, jalouse, manipulatrice. Tu as besoin de contrôler pour te sentir en sécurité. Tu crées des crises pour tester l'autre, tu détruis ce que tu aimes par peur de le perdre. Les relations sont des champs de bataille psychologiques. Intégré, tu deviens une alchimiste de l'amour — ta profondeur guérit, ta puissance libère. L'intensité devient transformation sacrée.",,,,
Style,"Femme, Homme",Lune,Chiron,Aspect,Conjonction,"Ta blessure émotionnelle fondamentale est fusionnée avec tes besoins. Tu ne peux pas avoir besoin sans souffrir — les deux sont liés. En amour, demander de l'affection réveille automatiquement ta blessure d'abandon, de rejet, ou de trahison. C'est comme si tes besoins étaient empoisonnés. Non intégré, tu évites complètement tes besoins émotionnels : mieux vaut ne rien demander que de souffrir. Tu deviens froide, détachée, autonome à l'excès. Ou au contraire, tu sur-compenses en devenant la guérisseuse de tout le monde sauf de toi-même. Intégré, tu acceptes que ta blessure soit ta porte d'entrée vers la guérison — tu apprends à recevoir malgré la douleur, à demander malgré la peur. Ta vulnérabilité devient ta plus grande force.",,,,
Style,"Femme, Homme",Lune,Noeud Nord,Aspect,Conjonction,"Ton chemin d'évolution passe par l'écoute de tes besoins émotionnels. Ce dont tu as besoin EST ce que tu dois apprendre. En amour, ton évolution demande de prioriser tes besoins, d'écouter ton ressenti, de te nourrir émotionnellement. C'est ton GPS d'évolution. Non intégré, tu ignores tes besoins par peur, habitude ou conditionnement (Nœud Sud). Tu fais ce qu'on attend de toi au lieu d'écouter ce dont tu as vraiment besoin. Les relations te vident parce que tu ne te nourris jamais. Intégré, tu fais de tes besoins ta boussole — chaque décision amoureuse est filtrée par ""est-ce que ça me nourrit ?"". Tu deviens une femme qui s'honore d'abord. L'égoïsme sain devient évolution.",,,,
Style,"Femme, Homme",Vénus,Soleil,Aspect,Conjonction,"Ton identité et ton cœur ne font qu'un. Avec Vénus conjointe au Soleil, tu es naturellement chaleureux, affectueux, magnétique. L'amour fait partie de qui tu es — ce n'est pas juste un aspect de ta vie, c'est le cœur de ton identité. Tu rayonnes une énergie douce et attractive qui attire naturellement les autres vers toi. Tu aimes avec générosité, créativité, fierté. Pour toi, être en couple c'est briller à deux, créer ensemble, s'admirer mutuellement. Le problème ? Tu peux avoir besoin de validation affective constante pour te sentir exister. Ton estime de toi dépend parfois trop du regard amoureux de l'autre.",,,,
Style,"Femme, Homme",Vénus,Soleil,Aspect,Sextile,"Tu as un talent naturel pour l'harmonie et les relations. Avec Vénus en aspect harmonieux au Soleil, tu dégages une chaleur douce qui met les autres à l'aise. Tu sais créer de la beauté autour de toi, apaiser les conflits, rassembler les gens. En amour, tu es équilibré : tu sais donner sans te perdre, recevoir sans attendre. Tu attires facilement l'amour parce que tu es bien dans ta peau — tu n'as pas besoin de l'autre pour exister, mais tu apprécies la relation pour ce qu'elle apporte. C'est un aspect de grâce relationnelle : l'amour coule naturellement sans effort excessif.",,,,
Style,"Femme, Homme",Vénus,Soleil,Aspect,Trigone,"Tu as un talent naturel pour l'harmonie et les relations. Avec Vénus en aspect harmonieux au Soleil, tu dégages une chaleur douce qui met les autres à l'aise. Tu sais créer de la beauté autour de toi, apaiser les conflits, rassembler les gens. En amour, tu es équilibré : tu sais donner sans te perdre, recevoir sans attendre. Tu attires facilement l'amour parce que tu es bien dans ta peau — tu n'as pas besoin de l'autre pour exister, mais tu apprécies la relation pour ce qu'elle apporte. C'est un aspect de grâce relationnelle : l'amour coule naturellement sans effort excessif.",,,,
Style,"Femme, Homme",Vénus,Soleil,Aspect,Carré,"Il y a une tension entre ce que tu veux (Vénus) et qui tu es (Soleil). Avec Vénus en carré au Soleil, tu peux te sentir tiraillé : d'un côté, tu veux plaire, séduire, être aimé ; de l'autre, tu veux affirmer ton identité, briller seul, être reconnu pour qui tu es. Résultat : soit tu te perds dans le couple en essayant trop de plaire, soit tu imposes ton ego au point d'écraser l'autre. Tu as du mal à trouver l'équilibre entre donner et recevoir, entre te montrer et écouter, entre aimer et être aimé. Tes relations peuvent être marquées par des conflits d'ego, des jalousies, des compétitions subtiles.",,,,
Style,"Femme, Homme",Vénus,Soleil,Aspect,Opposition,"Tu projettes sur l'autre tout ce que tu portes en toi. Avec Vénus en opposition au Soleil, tu cherches dans la relation un miroir : l'autre devient le reflet de tes valeurs, de ton identité, de ce que tu veux incarner. Tu tombes amoureux de personnes qui représentent ce que tu aimerais être ou ce que tu refuses de voir en toi. Tes relations sont intenses, magnétiques, mais déséquilibrées : soit tu t'effaces complètement pour admirer l'autre, soit tu écrases l'autre pour te sentir exister. Il y a toujours cette dynamique de qui brille, qui s'efface, qui domine. Le défi ? Accepter que l'autre n'est pas ton complément mais un individu à part entière.",,,,
Style,"Femme, Homme",Vénus,Lune,Aspect,Conjonction,"Ton cœur et tes émotions sont intimement liés. Avec Vénus conjointe à la Lune, tu aimes avec tout ton être émotionnel. Tu as besoin de sécurité affective, de douceur, de connexion profonde. L'amour pour toi, c'est se sentir chez soi dans les bras de l'autre, être nourri émotionnellement, créer un cocon. Tu es ultra-sensible aux ambiances, aux non-dits, aux émotions de l'autre. Tu donnes beaucoup de tendresse, d'attention, de soins. Le problème ? Tu peux devenir dépendant affectivement, avoir besoin de réassurance constante, confondre amour et maternage (donner ou recevoir). Tes humeurs influencent directement ta capacité à aimer.",,,,
Style,"Femme, Homme",Vénus,Lune,Aspect,Sextile,"Tu as une facilité naturelle à créer des liens affectifs harmonieux. Avec Vénus en aspect doux à la Lune, tu es à l'aise avec tes émotions, capable de les exprimer avec grâce. Tu sais nourrir une relation sans t'y perdre, donner de la tendresse sans devenir étouffant. Tu as un sens inné de ce dont l'autre a besoin émotionnellement. En amour, tu es stable, rassurant, présent. Tu crées facilement une atmosphère de douceur et de sécurité. C'est un aspect très favorable pour les relations durables : tu sais cultiver l'intimité émotionnelle sans drama.",,,,
Style,"Femme, Homme",Vénus,Lune,Aspect,Trigone,"Tu as une facilité naturelle à créer des liens affectifs harmonieux. Avec Vénus en aspect doux à la Lune, tu es à l'aise avec tes émotions, capable de les exprimer avec grâce. Tu sais nourrir une relation sans t'y perdre, donner de la tendresse sans devenir étouffant. Tu as un sens inné de ce dont l'autre a besoin émotionnellement. En amour, tu es stable, rassurant, présent. Tu crées facilement une atmosphère de douceur et de sécurité. C'est un aspect très favorable pour les relations durables : tu sais cultiver l'intimité émotionnelle sans drama.",,,,
Style,"Femme, Homme",Vénus,Lune,Aspect,Carré,"Tes besoins émotionnels et tes désirs amoureux sont en conflit. Avec Vénus en carré à la Lune, tu veux être aimé (Vénus) mais tu as peur de te montrer vulnérable (Lune). Tu as besoin de sécurité émotionnelle, mais tu choisis souvent des relations instables. Tu veux fusionner, mais tu paniques dès que ça devient trop proche. Résultat : des relations en montagnes russes, où tu alternes entre demande excessive d'affection et retrait brusque. Tes humeurs impactent fortement ta capacité à aimer. Tu peux aussi avoir des blessures d'enfance non résolues qui contaminent tes relations adultes.",,,,
Style,"Femme, Homme",Vénus,Lune,Aspect,Opposition,"Tu projettes sur l'autre ton besoin de sécurité émotionnelle. Avec Vénus en opposition à la Lune, tu cherches dans la relation ce que tu n'arrives pas à te donner à toi-même : la stabilité affective, le sentiment d'être chez toi, d'être en sécurité. Tu tombes amoureux de personnes qui incarnent ce que tu as manqué (souvent dans l'enfance) : la douceur, la présence, le maternage. Le problème ? Tu deviens dépendant de l'autre pour te sentir bien. L'autre devient ton refuge, ton cocon, ton parent de substitution. Cette dynamique crée des relations déséquilibrées où l'un nourrit, l'autre reçoit (ou inversement).",,,,
Style,"Femme, Homme",Vénus,Mercure,Aspect,Conjonction,"Ton cœur et ton esprit parlent d'une seule voix. Avec Vénus conjointe à Mercure, tu aimes avec intelligence et légèreté. Pour toi, l'amour passe par la communication, les conversations interminables, les échanges intellectuels. Tu as besoin d'un partenaire avec qui parler, rire, échanger des idées. Tu es charmant, drôle, séduisant par les mots. Tu sais exprimer tes sentiments avec élégance. Le problème ? Tu peux intellectualiser tes émotions au lieu de les vivre pleinement. L'amour reste parfois trop dans la tête, pas assez dans le corps ou le cœur. Tu as aussi tendance à papillonner — la curiosité peut te pousser à multiplier les conquêtes plutôt qu'à approfondir.",,,,
Style,"Femme, Homme",Vénus,Mercure,Aspect,Sextile,"Tu as un talent naturel pour exprimer tes sentiments et créer du lien par les mots. Avec Vénus en aspect harmonieux à Mercure, tu es diplomate, charmant, capable de désamorcer les conflits par la communication. Tu sais dire les choses avec tact, complimenter sincèrement, créer une atmosphère légère et agréable. En amour, tu es un excellent communicant : tu sais écouter, exprimer tes besoins, négocier les différences. C'est un aspect très favorable pour les relations harmonieuses où le dialogue nourrit le lien.",,,,
Style,"Femme, Homme",Vénus,Mercure,Aspect,Trigone,"Tu as un talent naturel pour exprimer tes sentiments et créer du lien par les mots. Avec Vénus en aspect harmonieux à Mercure, tu es diplomate, charmant, capable de désamorcer les conflits par la communication. Tu sais dire les choses avec tact, complimenter sincèrement, créer une atmosphère légère et agréable. En amour, tu es un excellent communicant : tu sais écouter, exprimer tes besoins, négocier les différences. C'est un aspect très favorable pour les relations harmonieuses où le dialogue nourrit le lien.",,,,
Style,"Femme, Homme",Vénus,Mars,Aspect,Conjonction,"Ton désir et ton cœur ne font qu'un. Avec Vénus conjointe à Mars, tu es une boule de feu affective et sexuelle. Tu aimes avec passion, intensité, urgence. Pour toi, pas de séparation entre sentiment et désir — quand tu aimes, tu veux, et quand tu veux, tu aimes. Tu es direct, fougueux, incapable de jouer des jeux de séduction compliqués. Tu fonces, tu conquiers, tu te donnes à fond. C'est magnétique, excitant, vivant. Le problème ? Tu peux confondre amour et passion physique. Tu brûles vite, tu t'enflammes facilement, mais tu peux aussi te lasser rapidement. Tu as besoin d'action, de renouveau constant. Les relations paisibles t'ennuient.",,,,
Style,"Femme, Homme",Vénus,Mars,Aspect,Sextile,"Tu as un équilibre naturel entre tendresse et désir. Avec Vénus en aspect harmonieux à Mars, tu sais mêler romantisme et passion, douceur et ardeur. Tu es attirant sans être agressif, passionné sans être étouffant. Tu sais prendre des initiatives en amour tout en restant à l'écoute de l'autre. C'est un aspect très favorable pour la vie amoureuse : tu as du désir, de l'énergie, de la vitalité, mais tu sais aussi créer de la tendresse et de l'harmonie. Tu attires facilement parce que tu dégages une énergie à la fois chaude et douce.",,,,
Style,"Femme, Homme",Vénus,Mars,Aspect,Trigone,"Tu as un équilibre naturel entre tendresse et désir. Avec Vénus en aspect harmonieux à Mars, tu sais mêler romantisme et passion, douceur et ardeur. Tu es attirant sans être agressif, passionné sans être étouffant. Tu sais prendre des initiatives en amour tout en restant à l'écoute de l'autre. C'est un aspect très favorable pour la vie amoureuse : tu as du désir, de l'énergie, de la vitalité, mais tu sais aussi créer de la tendresse et de l'harmonie. Tu attires facilement parce que tu dégages une énergie à la fois chaude et douce.",,,,
Style,"Femme, Homme",Vénus,Mars,Aspect,Carré,"Ton cœur et ton désir sont en guerre. Avec Vénus en carré à Mars, tu veux de la douceur mais tu attires le conflit, tu cherches l'harmonie mais tu provoques la tension. Tu es attiré par ce qui te met en danger, par les relations compliquées, par les personnes qui te font vibrer autant qu'elles te frustrent. Tes relations sont souvent marquées par des conflits sexuels : soit tu en veux trop, soit pas assez ; soit tu es frustré, soit tu frustres l'autre. Il y a toujours cette dynamique de push and pull, d'attraction et de rejet. Tu aimes l'intensité mais tu souffres de la violence qu'elle génère. Le défi ? Apprendre à canaliser cette énergie explosive sans détruire la relation.",,,,
Style,"Femme, Homme",Vénus,Mars,Aspect,Opposition,"Tu projettes sur l'autre toute ta puissance désirante. Avec Vénus en opposition à Mars, tu cherches dans la relation quelqu'un qui incarne ce que tu n'assumes pas : soit la douceur (si tu es trop Mars), soit la force (si tu es trop Vénus). Tu tombes amoureux de ton opposé : si tu es tendre, tu veux le guerrier ; si tu es combatif, tu veux la douceur. Mais cette projection crée des déséquilibres : l'un attaque, l'autre fuit ; l'un désire, l'autre se retient. Tes relations sont marquées par des tensions sexuelles, des jeux de pouvoir, des rivalités. Le défi ? Intégrer en toi les deux énergies — la douceur ET la force — plutôt que de les jouer dans la relation.",,,,
Style,"Femme, Homme",Vénus,Jupiter,Aspect,Conjonction,"Ton amour est XXL. Avec Vénus conjointe à Jupiter, tu aimes en grand, avec générosité, optimisme, abondance. Pour toi, l'amour doit être une fête, une aventure joyeuse, une expansion. Tu es romantique, idéaliste, convaincu que l'amour peut tout. Tu donnes sans compter, tu vois le meilleur chez l'autre, tu crées une atmosphère de joie et de légèreté. C'est magnifique... jusqu'à ce que tu réalises que tu as trop donné, trop promis, trop idéalisé. Tu peux aussi tomber dans l'excès : trop de relations, trop de libertés, trop d'attentes. L'amour devient un terrain de plaisirs multiples mais pas toujours profonds. Le défi ? Apprendre à aimer dans la justesse, sans perdre ta générosité.",,,,
Style,"Femme, Homme",Vénus,Jupiter,Aspect,Sextile,"Tu as une chance naturelle en amour. Avec Vénus en aspect harmonieux à Jupiter, tu attires facilement l'amour, la générosité, les belles rencontres. Tu es optimiste, jovial, tu vois le meilleur chez les autres. Tu sais créer des relations joyeuses, légères, enrichissantes. Tu donnes sans calcul et tu reçois en abondance. C'est un aspect très favorable pour les relations harmonieuses et durables : tu sais nourrir l'amour par la joie, le rire, l'aventure partagée. Tu es loyal, généreux, et tu attires des partenaires qui te le rendent bien.",,,,
Style,"Femme, Homme",Vénus,Jupiter,Aspect,Trigone,"Tu as une chance naturelle en amour. Avec Vénus en aspect harmonieux à Jupiter, tu attires facilement l'amour, la générosité, les belles rencontres. Tu es optimiste, jovial, tu vois le meilleur chez les autres. Tu sais créer des relations joyeuses, légères, enrichissantes. Tu donnes sans calcul et tu reçois en abondance. C'est un aspect très favorable pour les relations harmonieuses et durables : tu sais nourrir l'amour par la joie, le rire, l'aventure partagée. Tu es loyal, généreux, et tu attires des partenaires qui te le rendent bien.",,,,
Style,"Femme, Homme",Vénus,Jupiter,Aspect,Carré,"Ton amour manque de mesure. Avec Vénus en carré à Jupiter, tu veux tout, tout de suite, en trop grande quantité. Tu idéalises l'amour au point de te déconnecter de la réalité. Tu promets plus que tu ne peux tenir, tu donnes plus que tu n'as, tu attends plus que ce qui est raisonnable. Résultat : des déceptions, des excès, des relations qui démarrent en fanfare et s'écroulent dans la désillusion. Tu peux aussi avoir du mal à t'engager vraiment — tu veux la liberté, l'aventure, la multiplicité, et l'engagement te semble une prison. Ou à l'inverse, tu t'engages trop vite, aveuglé par ton optimisme, et tu te retrouves coincé dans une relation qui ne te correspond pas.",,,,
Style ,"Femme, Homme",Vénus,Jupiter,Aspect,Opposition,"Ton cœur bat au rythme de la démesure. Quand tu aimes, c'est avec un grand A — trop généreux, trop optimiste, trop confiant. Tu transformes chaque relation en aventure épique, cherchant à tout prix l'expansion, la joie, l'abondance affective. Le problème ? Tu idéalises facilement, tu promets plus que tu ne peux tenir, et tu peux te perdre dans l'excès : trop de sorties, trop de cadeaux, trop d'attentes. L'amour devient alors une fête permanente... jusqu'à l'indigestion émotionnelle. Tu as besoin d'apprendre à aimer dans la justesse, sans fuir la réalité par l'optimisme béat.",,,,
Style ,"Femme, Homme",Vénus,Neptune,Aspect,Sextile,"Tu es un poète de l'amour. Ton cœur vibre à la fréquence de l'invisible, du rêve, de la beauté transcendante. Quand tu aimes, c'est avec cette douceur éthérée qui dissout les frontières entre toi et l'autre. Tu cherches la fusion, le romantisme absolu, les regards qui en disent plus que les mots. La musique, l'art, la spiritualité nourrissent ton âme amoureuse. Avec cet aspect harmonieux (sextile ou trigone), tu as le don d'apporter de la magie dans tes relations — cette capacité à créer une atmosphère envoûtante, à voir l'âme de l'autre au-delà des apparences. Tu es empathique, sensible aux émotions subtiles, capable d'aimer de manière désintéressée. Mais attention : même en aspect harmonieux, Neptune peut t'inviter à l'idéalisation. Assure-toi de ne pas perdre pied dans le rêve.",,,,
Style ,"Femme, Homme",Vénus,Neptune,Aspect,Trigone,"Tu es un poète de l'amour. Ton cœur vibre à la fréquence de l'invisible, du rêve, de la beauté transcendante. Quand tu aimes, c'est avec cette douceur éthérée qui dissout les frontières entre toi et l'autre. Tu cherches la fusion, le romantisme absolu, les regards qui en disent plus que les mots. La musique, l'art, la spiritualité nourrissent ton âme amoureuse. Avec cet aspect harmonieux (sextile ou trigone), tu as le don d'apporter de la magie dans tes relations — cette capacité à créer une atmosphère envoûtante, à voir l'âme de l'autre au-delà des apparences. Tu es empathique, sensible aux émotions subtiles, capable d'aimer de manière désintéressée. Mais attention : même en aspect harmonieux, Neptune peut t'inviter à l'idéalisation. Assure-toi de ne pas perdre pied dans le rêve.",,,,
Style ,"Femme, Homme",Vénus,Neptune,Aspect,Opposition,"Attention : amour en mode brouillard total. Avec Vénus en opposition à Neptune, tu tombes amoureux de l'idée de l'amour plus que de la personne réelle. Tu projettes sur l'autre tout ce que tu veux voir — le sauveur, l'âme sœur, le prince ou la princesse parfaite — et tu te réveilles brutalement quand la réalité te rattrape. Tu es ultra-sensible, empathique jusqu'à te perdre dans l'autre, sacrifiant tes propres besoins pour maintenir l'illusion. Le problème ? Tu attires (ou tu es attiré par) des relations floues, des gens indisponibles émotionnellement, des situations où tu ne sais jamais vraiment où tu en es. Tu peux aussi fuir dans le rêve, refusant de voir les signaux d'alarme. L'amour devient une échappatoire plutôt qu'une réalité partagée.",,,,
Style ,"Femme, Homme",Vénus,Neptune,Aspect,Carré,"Tu idéalises l’amour au point de ne plus voir la réalité. Avec Vénus carré Neptune, tu projettes énormément sur les relations : tu tombes amoureux d’un fantasme, d’un potentiel ou d’une promesse plus que de la personne réelle. Tu peux vouloir sauver, réparer ou te sacrifier affectivement, attirant parfois des relations floues, impossibles ou émotionnellement indisponibles. Non intégré, cet aspect crée des désillusions répétées, une difficulté à poser des limites et une tendance à confondre amour, compassion et dépendance émotionnelle. Intégré, il donne une immense sensibilité affective, de la douceur, de l’empathie et une capacité rare à aimer profondément sans cynisme",,,,
Style ,"Femme, Homme",Vénus,Pluton,Aspect,Conjonction,"Ton amour ne fait pas dans la demi-mesure. Avec Vénus conjointe à Pluton, tu aimes avec une intensité volcanique — tout ou rien, passion dévorante, fusion totale. Pour toi, l'amour c'est la transformation radicale, la descente aux enfers émotionnels et la renaissance. Tu ne te contentes jamais de la surface : tu veux l'âme nue de l'autre, ses secrets les plus sombres, sa vérité crue. Cette profondeur peut créer des relations magnétiques, inoubliables, où tu vis des émotions d'une puissance rare. Mais attention : tu peux aussi devenir possessif, jaloux, obsédé. Tu as peur de la trahison, peur de perdre le contrôle. L'amour devient un champ de bataille où pouvoir et vulnérabilité se mêlent. Tu dois apprendre à aimer sans posséder, à faire confiance sans tout contrôler, à accepter que l'intensité n'est pas toujours synonyme de santé relationnelle.",,,,
Style ,"Femme, Homme",Vénus,Pluton,Aspect,Carré,"Tes relations sont un terrain de guerre émotionnelle. Avec Vénus en carré à Pluton, l'amour réveille tes zones d'ombre : peur de l'abandon, besoin de contrôle, jalousie viscérale. Tu veux être aimé intensément, mais tu as du mal à faire confiance. Tu testes l'autre, tu provoques des crises pour vérifier la solidité du lien. L'amour devient un lieu de pouvoir où tu oscilles entre dominateur et dominé, entre fusion étouffante et rejet brutal. Tu attires souvent des relations compliquées, toxiques, où se jouent des enjeux de manipulation, de trahison, de dépendance. Mais sous cette intensité se cache une blessure profonde : celle de ne pas se sentir digne d'être aimé tel que tu es. Ta mission ? Transformer ton rapport à l'amour en acceptant ta vulnérabilité sans en faire une arme, en aimant sans posséder.",,,,
Style ,"Femme, Homme",Vénus,Pluton,Aspect,Opposition,"L'amour est ton miroir le plus impitoyable. Avec Vénus en opposition à Pluton, tu projettes sur tes partenaires tout ce que tu refuses de voir en toi : ta rage, ta soif de pouvoir, tes peurs d'abandon. Tu attires (ou tu es attiré par) des relations intenses, magnétiques, mais souvent destructrices. L'autre devient l'incarnation de tes zones d'ombre — et tu entres dans une danse de fascination et de répulsion. Tu peux vivre des histoires passionnelles où tout est extrême : fusion totale ou rupture brutale, amour absolu ou trahison dévastatrice. Le problème ? Tu vois l'autre comme un adversaire autant qu'un amant. Il y a toujours cette question de contrôle, de pouvoir, de qui domine qui. Pour guérir cet aspect, tu dois accepter que l'autre n'est pas responsable de tes blessures. Tu dois reprendre ton pouvoir sans l'utiliser contre l'autre.",,,,
Style ,"Femme, Homme",Vénus,Pluton,Aspect,Sextile,"Tu es capable d'aimer avec intensité sans tomber dans la possession. Tu comprends les zones d'ombre, tu sais créer une connexion profonde qui touche l'essence de l'autre. Tu canalises cette intensité de manière constructive. Tu as une loyauté farouche, tu t'engages pleinement tout en respectant l'autonomie de l'autre. Tu utilises l'amour comme un creuset de transformation mutuelle, sans jeux de pouvoir.",,,,
Style ,"Femme, Homme",Vénus,Pluton,Aspect,Trigone,"Tu es capable d'aimer avec intensité sans tomber dans la possession. Tu comprends les zones d'ombre, tu sais créer une connexion profonde qui touche l'essence de l'autre. Tu canalises cette intensité de manière constructive. Tu as une loyauté farouche, tu t'engages pleinement tout en respectant l'autonomie de l'autre. Tu utilises l'amour comme un creuset de transformation mutuelle, sans jeux de pouvoir.",,,,
Style ,"Femme, Homme",Vénus,Uranus,Aspect,Conjonction,"L'amour version électrique : imprévisible, excitant, déstabilisant. Avec Vénus conjointe à Uranus, tu as besoin de liberté absolue dans tes relations. Tu es attiré par l'originalité, l'inattendu, les rencontres hors normes. Pour toi, l'amour ne doit jamais devenir une routine — il faut de la nouveauté, de la surprise, de l'indépendance. Tu peux tomber amoureux soudainement (coup de foudre) et te désengager tout aussi rapidement si tu te sens étouffé. Tu fuis les conventions, les engagements traditionnels, les relations possessives. Le problème ? Ton besoin de liberté peut ressembler à de la peur de l'intimité. Tu veux être proche... mais pas trop. Tu cherches la connexion... mais avec échappatoire. Il te faut un partenaire qui accepte ton rythme imprévisible et ton besoin d'autonomie.",,,,
Style ,"Femme, Homme",Vénus,Uranus,Aspect,Carré,"Tes relations sont un terrain de tensions entre attachement et liberté. Avec Vénus en carré à Uranus, tu veux être aimé... mais tu paniques dès que ça devient trop proche. Tu cherches la stabilité... mais tu provoques le chaos. Tu es attiré par des relations excitantes, originales, mais elles te mettent dans l'insécurité affective. Résultat : des relations on/off, des ruptures impulsives, des retours inattendus. Tu peux aussi attirer (ou être) le partenaire instable, imprévisible, qui disparaît sans prévenir. Le cœur du problème ? Tu as peur de perdre ton autonomie dans la relation, alors tu sabotes inconsciemment ce que tu construis. Il te faut apprendre à accueillir l'intimité sans fuir, à aimer sans perdre ton identité.",,,,
Style ,"Femme, Homme",Vénus,Uranus,Aspect,Opposition,"Tu cherches l'équilibre impossible entre fusion et liberté. Avec Vénus en opposition à Uranus, tu veux de l'engagement profond... mais avec une porte de sortie. Tu es attiré par des partenaires qui incarnent l'opposé de toi : si tu es stable, tu tombes amoureux du rebelle ; si tu es libre, tu cherches celui qui veut t'attacher. Cette opposition crée des relations en yo-yo : tu t'engages, tu fuis, tu reviens, tu repars. Tes relations sont marquées par des ruptures-réconciliations, des séparations géographiques, des formats atypiques. Le défi ? Accepter que l'autre n'est pas ton ennemi. Tu projettes sur le partenaire ta propre ambivalence entre besoin d'amour et besoin d'autonomie. Il te faut intégrer ces deux besoins en toi plutôt que de les jouer dans la relation.",,,,
Style ,"Femme, Homme",Vénus,Uranus,Aspect,Sextile,"Tu sais concilier amour et liberté, engagement et autonomie. Tu es imprévisible, créatif, hors normes. Tu sais surprendre l'autre, renouveler la relation, éviter la routine. Tu n'as pas peur de l'intimité mais tu refuses qu'elle devienne une prison. Tu attires des relations stimulantes, modernes, où chacun garde son espace.",,,,
Style ,"Femme, Homme",Vénus,Uranus,Aspect,Trigone,"Tu sais concilier amour et liberté, engagement et autonomie. Tu es imprévisible, créatif, hors normes. Tu sais surprendre l'autre, renouveler la relation, éviter la routine. Tu n'as pas peur de l'intimité mais tu refuses qu'elle devienne une prison. Tu attires des relations stimulantes, modernes, où chacun garde son espace.",,,,
Style ,"Femme, Homme",Vénus,Saturne,Aspect,Conjonction,"L'amour version sérieuse : difficile d'accès, mais durable. Avec Vénus conjointe à Saturne, tu n'aimes pas à la légère. Pour toi, l'amour est une construction, un engagement à long terme, une responsabilité. Tu es fidèle, loyal, prêt à traverser les épreuves. Mais cette maturité affective vient souvent avec son lot de blocages : peur de ne pas être assez bien, difficulté à exprimer tes sentiments, retenue émotionnelle. Tu peux te sentir indigne d'amour ou avoir vécu des blessures affectives précoces (froideur parentale, manque d'affection). Résultat : tu te protèges en restant à distance, en contrôlant tes émotions, en choisissant des partenaires sûrs mais peu passionnants. Ton défi ? Apprendre à te laisser aller, à faire confiance, à croire que tu mérites d'être aimé sans devoir tout mériter par le travail et le sacrifice.",,,,
Style ,"Femme, Homme",Vénus,Saturne,Aspect,Carré,"L'amour t'est présenté comme une épreuve. Avec Vénus en carré à Saturne, tu portes une blessure profonde autour de ta légitimité à être aimé. Peut-être as-tu grandi dans un environnement où l'affection était conditionnelle, où il fallait mériter l'amour par la performance, la sagesse, l'obéissance. Résultat : tu ne te sens jamais assez bien, jamais assez désirable. Tu attires (ou tu es attiré par) des relations compliquées, distantes, avec des obstacles — partenaire indisponible, différence d'âge, relation cachée. Tu peux aussi jouer le rôle du renonçant, celui qui sacrifie l'amour pour le devoir, la carrière, les obligations. Le problème ? Plus tu te refuses l'amour, plus tu confirmes ta blessure. Il te faut un travail profond de réconciliation avec ta valeur affective.",,,,
Style ,"Femme, Homme",Vénus,Saturne,Aspect,Opposition,"Tu projettes sur l'autre la lourdeur de Saturne. Avec Vénus en opposition à Saturne, tu cherches dans la relation une structure, une sécurité, mais tu tombes souvent amoureux de personnes qui incarnent la froideur, la distance, la rigidité. L'autre devient le « parent » : celui qui juge, qui critique, qui impose des règles. Ou à l'inverse, c'est toi qui joues ce rôle — le responsable, le sérieux, celui qui ne sait pas s'amuser. Tes relations manquent de légèreté, de spontanéité. Il y a toujours cette sensation d'obligation, de devoir, de poids. Le défi ? Arrêter de chercher un partenaire qui te structure et apprendre à construire ta propre stabilité intérieure. Quand tu seras solide en toi, tu pourras choisir des relations par plaisir et non par besoin de sécurité.",,,,
Style ,"Femme, Homme",Vénus,Saturne,Aspect,Sextile,"Tu as une maturité affective rare. Tu sais que l'amour se construit dans le temps, avec patience, engagement, fidélité. Tu vois la réalité de l'autre avec lucidité et tu choisis de l'aimer quand même. Tu es loyal, fiable, capable de traverser les épreuves. L'amour se prouve dans les actes, pas dans les mots.",,,,
Style ,"Femme, Homme",Vénus,Saturne,Aspect,Trigone,"Tu as une maturité affective rare. Tu sais que l'amour se construit dans le temps, avec patience, engagement, fidélité. Tu vois la réalité de l'autre avec lucidité et tu choisis de l'aimer quand même. Tu es loyal, fiable, capable de traverser les épreuves. L'amour se prouve dans les actes, pas dans les mots.",,,,
Style,"Femme, Homme",Ascendant,Lune,Aspect,Conjonction,"Ta première impression est empreinte d'une sensibilité palpable. Tu dégages une douceur émotionnelle qui met l'autre en confiance immédiatement. En amour, tu abordes les relations avec une authenticité vulnérable où ton monde intérieur transparaît naturellement dans ta présentation sociale.",,,,
Style,"Femme, Homme",Ascendant,Lune,Aspect,Carré,"Ta première impression révèle une certaine tension entre ton besoin de protection et ton désir de connexion. Tu peux sembler sur la défensive ou fluctuant émotionnellement. En amour, tu dois apprendre à ne pas projeter tes insécurités sur l'autre dès les premiers contacts.",,,,
Style,"Femme, Homme",Ascendant,Lune,Aspect,Opposition,Tu abordes l'amour avec une polarité entre ton image publique et tes besoins émotionnels privés. L'autre perçoit cette dualité : tu sembles fort mais as besoin d'être nourri affectivement. Cette tension crée une dynamique où tu cherches constamment l'équilibre entre apparence et authenticité émotionnelle.,,,,
Style,"Femme, Homme",Ascendant,Lune,Aspect,Trigone,"Ta première impression est naturellement chaleureuse et accueillante. Tu dégages une aisance émotionnelle qui rassure. En amour, tu abordes les relations avec une fluidité entre ce que tu montres et ce que tu ressens, créant une authenticité magnétique qui attire les partenaires en quête de connexion sincère.",,,,
Style,"Femme, Homme",Ascendant,Soleil,Aspect,Conjonction,"Ta première impression est puissante et cohérente : ce que tu montres EST ce que tu es. Tu rayonnes une authenticité totale qui ne laisse personne indifférent. En amour, tu attires par cette intégrité absolue entre ton essence et ta présentation, créant des connexions fortes dès les premiers instants.",,,,
Style,"Femme, Homme",Ascendant,Soleil,Aspect,Carré,Tu abordes l'amour avec une friction interne entre ton identité profonde et l'image que tu projettes. L'autre peut percevoir cette tension comme une certaine rigidité ou un besoin de contrôle. Tu dois travailler à intégrer ces deux facettes plutôt que de les opposer dans tes premières rencontres.,,,,
Style,"Femme, Homme",Ascendant,Soleil,Aspect,Opposition,"Ta première impression révèle un écart entre ton essence et ton masque social. En amour, tu attires souvent des partenaires qui reflètent des parties de toi que tu n'assumes pas encore. Cette dynamique miroir te pousse à réconcilier ton identité intérieure avec ta présentation extérieure à travers les relations.",,,,
Style,"Femme, Homme",Ascendant,Soleil,Aspect,Trigone,"Tu dégages une confiance naturelle et une cohérence lumineuse. Ta première impression est celle de quelqu'un qui s'assume pleinement. En amour, tu abordes les relations avec une générosité solaire où ton authenticité et ton charisme se renforcent mutuellement, attirant des partenaires qui reconnaissent ta valeur.",,,,
Style,"Femme, Homme",Ascendant,Mercure,Aspect,Conjonction,"Ta première impression passe par ta communication vive et ton intelligence adaptable. Tu séduis par les mots, l'humour et la curiosité. En amour, tu abordes les relations comme des conversations infinies où l'échange intellectuel est aussi important que l'attraction physique. Tu as besoin de parler pour connecter.",,,,
Style,"Femme, Homme",Ascendant,Mercure,Aspect,Carré,"Tu peux sembler nerveux ou sur-analytique lors des premières rencontres. Ton mental tourne à plein régime et cela peut créer une impression d'agitation. En amour, tu dois apprendre à ne pas intellectualiser chaque interaction et à laisser l'échange se faire naturellement sans tout décortiquer.",,,,
Style,"Femme, Homme",Ascendant,Mercure,Aspect,Opposition,"Ta première impression révèle un décalage entre ce que tu penses et ce que tu montres. En amour, tu attires des partenaires qui te challengent intellectuellement et t'obligent à exprimer tes pensées plus clairement. Cette tension te pousse à développer une communication plus authentique dans tes relations.",,,,
Style,"Femme, Homme",Ascendant,Mercure,Aspect,Trigone,"Tu charmes naturellement par ton aisance verbale et ta capacité à créer du lien par la conversation. Ta première impression est celle de quelqu'un d'intelligent et accessible. En amour, tu abordes les relations avec une légèreté communicative qui détend l'atmosphère et crée une complicité intellectuelle immédiate.",,,,
Style,"Femme, Homme",Ascendant,Vénus,Aspect,Conjonction,"Ta première impression est magnétiquement charmante. Tu dégages une grâce naturelle et un sens de l'esthétique qui attire instantanément. En amour, tu abordes les relations avec une facilité déconcertante : tu sais plaire, séduire, créer de la beauté dans l'interaction. L'amour est ta signature sociale.",,,,
Style,"Femme, Homme",Ascendant,Vénus,Aspect,Carré,"Tu peux sembler hésitant ou trop soucieux de plaire lors des premières rencontres. Ton désir d'harmonie entre en conflit avec ton authenticité. En amour, tu dois apprendre à ne pas sacrifier tes besoins pour être aimé et à accepter que la vraie beauté relationnelle inclut aussi les frictions.",,,,
Style,"Femme, Homme",Ascendant,Vénus,Aspect,Opposition,"Ta première impression révèle une dynamique miroir dans tes relations. Tu projettes ton besoin d'amour sur l'autre et attends qu'il te le reflète. En amour, tu dois apprendre à incarner toi-même les qualités vénusiennes que tu cherches chez l'autre plutôt que de les attendre uniquement en retour.",,,,
Style,"Femme, Homme",Ascendant,Vénus,Aspect,Trigone,"Tu charmes avec une aisance naturelle et une grâce authentique. Ta première impression est douce, harmonieuse et attirante sans effort. En amour, tu abordes les relations avec une fluidité vénusienne où plaisir, beauté et connexion se tissent naturellement. Tu attires l'amour par ce que tu es, pas par ce que tu fais.",,,,
Style,"Femme, Homme",Ascendant,Mars,Aspect,Conjonction,"Ta première impression est énergique et directe. Tu dégages une puissance physique et une assurance qui peuvent intimider ou exciter. En amour, tu abordes les relations avec un courage guerrier : tu prends l'initiative, tu affirmes ton désir, tu ne t'excuses pas d'exister. Cette intensité martiale est ta signature séduction.",,,,
Style,"Femme, Homme",Ascendant,Mars,Aspect,Carré,"Tu peux sembler agressif ou sur la défensive lors des premières rencontres. Ton énergie martiale cherche un exutoire et peut créer des frictions inutiles. En amour, tu dois apprendre à canaliser cette puissance sans écraser l'autre et à transformer la combativité en passion plutôt qu'en conflit.",,,,
Style,"Femme, Homme",Ascendant,Mars,Aspect,Opposition,"Ta première impression révèle une polarisation entre passivité et agressivité. En amour, tu attires souvent des partenaires très affirmés qui te poussent à revendiquer ton propre désir. Cette dynamique miroir t'apprend à intégrer ton Mars plutôt que de le projeter sur l'autre ou de le réprimer.",,,,
Style,"Femme, Homme",Ascendant,Mars,Aspect,Trigone,"Tu dégages une assurance naturelle et une énergie saine. Ta première impression est dynamique sans être agressive, confiante sans être arrogante. En amour, tu abordes les relations avec un courage fluide qui sait prendre l'initiative tout en respectant le rythme de l'autre. Ta virilité/féminité martiale s'exprime harmonieusement.",,,,
Style,"Femme, Homme",Ascendant,Jupiter,Aspect,Conjonction,"Ta première impression est expansive et optimiste. Tu dégages une générosité et un enthousiasme contagieux. En amour, tu abordes les relations avec une foi joyeuse où tout semble possible. Cette ouverture jupitérienne attire les partenaires en quête d'aventure et de croissance, mais attention à ne pas sur-promettre.",,,,
Style,"Femme, Homme",Ascendant,Jupiter,Aspect,Carré,"Tu peux sembler excessif ou trop confiant lors des premières rencontres. Ton optimisme entre en conflit avec la réalité des situations. En amour, tu dois apprendre à ne pas idéaliser chaque connexion et à poser des limites saines plutôt que de t'éparpiller dans des promesses ou projections disproportionnées.",,,,
Style,"Femme, Homme",Ascendant,Jupiter,Aspect,Opposition,"Ta première impression révèle une tension entre expansion et contraction dans tes relations. Tu oscilles entre sur-investissement enthousiaste et retrait prudent. En amour, tu attires des partenaires qui t'enseignent l'équilibre entre générosité et limites, foi et réalisme. Cette polarité t'invite à trouver une expansion mesurée.",,,,
Style,"Femme, Homme",Ascendant,Jupiter,Aspect,Trigone,"Tu charmes par ta bonne humeur naturelle et ta capacité à voir le meilleur en chacun. Ta première impression est chaleureuse, inspirante et confiante. En amour, tu abordes les relations avec une sagesse jupitérienne qui sait être généreuse sans s'épuiser, optimiste sans être naïve. Tu attires la chance relationnelle.",,,,
Style,"Femme, Homme",Ascendant,Saturne,Aspect,Conjonction,"Ta première impression est sérieuse et mature. Tu dégages une gravité et une retenue qui peuvent sembler froides mais inspirent le respect. En amour, tu abordes les relations avec prudence et exigence. Cette rigueur saturnienne filtre les connexions superficielles mais peut aussi bloquer l'ouverture spontanée nécessaire à l'intimité.",,,,
Style,"Femme, Homme",Ascendant,Saturne,Aspect,Carré,"Tu peux sembler rigide ou fermé lors des premières rencontres. Tes peurs saturniennes créent des barrières défensives qui empêchent la connexion naturelle. En amour, tu dois travailler à assouplir tes protections sans perdre tes standards. La vulnérabilité n'est pas une faiblesse mais une force qui permet la vraie intimité.",,,,
Style,"Femme, Homme",Ascendant,Saturne,Aspect,Opposition,"Ta première impression révèle une polarisation entre contrôle et abandon dans tes relations. Tu attires souvent des partenaires très structurés ou au contraire très libres, qui te renvoient à tes propres rigidités. En amour, cette tension t'apprend à construire des relations solides sans t'enfermer dans des schémas limitants.",,,,
Style,"Femme, Homme",Ascendant,Saturne,Aspect,Trigone,"Tu dégages une maturité élégante et une fiabilité rassurante. Ta première impression est celle de quelqu'un de solide, intègre et responsable. En amour, tu abordes les relations avec un sérieux sain qui construit du long terme sans sacrifier le plaisir. Ta sagesse saturnienne attire des partenaires qui cherchent la profondeur et la durabilité.",,,,
Style,"Femme, Homme",Ascendant,Uranus,Aspect,Conjonction,"Ta première impression est électrique et imprévisible. Tu dégages une originalité qui fascine ou déroute. En amour, tu abordes les relations avec une liberté uranienne qui refuse les codes conventionnels. Cette authenticité radicale attire les esprits libres mais peut aussi créer une instabilité qui empêche l'ancrage nécessaire à la durée.",,,,
Style,"Femme, Homme",Ascendant,Uranus,Aspect,Carré,"Tu peux sembler erratique ou trop rebelle lors des premières rencontres. Ton besoin de liberté entre en conflit avec ton désir de connexion. En amour, tu dois apprendre à concilier indépendance et intimité, originalité et stabilité. Ta peur de l'enfermement peut saboter des relations potentiellement nourrissantes.",,,,
Style,"Femme, Homme",Ascendant,Uranus,Aspect,Opposition,"Ta première impression révèle une polarisation entre conformité et rébellion dans tes relations. Tu attires des partenaires très conventionnels ou très marginaux qui te confrontent à tes propres contradictions. En amour, cette tension t'apprend à être authentiquement toi-même sans avoir besoin de choquer ou de te conformer par réaction.",,,,
Style,"Femme, Homme",Ascendant,Uranus,Aspect,Trigone,"Tu charmes par ton individualité assumée et ta capacité à surprendre agréablement. Ta première impression est rafraîchissante, innovante et libre. En amour, tu abordes les relations avec une ouverture uranienne qui sait créer de l'espace pour l'autre tout en préservant ton indépendance. Ta différence devient un atout séduction.",,,,
Style,"Femme, Homme",Ascendant,Neptune,Aspect,Conjonction,"Ta première impression est floue et magnétique. Tu dégages un mystère neptunien qui fascine et intrigue. En amour, tu abordes les relations avec une sensibilité fusionnelle où les frontières se dissolvent facilement. Cette perméabilité crée une intimité poétique mais peut aussi générer de la confusion sur qui tu es vraiment.",,,,
Style,"Femme, Homme",Ascendant,Neptune,Aspect,Carré,"Tu peux sembler insaisissable ou auto-trompeur lors des premières rencontres. Ton idéalisme neptunien crée des illusions sur toi-même et l'autre. En amour, tu dois apprendre à voir la réalité sans perdre ta sensibilité, à aimer l'humain réel plutôt que le fantasme que tu projettes. La désillusion est nécessaire pour l'amour vrai.",,,,
Style,"Femme, Homme",Ascendant,Neptune,Aspect,Opposition,"Ta première impression révèle une polarisation entre idéalisation et déception dans tes relations. Tu attires des partenaires qui incarnent tes rêves puis te confrontent à la réalité. En amour, cette dynamique t'apprend à intégrer ta dimension neptunienne sans te perdre dans l'autre, à être spirituel sans être naïf.",,,,
Style,"Femme, Homme",Ascendant,Neptune,Aspect,Trigone,"Tu charmes par ta douceur mystique et ta capacité à créer de la magie dans l'ordinaire. Ta première impression est poétique, empathique et inspirante. En amour, tu abordes les relations avec une sensibilité neptunienne qui sait fusionner tout en gardant sa lucidité. Ta spiritualité relationnelle attire des âmes en quête de transcendance.",,,,
Style,"Femme, Homme",Ascendant,Pluton,Aspect,Conjonction,"Ta première impression est intensément magnétique et dérangeante. Tu dégages une puissance plutonienne qui attire ou repousse violemment. En amour, tu abordes les relations comme des transformations totales : pas de demi-mesure, pas de superficialité. Cette intensité crée des connexions profondes mais peut aussi effrayer ceux qui ne sont pas prêts.",,,,
Style,"Femme, Homme",Ascendant,Pluton,Aspect,Carré,"Tu peux sembler obsessif ou manipulateur lors des premières rencontres. Ton pouvoir plutonien cherche à contrôler par peur de la vulnérabilité. En amour, tu dois apprendre à lâcher cette emprise et à faire confiance au processus. La vraie puissance n'est pas le contrôle mais l'acceptation de la transformation mutuelle.",,,,
Style,"Femme, Homme",Ascendant,Pluton,Aspect,Opposition,"Ta première impression révèle une polarisation entre pouvoir et impuissance dans tes relations. Tu attires des dynamiques intenses où domination et soumission s'alternent. En amour, cette tension t'apprend à intégrer ta puissance plutonienne sans écraser ni te soumettre, à transformer plutôt que détruire ou être détruit.",,,,
Style,"Femme, Homme",Ascendant,Pluton,Aspect,Trigone,"Tu charmes par ta profondeur psychologique et ta capacité à voir l'ombre sans jugement. Ta première impression est pénétrante, authentique et transformatrice. En amour, tu abordes les relations avec une intensité plutonienne qui sait creuser sans détruire, transformer sans violenter. Ta puissance devient guérison pour l'autre.",,,,
Style,"Femme, Homme",Ascendant,Lune Noire,Aspect,Conjonction,"Ta première impression est magnétiquement dangereuse. Tu dégages une intensité sexuelle et une authenticité brute qui fascinent et dérangent. En amour, tu refuses les masques et les convenances : tu montres ta part sauvage dès le départ, attirant ceux qui osent la vraie rencontre et repoussant les âmes tièdes.",,,,
Style,"Femme, Homme",Ascendant,Lune Noire,Aspect,Carré,"Tu peux sembler provocateur ou rejetant lors des premières rencontres. Ta Lilith entre en conflit avec ton masque social, créant une tension explosive. En amour, tu dois apprendre à intégrer ta part sauvage sans l'utiliser comme arme de sabotage. Ton rejet anticipé de l'autre cache ta peur d'être rejeté pour ce que tu es vraiment.",,,,
Style,"Femme, Homme",Ascendant,Lune Noire,Aspect,Opposition,"Ta première impression révèle une polarisation entre conformité apparente et rébellion intérieure. En amour, tu attires des partenaires qui incarnent ta Lilith refoulée : sexualité assumée, liberté radicale, refus des normes. Cette dynamique miroir t'apprend à réapproprier ta propre puissance transgressive plutôt que de la projeter.",,,,
Style,"Femme, Homme",Ascendant,Lune Noire,Aspect,Trigone,"Tu charmes par ton authenticité sexuelle assumée et ta capacité à être vrai sans choquer gratuitement. Ta première impression intègre naturellement ta part sauvage dans ta présentation sociale. En amour, tu abordes les relations avec une honnêteté crue qui libère l'autre de ses propres masques. Ta Lilith devient pouvoir d'attraction.",,,,
Style,"Femme, Homme",Ascendant,Chiron,Aspect,Conjonction,"Ta première impression porte visiblement ta blessure : une vulnérabilité, un complexe, une différence qui transparaît. En amour, tu abordes les relations avec ta cicatrice à vif. Cette sensibilité chironienne crée paradoxalement une connexion profonde avec ceux qui reconnaissent leur propre blessure dans la tienne. Tu guéris en te montrant blessé.",,,,
Style,"Femme, Homme",Ascendant,Chiron,Aspect,Carré,"Tu peux sembler sur-compensateur ou défensif lors des premières rencontres. Ta blessure chironienne crée une friction douloureuse avec ton image sociale. En amour, tu dois apprendre à ne pas projeter ta honte sur l'autre ni surjouer la perfection pour cacher ta faille. C'est en acceptant ta blessure que tu cesses de la reproduire.",,,,
Style,"Femme, Homme",Ascendant,Chiron,Aspect,Opposition,"Ta première impression cache soigneusement ta blessure mais elle attire systématiquement des partenaires qui la touchent. En amour, tu reproduis sans cesse la même dynamique blessante jusqu'à ce que tu reconnaisses que c'est toi qui portes Chiron. Cette polarité t'apprend que la guérison passe par l'acceptation, pas la projection.",,,,
Style,"Femme, Homme",Ascendant,Chiron,Aspect,Trigone,"Tu dégages une sagesse blessée qui inspire confiance et compréhension. Ta première impression intègre ta vulnérabilité comme une force plutôt qu'une honte. En amour, tu abordes les relations avec une empathie chironienne qui sait accueillir la blessure de l'autre sans la juger. Ta cicatrice devient médecine pour qui te rencontre.",,,,
,,,,,,,,,,
,,,,,,,,,,
,,,,,,,,,,
,,,,,,,,,,
,,,,,,,,,,
,,,,,,,,,,
,,,,,,,,,,
,,,,,,,,,,
,,,,,,,,,,
,,,,,,,,,,
,,,,,,,,,,
,,,,,,,,,,
,,,,,,,,,,
,,,,,,,,,,
,,,,,,,,,,
,,,,,,,,,,
,,,,,,,,,,
,,,,,,,,,,
,,,,,,,,,,
,,,,,,,,,,
,,,,,,,,,,
,,,,,,,,,,
,,,,,,,,,,
,,,,,,,,,,
,,,,,,,,,,
,,,,,,,,,,
,,,,,,,,,,
,,,,,,,,,,
,,,,,,,,,,
,,,,,,,,,,
,,,,,,,,,,
,,,,,,,,,,
,,,,,,,,,,
,,,,,,,,,,
,,,,,,,,,,
,,,,,,,,,,
,,,,,,,,,,
,,,,,,,,,,
,,,,,,,,,,
,,,,,,,,,,
,,,,,,,,,,
,,,,,,,,,,
,,,,,,,,,,
,,,,,,,,,,
,,,,,,,,,,
,,,,,,,,,,
,,,,,,,,,,
,,,,,,,,,,
,,,,,,,,,,
,,,,,,,,,,
,,,,,,,,,,
,,,,,,,,,,
,,,,,,,,,,
,,,,,,,,,,
,,,,,,,,,,
,,,,,,,,,,
,,,,,,,,,,
,,,,,,,,,,
,,,,,,,,,,
,,,,,,,,,,
,,,,,,,,,,
,,,,,,,,,,
,,,,,,,,,,
,,,,,,,,,,
,,,,,,,,,,
,,,,,,,,,,
,,,,,,,,,,
,,,,,,,,,,
,,,,,,,,,,
,,,,,,,,,,
,,,,,,,,,,
,,,,,,,,,,
,,,,,,,,,,
,,,,,,,,,,
,,,,,,,,,,
,,,,,,,,,,
,,,,,,,,,,
,,,,,,,,,,
,,,,,,,,,,
,,,,,,,,,,
,,,,,,,,,,
,,,,,,,,,,
,,,,,,,,,,
,,,,,,,,,,
,,,,,,,,,,
,,,,,,,,,,
,,,,,,,,,,
,,,,,,,,,,
,,,,,,,,,,
,,,,,,,,,,
,,,,,,,,,,
,,,,,,,,,,
,,,,,,,,,,
,,,,,,,,,,
,,,,,,,,,,
,,,,,,,,,,
,,,,,,,,,,
,,,,,,,,,,
,,,,,,,,,,
,,,,,,,,,,
,,,,,,,,,,
,,,,,,,,,,
,,,,,,,,,,
,,,,,,,,,,
,,,,,,,,,,
,,,,,,,,,,
,,,,,,,,,,
,,,,,,,,,,
Partenaire,Homme,Lune,Soleil,Aspect,Carré,"Tu es attiré par des femmes chez qui il y a un conflit entre ce qu'elles montrent (leur identité) et ce qu'elles ressentent (leurs besoins). Elle peut paraître forte mais être fragile intérieurement, ou inversement. Cette dualité te fascine mais crée de l'instabilité. Tu peux chercher une femme dont tu devras ""réparer"" la fracture interne, ou qui oscille entre indépendance et besoin de fusion. Non intégré, tu attires des femmes en conflit avec elles-mêmes, où les besoins émotionnels et l'ego ne s'accordent jamais. Les relations sont marquées par l'incompréhension mutuelle : ""je ne comprends pas ce que tu veux vraiment"". Intégré, tu choisis une femme qui travaille consciemment sur sa cohérence intérieure — la tension devient moteur de croissance, pas destruction.",,,,
Partenaire,Femme,Lune,Soleil,Aspect,Carré,"Tu es attirée par des hommes chez qui il y a un conflit entre ce qu'ils montrent (leur identité) et ce qu'ils ressentent (leurs besoins). Il peut paraître fort mais être fragile intérieurement, ou inversement. Cette dualité te fascine mais crée de l'instabilité. Tu peux chercher un homme dont tu devras ""réparer"" la fracture interne, ou qui oscille entre indépendance et besoin de fusion. Non intégré, tu attires des hommes en conflit avec eux-mêmes, où les besoins émotionnels et l'ego ne s'accordent jamais. Les relations sont marquées par l'incompréhension mutuelle : ""je ne comprends pas ce que tu veux vraiment"". Intégré, tu choisis un homme qui travaille consciemment sur sa cohérence intérieure — la tension devient moteur de croissance, pas destruction.",,,,
Partenaire,Homme,Lune,Soleil,Aspect,Opposition,"Tu es attiré par des femmes qui représentent ton opposé émotionnel total. Si tu as besoin de sécurité, elle sera aventurière ; si tu cherches la stabilité, elle sera changeante. Vous vous attirez comme des aimants mais vivez des besoins contradictoires. La femme idéale incarne ce que tu ne comprends pas émotionnellement — fascinant mais épuisant. Non intégré, tu vis des relations en yo-yo permanent : attraction intense puis rejet, fusion puis distance. Vous ne trouvez jamais le même rythme émotionnel. Les disputes tournent autour de ""tu ne comprends pas ce dont j'ai besoin"". Intégré, tu choisis une femme dont la différence émotionnelle te complète au lieu de te déchirer — vous apprenez l'un de l'autre, créant un équilibre entre vos deux mondes intérieurs.",,,,
Partenaire,Femme,Lune,Soleil,Aspect,Opposition,"Tu es attirée par des hommes qui représentent ton opposé émotionnel total. Si tu as besoin de sécurité, il sera aventurier ; si tu cherches la stabilité, il sera changeant. Vous vous attirez comme des aimants mais vivez des besoins contradictoires. L'homme idéal incarne ce que tu ne comprends pas émotionnellement — fascinant mais épuisant. Non intégré, tu vis des relations en yo-yo permanent : attraction intense puis rejet, fusion puis distance. Vous ne trouvez jamais le même rythme émotionnel. Les disputes tournent autour de ""tu ne comprends pas ce dont j'ai besoin"". Intégré, tu choisis un homme dont la différence émotionnelle te complète au lieu de te déchirer — vous apprenez l'un de l'autre, créant un équilibre entre vos deux mondes intérieurs.",,,,
,,,,,,,,,,
Partenaire,Homme,Lune,Mercure,Aspect,Carré,"Tu es attiré par des femmes avec qui la communication émotionnelle est difficile. Elle intellectualise quand tu ressens, ou elle sur-analyse tes besoins au lieu de les accueillir. Tu peux chercher une femme brillante mentalement mais froide émotionnellement, ou qui parle sans cesse sans vraiment t'écouter. La connexion mentale et émotionnelle ne se synchronise jamais naturellement. Non intégré, tu vis des malentendus permanents : ""ce n'est pas ce que je voulais dire"", ""tu ne m'écoutes pas vraiment"". Elle parle, tu ressens — vous êtes sur deux longueurs d'onde. Les disputes naissent de l'incompréhension : elle veut discuter rationnellement de ce que tu vis émotionnellement. Intégré, tu choisis une femme qui apprend ton langage émotionnel et toi le sien — la tension devient richesse, vous traduisez patiemment entre cœur et tête.",,,,
Partenaire,Femme,Lune,Mercure,Aspect,Carré,"Tu es attirée par des hommes avec qui la communication émotionnelle est difficile. Il intellectualise quand tu ressens, ou il sur-analyse tes besoins au lieu de les accueillir. Tu peux chercher un homme brillant mentalement mais froid émotionnellement, ou qui parle sans cesse sans vraiment t'écouter. La connexion mentale et émotionnelle ne se synchronise jamais naturellement. Non intégré, tu vis des malentendus permanents : ""ce n'est pas ce que je voulais dire"", ""tu ne m'écoutes pas vraiment"". Il parle, tu ressens — vous êtes sur deux longueurs d'onde. Les disputes naissent de l'incompréhension : il veut discuter rationnellement de ce que tu vis émotionnellement. Intégré, tu choisis un homme qui apprend ton langage émotionnel et toi le sien — la tension devient richesse, vous traduisez patiemment entre cœur et tête.",,,,
Partenaire,Homme,Lune,Mercure,Aspect,Opposition,"Tu es attiré par des femmes dont le mode de pensée est l'opposé de ton ressenti. Si tu es émotif et intuitif, elle sera rationnelle et analytique ; si tu as besoin de silence émotionnel, elle voudra tout verbaliser. Cette opposition crée une fascination : elle dit ce que tu ne peux pas formuler, ou tu ressens ce qu'elle ne peut pas penser. Non intégré, vous êtes dans deux univers : toi dans l'émotion, elle dans la logique. Les conflits sont des monologues parallèles — personne ne se rejoint vraiment. Tu te sens incompris : ""elle ne capte pas ce que je vis"", elle te trouve irrationnel. Intégré, tu choisis une femme dont la différence mentale enrichit ta vie émotionnelle — vous créez un pont entre ressenti et réflexion, elle t'aide à nommer ce que tu vis, tu l'aides à sentir ce qu'elle pense.",,,,
Partenaire,Femme,Lune,Mercure,Aspect,Opposition,"Tu es attirée par des hommes dont le mode de pensée est l'opposé de ton ressenti. Si tu es émotive et intuitive, il sera rationnel et analytique ; si tu as besoin de silence émotionnel, il voudra tout verbaliser. Cette opposition crée une fascination : il dit ce que tu ne peux pas formuler, ou tu ressens ce qu'il ne peut pas penser. Non intégré, vous êtes dans deux univers : toi dans l'émotion, lui dans la logique. Les conflits sont des monologues parallèles — personne ne se rejoint vraiment. Tu te sens incomprise : ""il ne capte pas ce que je vis"", il te trouve irrationnelle. Intégré, tu choisis un homme dont la différence mentale enrichit ta vie émotionnelle — vous créez un pont entre ressenti et réflexion, il t'aide à nommer ce que tu vis, tu l'aides à sentir ce qu'il pense.",,,,
,,,,,,,,,,
Partenaire,Homme,Lune,Vénus,Aspect,Carré,"Tu es attiré par des femmes dont la manière d'aimer entre en conflit avec tes besoins émotionnels. Si tu as besoin de fusion, elle montrera son amour par l'indépendance ; si tu cherches la légèreté, elle voudra de l'intensité. Ses gestes d'amour ne correspondent jamais à ce qui te nourrit vraiment. Non intégré, tu te sens constamment mal-aimé même quand elle fait des efforts : ""elle m'aime mais pas comme j'en ai besoin"". Les disputes tournent autour de ""tu ne m'aimes pas vraiment"" alors qu'elle dit t'aimer. Vous parlez des langages d'amour incompatibles. Intégré, tu choisis une femme avec qui vous apprenez mutuellement vos besoins — elle comprend que son amour doit s'ajuster à ce qui te nourrit, et inversement. La tension devient apprentissage.",,,,
Partenaire,Femme,Lune,Vénus,Aspect,Carré,"Tu es attirée par des hommes dont la manière d'aimer entre en conflit avec tes besoins émotionnels. Si tu as besoin de fusion, il montrera son amour par l'indépendance ; si tu cherches la légèreté, il voudra de l'intensité. Ses gestes d'amour ne correspondent jamais à ce qui te nourrit vraiment. Non intégré, tu te sens constamment mal-aimée même quand il fait des efforts : ""il m'aime mais pas comme j'en ai besoin"". Les disputes tournent autour de ""tu ne m'aimes pas vraiment"" alors qu'il dit t'aimer. Vous parlez des langages d'amour incompatibles. Intégré, tu choisis un homme avec qui vous apprenez mutuellement vos besoins — il comprend que son amour doit s'ajuster à ce qui te nourrit, et inversement. La tension devient apprentissage.",,,,
Partenaire,Homme,Lune,Vénus,Aspect,Opposition,"Tu es attiré par des femmes dont la façon d'aimer est totalement opposée à tes besoins. Si tu as besoin de présence, elle exprimera son amour par la liberté ; si tu cherches la passion, elle sera douce et posée. Vous vous attirez par cette différence mais souffrez de cette incompatibilité. Non intégré, c'est la relation ""je t'aime mais on ne se comprend pas"". Vous donnez et recevez l'amour de manières si opposées que personne ne se sent vraiment aimé. Les ruptures viennent souvent de ""on s'aime mais ce n'est pas suffisant"". Intégré, tu choisis une femme avec qui vous créez un langage d'amour hybride — vous apprenez à donner comme l'autre a besoin, pas comme vous aimez naturellement. La différence devient richesse.",,,,
Partenaire,Femme,Lune,Vénus,Aspect,Opposition,"Tu es attirée par des hommes dont la façon d'aimer est totalement opposée à tes besoins. Si tu as besoin de présence, il exprimera son amour par la liberté ; si tu cherches la passion, il sera doux et posé. Vous vous attirez par cette différence mais souffrez de cette incompatibilité. Non intégré, c'est la relation ""je t'aime mais on ne se comprend pas"". Vous donnez et recevez l'amour de manières si opposées que personne ne se sent vraiment aimé. Les ruptures viennent souvent de ""on s'aime mais ce n'est pas suffisant"". Intégré, tu choisis un homme avec qui vous créez un langage d'amour hybride — vous apprenez à donner comme l'autre a besoin, pas comme vous aimez naturellement. La différence devient richesse.",,,,
,,,,,,,,,,
Partenaire,Homme,Lune,Mars,Aspect,Carré,"Tu es attiré par des femmes dont l'énergie et les actions bousculent tes besoins émotionnels. Si tu as besoin de douceur, elle sera directe et brutale ; si tu cherches la stabilité, elle sera impulsive et changeante. Son désir et ton besoin de sécurité s'affrontent. Non intégré, tu vis des relations où tu te sens constamment bousculé émotionnellement : elle agit, tu réagis, personne ne se rejoint. Les disputes sont violentes parce qu'elle attaque (inconsciemment) ce qui te sécurise. Tu peux la trouver ""trop agressive"" ou ""insensible"". Intégré, tu choisis une femme dont l'énergie te sort de ta zone de confort sans te détruire — elle t'apprend à affirmer tes besoins, tu l'aides à doser son intensité. La friction devient croissance.",,,,
Partenaire,Femme,Lune,Mars,Aspect,Carré,"Tu es attirée par des hommes dont l'énergie et les actions bousculent tes besoins émotionnels. Si tu as besoin de douceur, il sera direct et brutal ; si tu cherches la stabilité, il sera impulsif et changeant. Son désir et ton besoin de sécurité s'affrontent. Non intégré, tu vis des relations où tu te sens constamment bousculée émotionnellement : il agit, tu réagis, personne ne se rejoint. Les disputes sont violentes parce qu'il attaque (inconsciemment) ce qui te sécurise. Tu peux le trouver ""trop agressif"" ou ""insensible"". Intégré, tu choisis un homme dont l'énergie te sort de ta zone de confort sans te détruire — il t'apprend à affirmer tes besoins, tu l'aides à doser son intensité. La friction devient croissance.",,,,
Partenaire,Homme,Lune,Mars,Aspect,Opposition,"Tu es attiré par des femmes dont l'action est l'exact opposé de ton besoin émotionnel. Si tu as besoin de calme, elle sera dans l'action permanente ; si tu cherches la passion, elle sera froide et détachée. Vous êtes en polarité totale : elle fait, tu ressens — jamais synchronisés. Non intégré, c'est la guerre permanente : elle agit trop vite pour toi ou pas assez, elle ne prend jamais en compte ton état émotionnel. Les conflits explosent car elle piétine (sans le vouloir) ce dont tu as besoin pour te sentir en sécurité. Intégré, tu choisis une femme qui apprend à ajuster son action à ton rythme émotionnel — vous créez une danse entre faire et ressentir, elle devient ta force d'action, tu deviens son ancrage émotionnel.",,,,
Partenaire,Femme,Lune,Mars,Aspect,Opposition,"Tu es attirée par des hommes dont l'action est l'exact opposé de ton besoin émotionnel. Si tu as besoin de calme, il sera dans l'action permanente ; si tu cherches la passion, il sera froid et détaché. Vous êtes en polarité totale : il fait, tu ressens — jamais synchronisés. Non intégré, c'est la guerre permanente : il agit trop vite pour toi ou pas assez, il ne prend jamais en compte ton état émotionnel. Les conflits explosent car il piétine (sans le vouloir) ce dont tu as besoin pour te sentir en sécurité. Intégré, tu choisis un homme qui apprend à ajuster son action à ton rythme émotionnel — vous créez une danse entre faire et ressentir, il devient ta force d'action, tu deviens son ancrage émotionnel.",,,,
,,,,,,,,,,
Partenaire,Homme,Lune,Jupiter,Aspect,Carré,"Tu es attiré par des femmes excessives, expansives, qui débordent là où tu as besoin de contenance émotionnelle. Si tu cherches la sécurité, elle sera dans l'aventure ; si tu as besoin de stabilité, elle voudra toujours plus, ailleurs, différemment. Son optimisme peut te sembler déconnecté de tes besoins réels. Non intégré, tu te sens étouffé par son expansion ou abandonné par son besoin de liberté. Elle promet beaucoup émotionnellement mais ne tient pas toujours — tu te sens insécurisé par ses excès. Les disputes viennent de ""tu n'es jamais vraiment là pour moi"". Intégré, tu choisis une femme dont l'expansion t'inspire sans te déstabiliser — elle t'aide à sortir de ta coquille émotionnelle, tu l'aides à ancrer sa générosité.",,,,
Partenaire,Femme,Lune,Jupiter,Aspect,Carré,"Tu es attirée par des hommes excessifs, expansifs, qui débordent là où tu as besoin de contenance émotionnelle. Si tu cherches la sécurité, il sera dans l'aventure ; si tu as besoin de stabilité, il voudra toujours plus, ailleurs, différemment. Son optimisme peut te sembler déconnecté de tes besoins réels. Non intégré, tu te sens étouffée par son expansion ou abandonnée par son besoin de liberté. Il promet beaucoup émotionnellement mais ne tient pas toujours — tu te sens insécurisée par ses excès. Les disputes viennent de ""tu n'es jamais vraiment là pour moi"". Intégré, tu choisis un homme dont l'expansion t'inspire sans te déstabiliser — il t'aide à sortir de ta coquille émotionnelle, tu l'aides à ancrer sa générosité.",,,,
Partenaire,Homme,Lune,Jupiter,Aspect,Opposition,"Tu es attiré par des femmes qui incarnent l'excès émotionnel opposé à ton besoin : si tu as besoin de sobriété, elle sera démesurée ; si tu cherches l'expansion, elle sera philosophique et distante. Vous êtes en opposition sur ce qui nourrit : elle a besoin de grand, toi de profond (ou l'inverse). Non intégré, c'est la relation où personne ne trouve sa place émotionnelle. Elle se sent limitée par tes besoins, tu te sens dépassé par son expansion. Les ruptures viennent souvent de ""nous ne voulons pas la même chose dans la vie"". Intégré, tu choisis une femme avec qui vous créez un équilibre entre ancrage et expansion — elle t'ouvre au monde, tu lui donnes une base émotionnelle stable.",,,,
Partenaire,Femme,Lune,Jupiter,Aspect,Opposition,"Tu es attirée par des hommes qui incarnent l'excès émotionnel opposé à ton besoin : si tu as besoin de sobriété, il sera démesuré ; si tu cherches l'expansion, il sera philosophique et distant. Vous êtes en opposition sur ce qui nourrit : il a besoin de grand, toi de profond (ou l'inverse). Non intégré, c'est la relation où personne ne trouve sa place émotionnelle. Il se sent limité par tes besoins, tu te sens dépassée par son expansion. Les ruptures viennent souvent de ""nous ne voulons pas la même chose dans la vie"". Intégré, tu choisis un homme avec qui vous créez un équilibre entre ancrage et expansion — il t'ouvre au monde, tu lui donnes une base émotionnelle stable.",,,,
,,,,,,,,,,
Partenaire,Homme,Lune,Saturne,Aspect,Carré,"Tu es attiré par des femmes froides émotionnellement, distantes, qui bloquent là où tu as besoin de chaleur. Si tu cherches la sécurité, elle sera rigide et contrôlante ; si tu as besoin de liberté émotionnelle, elle imposera des limites. Son sérieux et ta sensibilité ne s'accordent jamais naturellement. Non intégré, tu attires des femmes qui critiquent tes besoins, les minimisent, ou te font sentir ""trop sensible"". Les relations sont froides, tu te sens émotionnellement rejeté ou contrôlé. Elle représente souvent une figure d'autorité froide qui ne te nourrit jamais vraiment. Intégré, tu choisis une femme dont la structure sécurise tes émotions sans les étouffer — elle t'apprend la maturité émotionnelle, tu l'aides à s'assouplir.",,,,
Partenaire,Femme,Lune,Saturne,Aspect,Carré,"Tu es attirée par des hommes froids émotionnellement, distants, qui bloquent là où tu as besoin de chaleur. Si tu cherches la sécurité, il sera rigide et contrôlant ; si tu as besoin de liberté émotionnelle, il imposera des limites. Son sérieux et ta sensibilité ne s'accordent jamais naturellement. Non intégré, tu attires des hommes qui critiquent tes besoins, les minimisent, ou te font sentir ""trop sensible"". Les relations sont froides, tu te sens émotionnellement rejetée ou contrôlée. Il représente souvent une figure d'autorité froide qui ne te nourrit jamais vraiment. Intégré, tu choisis un homme dont la structure sécurise tes émotions sans les étouffer — il t'apprend la maturité émotionnelle, tu l'aides à s'assouplir.",,,,
Partenaire,Homme,Lune,Saturne,Aspect,Opposition,"Tu es attiré par des femmes qui incarnent la froideur émotionnelle totale opposée à ton besoin de chaleur. Si tu as besoin de fusion, elle sera distante et autonome ; si tu cherches la structure, elle sera rigide et inaccessible. Vous êtes en polarité sur la gestion des émotions. Non intégré, c'est la relation du mur émotionnel : elle ne te donne jamais ce dont tu as besoin, tu te sens constamment en manque affectif. Les ruptures viennent souvent de ""elle ne m'a jamais vraiment aimé"" ou ""elle était trop froide"". Intégré, tu choisis une femme dont la solidité structure tes émotions — elle t'apprend à te sécuriser toi-même, tu l'aides à ouvrir son cœur. La distance devient respect, pas rejet.",,,,
Partenaire,Femme,Lune,Saturne,Aspect,Opposition,"Tu es attirée par des hommes qui incarnent la froideur émotionnelle totale opposée à ton besoin de chaleur. Si tu as besoin de fusion, il sera distant et autonome ; si tu cherches la structure, il sera rigide et inaccessible. Vous êtes en polarité sur la gestion des émotions. Non intégré, c'est la relation du mur émotionnel : il ne te donne jamais ce dont tu as besoin, tu te sens constamment en manque affectif. Les ruptures viennent souvent de ""il ne m'a jamais vraiment aimé"" ou ""il était trop froid"". Intégré, tu choisis un homme dont la solidité structure tes émotions — il t'apprend à te sécuriser toi-même, tu l'aides à ouvrir son cœur. La distance devient respect, pas rejet.",,,,
,,,,,,,,,,
Partenaire,Homme,Lune,Uranus,Aspect,Carré,"Tu es attiré par des femmes imprévisibles, changeantes, qui déstabilisent là où tu as besoin de sécurité émotionnelle. Si tu cherches la stabilité, elle sera dans le chaos ; si tu as besoin de routine, elle brisera tous tes repères. Son besoin de liberté entre en conflit avec ton besoin de sécurité. Non intégré, tu vis des relations instables où tu ne sais jamais où tu en es émotionnellement. Elle disparaît, réapparaît, change d'avis — tu te sens en permanence insécurisé. Les ruptures sont brutales, sans prévenir. Intégré, tu choisis une femme dont l'originalité stimule sans détruire — elle t'apprend à lâcher le contrôle émotionnel, tu lui donnes une base sans l'enfermer.",,,,
Partenaire,Femme,Lune,Uranus,Aspect,Carré,"Tu es attirée par des hommes imprévisibles, changeants, qui déstabilisent là où tu as besoin de sécurité émotionnelle. Si tu cherches la stabilité, il sera dans le chaos ; si tu as besoin de routine, il brisera tous tes repères. Son besoin de liberté entre en conflit avec ton besoin de sécurité. Non intégré, tu vis des relations instables où tu ne sais jamais où tu en es émotionnellement. Il disparaît, réapparaît, change d'avis — tu te sens en permanence insécurisée. Les ruptures sont brutales, sans prévenir. Intégré, tu choisis un homme dont l'originalité stimule sans détruire — il t'apprend à lâcher le contrôle émotionnel, tu lui donnes une base sans l'enfermer.",,,,
Partenaire,Homme,Lune,Uranus,Aspect,Opposition,"Tu es attiré par des femmes qui incarnent la liberté totale opposée à ton besoin de sécurité. Si tu as besoin de fusion, elle fuira ; si tu cherches la routine, elle sera dans le changement permanent. Vous êtes en opposition sur la définition même de la sécurité émotionnelle. Non intégré, c'est la relation impossible : plus tu t'accroches, plus elle se détache. Les ruptures sont électriques, soudaines, souvent sans retour. Tu te sens abandonné émotionnellement, elle se sent étouffée. Intégré, tu choisis une femme avec qui vous créez une sécurité dans l'insécurité — vous apprenez qu'on peut être ensemble sans se posséder, libre sans s'abandonner.",,,,
Partenaire,Femme,Lune,Uranus,Aspect,Opposition,"Tu es attirée par des hommes qui incarnent la liberté totale opposée à ton besoin de sécurité. Si tu as besoin de fusion, il fuira ; si tu cherches la routine, il sera dans le changement permanent. Vous êtes en opposition sur la définition même de la sécurité émotionnelle. Non intégré, c'est la relation impossible : plus tu t'accroches, plus il se détache. Les ruptures sont électriques, soudaines, souvent sans retour. Tu te sens abandonnée émotionnellement, il se sent étouffé. Intégré, tu choisis un homme avec qui vous créez une sécurité dans l'insécurité — vous apprenez qu'on peut être ensemble sans se posséder, libre sans s'abandonner.",,,,
,,,,,,,,,,
Partenaire,Homme,Lune,Neptune,Aspect,Carré,"Tu es attiré par des femmes floues, insaisissables, qui dissolvent là où tu as besoin de clarté émotionnelle. Si tu cherches la sécurité, elle sera dans l'illusion ; si tu as besoin de vérité, elle mentira (souvent sans le vouloir). Tu ne sais jamais vraiment qui elle est ni ce qu'elle ressent. Non intégré, tu vis des relations basées sur le fantasme, le mensonge, l'idéalisation. Elle promet, ne tient pas. Tu te sens trahi émotionnellement, manipulé, ou tu la sauves en permanence de son chaos. Les frontières sont floues, la codépendance s'installe. Intégré, tu choisis une femme dont la sensibilité spirituelle enrichit sans noyer — elle t'ouvre à la compassion, tu l'aides à ancrer ses émotions dans la réalité.",,,,
Partenaire,Femme,Lune,Neptune,Aspect,Carré,"Tu es attirée par des hommes flous, insaisissables, qui dissolvent là où tu as besoin de clarté émotionnelle. Si tu cherches la sécurité, il sera dans l'illusion ; si tu as besoin de vérité, il mentira (souvent sans le vouloir). Tu ne sais jamais vraiment qui il est ni ce qu'il ressent. Non intégré, tu vis des relations basées sur le fantasme, le mensonge, l'idéalisation. Il promet, ne tient pas. Tu te sens trahie émotionnellement, manipulée, ou tu le sauves en permanence de son chaos. Les frontières sont floues, la codépendance s'installe. Intégré, tu choisis un homme dont la sensibilité spirituelle enrichit sans noyer — il t'ouvre à la compassion, tu l'aides à ancrer ses émotions dans la réalité.",,,,
Partenaire,Homme,Lune,Neptune,Aspect,Opposition,"Tu es attiré par des femmes qui incarnent la dissolution totale opposée à ton besoin de clarté émotionnelle. Si tu as besoin de frontières, elle sera dans la fusion toxique ; si tu cherches la vérité, elle vivra dans l'illusion. Vous êtes en opposition sur la réalité même de vos émotions. Non intégré, c'est la relation du mensonge émotionnel : ni toi ni elle ne savez vraiment ce que l'autre ressent. Les ruptures viennent souvent de la découverte que tout était fantasme, projection, illusion. Tu te sens floué, elle se sent incomprise. Intégré, tu choisis une femme avec qui vous créez une spiritualité émotionnelle ancrée — vous apprenez à vivre l'intuition sans perdre la réalité, la compassion sans la fusion toxique.",,,,
Partenaire,Femme,Lune,Neptune,Aspect,Opposition,"Tu es attirée par des hommes qui incarnent la dissolution totale opposée à ton besoin de clarté émotionnelle. Si tu as besoin de frontières, il sera dans la fusion toxique ; si tu cherches la vérité, il vivra dans l'illusion. Vous êtes en opposition sur la réalité même de vos émotions. Non intégré, c'est la relation du mensonge émotionnel : ni toi ni lui ne savez vraiment ce que l'autre ressent. Les ruptures viennent souvent de la découverte que tout était fantasme, projection, illusion. Tu te sens flouée, il se sent incompris. Intégré, tu choisis un homme avec qui vous créez une spiritualité émotionnelle ancrée — vous apprenez à vivre l'intuition sans perdre la réalité, la compassion sans la fusion toxique.",,,,
,,,,,,,,,,
Partenaire,Homme,Lune,Pluton,Aspect,Carré,"Tu es attiré par des femmes intenses, obsessionnelles, qui transforment violemment là où tu as besoin de sécurité émotionnelle. Si tu cherches la douceur, elle sera dans le pouvoir ; si tu as besoin de paix, elle créera des crises. Son intensité bouleverse tes besoins fondamentaux de sécurité. Non intégré, tu vis des relations toxiques marquées par la manipulation émotionnelle, la jalousie, le contrôle. Elle veut te posséder ou te transformer de force. Les disputes sont des guerres psychologiques. Tu te sens détruit émotionnellement, vampirisé. Intégré, tu choisis une femme dont la profondeur transforme sans détruire — elle t'aide à affronter tes peurs émotionnelles, tu l'aides à canaliser sa puissance. La crise devient renaissance.",,,,
Partenaire,Femme,Lune,Pluton,Aspect,Carré,"Tu es attirée par des hommes intenses, obsessionnels, qui transforment violemment là où tu as besoin de sécurité émotionnelle. Si tu cherches la douceur, il sera dans le pouvoir ; si tu as besoin de paix, il créera des crises. Son intensité bouleverse tes besoins fondamentaux de sécurité. Non intégré, tu vis des relations toxiques marquées par la manipulation émotionnelle, la jalousie, le contrôle. Il veut te posséder ou te transformer de force. Les disputes sont des guerres psychologiques. Tu te sens détruite émotionnellement, vampirisée. Intégré, tu choisis un homme dont la profondeur transforme sans détruire — il t'aide à affronter tes peurs émotionnelles, tu l'aides à canaliser sa puissance. La crise devient renaissance.",,,,
Partenaire,Homme,Lune,Pluton,Aspect,Opposition,"Tu es attiré par des femmes qui incarnent la destruction-renaissance opposée à ton besoin de sécurité. Si tu as besoin de stabilité, elle sera dans le chaos transformateur ; si tu cherches la paix, elle vivra dans l'intensité permanente. Vous êtes en opposition sur le mode émotionnel : elle veut tout brûler pour renaître, toi tu veux préserver. Non intégré, c'est la relation de la mort émotionnelle : elle détruit ce qui te sécurise, tu bloques sa transformation. Les ruptures sont cataclysmiques, vous vous détruisez mutuellement. Intégré, tu choisis une femme avec qui vous créez une alchimie entre stabilité et transformation — elle t'apprend que la sécurité peut exister dans le changement, tu lui donnes une base pour renaître sans tout détruire.",,,,