BLOC,POLARITÉ,PLANÈTE,TYPE_DONNÉE,VALEUR,INTERPRÉTATION,MOTS_CLÉS,SOURCE,VALIDATION,DATE_MAJ,
Style,"Femme, Homme",Lune,Signe,Bélier,"Tu as besoin d'excitation, de spontanéité et d'indépendance affective. Tu te nourris dans l'action, le mouvement, la nouveauté. Tu veux qu'on te stimule, qu'on te challenge, qu'on te laisse libre. L'amour doit rester vivant, jamais routinier. Tu peux te lasser vite si la relation stagne. Tu te sens sécurisé(e) quand tu peux être toi-même, sans contrainte, sans fusion étouffante.",spontanéité; indépendance; stimulation; impatience,,,,
Style,"Femme, Homme",Lune,Signe,Taureau,"Tu as besoin de stabilité, de sécurité et de plaisirs partagés. Tu te nourris dans la constance, le confort, la sensualité. Tu veux qu'on te rassure par des gestes concrets, des preuves tangibles d'amour. L'affection passe par le toucher, les cadeaux, le temps de qualité. Tu peux être possessif(ve) ou résister au changement. Tu te sens sécurisé(e) dans la répétition, les rituels, la fidélité.",stabilité; sensualité; possession; confort,,,,
Style,"Femme, Homme",Lune,Signe,Gémeaux,"Tu as besoin de communication, de légèreté et de stimulation intellectuelle. Tu te nourris dans l'échange verbal, la curiosité, la variété. Tu veux qu'on te parle, qu'on t'écoute, qu'on te fasse rire. L'amour doit être vivant, jamais lourd ni possessif. Tu peux fuir l'intensité émotionnelle ou papillonner. Tu te sens sécurisé(e) quand tu peux bouger, explorer, rester libre mentalement.",communication; légèreté; curiosité; dispersion,,,,
Style,"Femme, Homme",Lune,Signe,Cancer,"Tu as besoin de sécurité émotionnelle, d'intimité profonde et de protection. Tu te nourris dans le cocon, la douceur, la tendresse maternante. Tu veux qu'on prenne soin de toi, qu'on te comprenne sans mots. L'amour doit être un refuge, un foyer émotionnel. Tu peux être collant(e), craintif(ve) ou sur la défensive. Tu te sens sécurisé(e) quand tu peux être vulnérable sans risque.",sécurité; tendresse; fusion; dépendance,,,,
Style,"Femme, Homme",Lune,Signe,Lion,"Tu as besoin d'admiration, de reconnaissance et de chaleur affective. Tu te nourris dans l'expression créative, la générosité, le jeu. Tu veux qu'on te valorise, qu'on te célèbre, qu'on te montre ton importance. L'amour doit être solaire, joyeux, théâtral. Tu peux être blessé(e) par l'indifférence ou devenir égocentrique. Tu te sens sécurisé(e) quand tu brilles, quand tu te sens spécial(e).", reconnaissance; fierté; générosité; théâtralité,,,,
Style,"Femme, Homme",Lune,Signe,Vierge,"Tu as besoin d'ordre, de fiabilité et de gestes concrets. Tu te nourris dans le service, l'amélioration, les attentions quotidiennes. Tu veux qu'on te prouve l'amour par des actes utiles, pas juste des mots. L'affection doit être sincère, pure, sans grand spectacle. Tu peux trop analyser tes émotions ou douter. Tu te sens sécurisé(e) dans la routine saine, la propreté émotionnelle.",service; analyse; doute; perfectionnisme,,,,
Style,"Femme, Homme",Lune,Signe,Balance,"Tu as besoin d'harmonie, d'équilibre et de beauté relationnelle. Tu te nourris dans le partage, la réciprocité, l'esthétique du lien. Tu veux qu'on soit doux, juste, attentionné. L'amour doit être élégant, sans conflit violent, sans rupture brutale. Tu peux fuir tes propres besoins pour garder la paix. Tu te sens sécurisé(e) dans l'équilibre à deux, dans la connexion paisible.",harmonie; équilibre; indécision; douceur,,,,
Style,"Femme, Homme",Lune,Signe,Scorpion,"Tu as besoin d'intensité, de profondeur et de fusion émotionnelle. Tu te nourris dans la vérité nue, le mystère, la transformation. Tu veux qu'on plonge avec toi dans l'ombre, qu'on soit loyal jusqu'au bout. L'amour doit être absolu, jamais tiède ni superficiel. Tu peux être jaloux(se), méfiant(e) ou obsessionnel(le). Tu te sens sécurisé(e) dans la transparence totale, le lien indéfectible.""",intensité; fusion; jalousie; profondeur,,,,
Style,"Femme, Homme",Lune,Signe,Sagittaire,"Tu as besoin de liberté, d'optimisme et de sens. Tu te nourris dans l'aventure, la découverte, l'expansion. Tu veux qu'on t'inspire, qu'on te fasse grandir, qu'on respecte ton espace. L'amour doit être joyeux, philosophique, sans cage ni lourdeur. Tu peux fuir l'engagement ou blesser par ta franchise. Tu te sens sécurisé(e) quand tu peux voyager, explorer, rester libre.", liberté; optimisme; aventure; fuite,,,,
Style,"Femme, Homme",Lune,Signe,Capricorne,"Tu as besoin de structure, de sérieux et de preuves durables. Tu te nourris dans la stabilité, la responsabilité, la construction à long terme. Tu veux qu'on soit mature, fiable, qu'on construise quelque chose de solide. L'amour doit être respectueux, pas démonstratif. Tu peux être froid(e), distant(e) ou bloquer tes émotions. Tu te sens sécurisé(e) dans l'engagement concret, la durée.""",sérieux; contrôle; froideur; durée,,,,
Style,"Femme, Homme",Lune,Signe,Verseau,"Tu as besoin de liberté, d'originalité et de connexion intellectuelle. Tu te nourris dans l'amitié, l'idéalisme, la vision commune. Tu veux qu'on respecte ton indépendance, qu'on soit authentique et différent. L'amour doit être égalitaire, stimulant, jamais possessif. Tu peux être détaché(e) émotionnellement ou fuir l'intimité. Tu te sens sécurisé(e) dans l'autonomie mutuelle.""",liberté; détachement; originalité; amitié,,,,
Style,"Femme, Homme",Lune,Signe,Poissons,"Tu as besoin de fusion, de compassion et de connexion d'âme. Tu te nourris dans la sensibilité, l'empathie, le rêve partagé. Tu veux qu'on te comprenne intuitivement, qu'on soit doux et spirituel. L'amour doit être mystique, sans frontières, transcendant. Tu peux te perdre dans l'autre, t'oublier ou idéaliser. Tu te sens sécurisé(e) dans la fusion totale, le lien invisible.""",fusion; empathie; sacrifice; idéalisation,,,,
Style,"Femme, Homme",Lune,Maison ,1,"Tu te sens en sécurité quand tu peux bouger, agir, être toi-même sans contrainte. Tu te nourris dans le mouvement, la spontanéité, l'excitation du nouveau. En amour, tu as besoin qu'on te stimule, qu'on te challenge, qu'on respecte ton indépendance. Tu peux te lasser vite si la relation devient routinière ou étouffante - tu veux de l'espace pour exister pleinement, même en couple.",,,,,
Style,"Femme, Homme",Lune,Maison ,2,"Tu te sens en sécurité quand tu as du concret, du tangible, du stable autour de toi. Tu te nourris émotionnellement dans la routine apaisante, les plaisirs simples, la présence physique constante. En amour, les mots ne suffisent pas - tu veux des preuves concrètes, du temps de qualité, des gestes qui se répètent et qui rassurent. Tu peux être possessif(ve) de ce qui te rassure parce que perdre ta sécurité est ta pire angoisse, mais quand tu te sens en terrain stable, tu es la plus généreuse, la plus sensuelle, celle qui offre un cocon de douceur matérielle.",,,,,
Style,"Femme, Homme",Lune,Maison ,3,"Tu te sens en sécurité quand tu peux parler, échanger, comprendre ce qui se passe. Tu te nourris dans la communication constante, la variété, la stimulation mentale. En amour, le silence t'angoisse - tu as besoin de mots, de dialogues, de savoir où vous en êtes à chaque instant. Tu peux papillonner émotionnellement si tu t'ennuies, mais ta vraie sécurité vient de la complicité intellectuelle, du sentiment qu'on se comprend sans se juger.",,,,,
Style,"Femme, Homme",Lune,Maison ,4,"Tu te sens en sécurité dans le cocon, le nid, l'intimité totale avec ceux que tu aimes. Tu te nourris dans la fusion familiale, les racines communes, le sentiment d'appartenance. En amour, tu veux créer un sanctuaire émotionnel où tout est protégé, où on se comprend sans mots. Tu peux devenir possessif(ve) et étouffant(e) parce que ta pire angoisse est l'abandon, mais quand tu es rassuré(e), tu offres une capacité de care et de protection maternelle incomparable.",,,,,
Style,"Femme, Homme",Lune,Maison ,5,"Tu te sens en sécurité quand tu es admiré(e), célébré(e), quand tu peux rayonner émotionnellement. Tu te nourris dans la passion, le jeu amoureux, la romance spectaculaire. En amour, tu as besoin qu'on te courtise, qu'on te fasse sentir spécial(e), qu'on entretienne la magie. Tu peux dramatiser tes émotions pour tester si on t'aime vraiment, mais ta générosité affective est immense quand tu te sens le centre du cœur de l'autre.",,,,,
Style,"Femme, Homme",Lune,Maison ,6,"Tu te sens en sécurité dans l'utilité, le service mutuel, la routine bien huilée du quotidien. Tu te nourris en étant indispensable, en améliorant la vie de l'autre, en créant un quotidien sain et fonctionnel. En amour, tu montres tes sentiments par des gestes concrets, une présence attentive aux détails. Tu peux devenir anxieux(se) et hypercritique si la relation dysfonctionne, mais ta capacité de dévouement et de soin quotidien est ta force quand tu te sens apprécié(e).",,,,,
Style,"Femme, Homme",Lune,Maison ,7,"Tu te sens en sécurité dans le partenariat équilibré, dans le miroir que l'autre te renvoie. Tu te nourris dans l'harmonie relationnelle, la validation mutuelle, la beauté du couple. En amour, tu as besoin de sentir que vous êtes une équipe parfaite, que l'autre te complète, que tout est juste entre vous. Tu peux te perdre dans l'autre pour maintenir la paix, mais ton talent pour créer de l'équilibre et de la diplomatie amoureuse est ta vraie puissance.",,,,,
Style,"Femme, Homme",Lune,Maison ,8,"Tu te sens en sécurité dans l'intensité, la fusion totale, la vérité nue même si elle fait mal. Tu te nourris dans les profondeurs émotionnelles, les crises qui transforment, la mort-renaissance du couple. En amour, tu veux tout ou rien - la superficialité te vide, tu as besoin de pouvoir plonger dans les ombres de l'autre sans peur. Tu peux être possessif(ve), jaloux(se), obsessionnel(le), mais ta capacité de régénération émotionnelle et de loyauté inconditionnelle est ta force quand tu es avec quelqu'un qui accepte tes profondeurs.",,,,,
Style,"Femme, Homme",Lune,Maison ,9,"Tu te sens en sécurité dans le mouvement, l'expansion, la quête de sens qui dépasse le quotidien. Tu te nourris dans l'aventure (physique ou mentale), l'optimisme, la vision d'un horizon plus grand. En amour, tu as besoin d'un compagnon de voyage qui te fait grandir, qui explore avec toi, qui ne t'enferme jamais. Tu peux fuir l'intimité trop lourde pour garder ta liberté, mais ta capacité à apporter de la joie, de la foi et de l'inspiration dans l'amour est ta vraie magie.",,,,,
Style,"Femme, Homme",Lune,Maison ,10,"Tu te sens en sécurité dans la structure, le respect mutuel, la maturité du couple. Tu te nourris quand la relation a un but, une utilité, quand elle construit quelque chose de solide socialement. En amour, tu as besoin de sentir que vous êtes une équipe qui avance, que l'autre t'élève, que le couple est respectable. Tu peux paraître froid(e) ou distant(e) émotionnellement, mais ta loyauté, ton sérieux et ta capacité à construire du durable sont ta vraie force.",,,,,
Style,"Femme, Homme",Lune,Maison ,11,"Tu te sens en sécurité dans la liberté, l'amitié amoureuse, les idéaux partagés plutôt que la fusion. Tu te nourris dans l'ouverture d'esprit, la communauté, les projets qui dépassent le couple. En amour, tu veux un partenaire qui soit aussi ton ami, ton complice intellectuel, qui te laisse ton indépendance. Tu peux paraître détaché(e) émotionnellement, mais ta capacité à aimer sans posséder, à créer une alliance libre et progressiste, est ta vraie puissance.",,,,,
Style,"Femme, Homme",Lune,Maison ,12,"Tu te sens en sécurité dans la fusion spirituelle, la compassion infinie, le lien invisible qui transcende le quotidien. Tu te nourris dans l'indicible, le sacrifice, la dissolution des frontières entre toi et l'autre. En amour, tu peux te perdre complètement, idéaliser jusqu'à la souffrance, porter les blessures de l'autre comme les tiennes. Tu peux être victime ou sauveur, mais ta capacité d'amour inconditionnel et de connexion mystique est ton don le plus précieux quand tu apprends à ne pas t'oublier complètement.",,,,,
Style,Femme,Vénus,Signe,Bélier,"Tu aimes avec impulsivité, passion et indépendance. Ton affection est fougueuse, directe, parfois maladroite. Tu te lances vite mais te lasses aussi rapidement. Tu montres ton amour par l'action, le courage, la spontanéité. Tu peux être égocentrique ou avoir peur de la dépendance affective.",passion; spontanéité; intensité; franchise,,,,
Style,Femme,Vénus,Signe,Taureau,"Tu aimes avec sensualité, fidélité et stabilité. Ton affection est palpable, charnelle, ancrée dans le concret. Tu montres ton amour par le toucher, les plaisirs partagés, la création d'un cadre beau et confortable. Tu prends ton temps pour aimer mais c'est profond et durable. Tu peux être possessif(ve) ou résistant(e) au changement.""",fidélité; sensualité; stabilité; loyauté,,,,
Style,Femme,Vénus,Signe,Gémeaux,"Aime avec curiosité et légèreté. Le lien doit rester vivant, stimulant, jamais enfermant. On a besoin de dialogue, d’humour, d’échange.",communication; humour; légèreté; curiosité,,,,
Style,Femme,Vénus,Signe,Cancer,"Aime avec douceur, profondeur et loyauté. L’amour, c’est un cocon : on donne sans compter, mais on a besoin de se sentir en sécurité.",tendresse; loyauté; attachement; nostalgie,,,,
Style,Femme,Vénus,Signe,Lion,"Aime avec noblesse et cœur. Besoin d’admirer et d’être admirée. On veut un amour lumineux, sincère, qui met en valeur sans dominer.",fierté; loyauté; chaleur; générosité,,,,
Style,Femme,Vénus,Signe,Vierge,"Tu aimes avec pudeur, exigence et dévouement pratique. Ton affection est discrète, analytique, exprimée à travers le service et les gestes concrets. Tu montres ton amour en améliorant, en aidant, en prenant soin. Tu peux trop critiquer, douter de ta valeur ou avoir peur d'être imparfait(e) en amour.",loyauté; service; réalisme; perfectionnisme,,,,
Style,Femme,Vénus,Signe,Balance,"Tu aimes avec élégance, harmonie et équilibre. Ton affection passe par le raffinement, l'esthétique, le désir d'un lien juste et beau. Tu cherches naturellement la paix, le compromis, la réciprocité. Tu montres ton amour par ta présence gracieuse et ton attention à l'autre. Tu peux fuir les conflits ou douter de tes propres désirs.""",harmonie; diplomatie; charme; équilibre,,,,
Style,Femme,Vénus,Signe,Scorpion,"Tu aimes avec intensité, exclusivité et profondeur émotionnelle. Ton affection est magnétique, totale, souvent possessive. Tu ne fais rien à moitié : tu fusionnes ou tu te retires. Tu montres ton amour par ta loyauté absolue et ta capacité à transformer. Tu peux être jaloux(se), méfiant(e) ou obsessionnel(le).""",passion; loyauté; transformation; vérité,,,,
Style,Femme,Vénus,Signe,Sagittaire,"Aime avec liberté et enthousiasme. On cherche un lien qui élève, qui fait grandir. L’amour doit nourrir notre vision du monde.",liberté; aventure; foi; enthousiasme,,,,
Style,Femme,Vénus,Signe,Capricorne,"Aime avec sérieux, patience et fidélité. On ne se livre pas facilement, mais quand on s’engage, c’est pour de vrai.",engagement; stabilité; responsabilité; discrétion,,,,
Style,Femme,Vénus,Signe,Verseau,"Aime avec liberté et originalité. On veut un lien sincère mais non conventionnel, où chacun reste soi.",liberté; amitié; différence; indépendance,,,,
Style,Femme,Vénus,Signe,Poissons,"Tu aimes avec empathie, dévotion et sensibilité spirituelle. Ton affection est sans frontières, fusionnelle, idéalisée. Tu te donnes entièrement, tu ressens l'autre comme toi-même. Tu montres ton amour par ta compassion, ton sacrifice, ta capacité à pardonner. Tu peux te perdre dans l'autre ou aimer ce qui n'existe que dans tes rêves.",compassion; empathie; rêve; fusion,,,,
Style,Homme,Vénus,Signe,Bélier,"Tu aimes avec impulsivité, passion et indépendance. Ton affection est fougueuse, directe, parfois maladroite. Tu te lances vite mais te lasses aussi rapidement. Tu montres ton amour par l'action, le courage, la spontanéité. Tu peux être égocentrique ou avoir peur de la dépendance affective.",passion; spontanéité; intensité; franchise,,,,
Style,Homme,Vénus,Signe,Taureau,"Tu aimes avec sensualité, fidélité et stabilité. Ton affection est palpable, charnelle, ancrée dans le concret. Tu montres ton amour par le toucher, les plaisirs partagés, la création d'un cadre beau et confortable. Tu prends ton temps pour aimer mais c'est profond et durable. Tu peux être possessif(ve) ou résistant(e) au changement.""",fidélité; sensualité; stabilité; loyauté,,,,
Style,Homme,Vénus,Signe,Gémeaux,"Aime avec curiosité et légèreté. Le lien doit rester vivant, stimulant, jamais enfermant. On a besoin de dialogue, d’humour, d’échange.",communication; humour; légèreté; curiosité,,,,
Style,Homme,Vénus,Signe,Cancer,"Aime avec douceur, profondeur et loyauté. L’amour, c’est un cocon : on donne sans compter, mais on a besoin de se sentir en sécurité.",tendresse; loyauté; attachement; nostalgie,,,,
Style,Homme,Vénus,Signe,Lion,"Aime avec noblesse et cœur. Besoin d’admirer et d’être admirée. On veut un amour lumineux, sincère, qui met en valeur sans dominer.",fierté; loyauté; chaleur; générosité,,,,
Style,Homme,Vénus,Signe,Vierge,"Tu aimes avec pudeur, exigence et dévouement pratique. Ton affection est discrète, analytique, exprimée à travers le service et les gestes concrets. Tu montres ton amour en améliorant, en aidant, en prenant soin. Tu peux trop critiquer, douter de ta valeur ou avoir peur d'être imparfait(e) en amour.",loyauté; service; réalisme; perfectionnisme,,,,
Style,Homme,Vénus,Signe,Balance,"Tu aimes avec élégance, harmonie et équilibre. Ton affection passe par le raffinement, l'esthétique, le désir d'un lien juste et beau. Tu cherches naturellement la paix, le compromis, la réciprocité. Tu montres ton amour par ta présence gracieuse et ton attention à l'autre. Tu peux fuir les conflits ou douter de tes propres désirs.""",harmonie; diplomatie; charme; équilibre,,,,
Style,Homme,Vénus,Signe,Scorpion,"Tu aimes avec intensité, exclusivité et profondeur émotionnelle. Ton affection est magnétique, totale, souvent possessive. Tu ne fais rien à moitié : tu fusionnes ou tu te retires. Tu montres ton amour par ta loyauté absolue et ta capacité à transformer. Tu peux être jaloux(se), méfiant(e) ou obsessionnel(le).""",passion; loyauté; transformation; vérité,,,,
Style,Homme,Vénus,Signe,Sagittaire,"Aime avec liberté et enthousiasme. On cherche un lien qui élève, qui fait grandir. L’amour doit nourrir notre vision du monde.",liberté; aventure; foi; enthousiasme,,,,
Style,Homme,Vénus,Signe,Capricorne,"Aime avec sérieux, patience et fidélité. On ne se livre pas facilement, mais quand on s’engage, c’est pour de vrai.",engagement; stabilité; responsabilité; discrétion,,,,
Style,Homme,Vénus,Signe,Verseau,"Aime avec liberté et originalité. On veut un lien sincère mais non conventionnel, où chacun reste soi.",liberté; amitié; différence; indépendance,,,,
Style,Homme,Vénus,Signe,Poissons,"Tu aimes avec empathie, dévotion et sensibilité spirituelle. Ton affection est sans frontières, fusionnelle, idéalisée. Tu te donnes entièrement, tu ressens l'autre comme toi-même. Tu montres ton amour par ta compassion, ton sacrifice, ta capacité à pardonner. Tu peux te perdre dans l'autre ou aimer ce qui n'existe que dans tes rêves.",compassion; empathie; rêve; fusion,,,,
Style,Femme,Vénus,Maison,1,"L’amour fait partie de son identité. Charme naturel, besoin d’être aimé pour se sentir vivant. Capable d’aimanter sans forcer, mais sensible au regard des autres. Favorise la beauté, le charme, la séduction, rend magnétique et attirant. La beauté physique va beaucoup compter. On séduit en étant soi-même, en osant montrer sa personnalité, son charme naturel.",séduction; affirmation; charisme; visibilité,,,,
Style,Femme,Vénus,Maison,2,"Aime construire dans la durée, cherche la stabilité affective et matérielle. L’amour passe par la confiance, les plaisirs simples, les valeurs partagées. Vénus parlera ici de créativité et de sensualité. Charme, côté plantureux, sensualité, on aime profiter de la vie et de ses plaisirs. On aime les belles choses, on est authentique. Besoin de sécurité en amour, on peut se montrer possessif(ve) envers les personnes aimées.",stabilité; loyauté; plaisir; sécurité,,,,
Style,Femme,Vénus,Maison,3,"Aime à travers la communication, le rire, le partage d’idées. L’amour se nourrit du dialogue, de la complicité intellectuelle et de la légèreté.
L'amour est lié à la sphère mentale. On est apprécié(e) dans sa sociabilité, par le groupe d'ami(e)s, l'entourage. Beaucoup de charme quand on échange, on brille par son intelligence.",complicité; échange; curiosité; vivacité,,,,
Style,Femme,Vénus,Maison,4,"Aime profondément, avec loyauté et besoin de sécurité émotionnelle. L’amour, c’est un foyer, une tendresse, une racine. Grand besoin d'amour, forte sensibilité, grand besoin de tendresse et de douceur et une peur parfois de l'abandon...",tendresse; loyauté; foyer; sécurité,,,,
Style,Femme,Vénus,Maison,5,"Aime dans la joie, la créativité, le jeu. L’amour, ici, est un art d’aimer : généreux, expressif, vibrant. On aime briller, être regardé(e), charmer, plaire, séduire, la conquête, les amours, les flirts. Créativité, on aime le beau, se faire beau/belle, côté chaleureux, généreux. Vision de l'amour forte dans cette maison, si mal aspectée, des déceptions sont possibles au cours de la vie.",joie; passion; expression; romance,,,,
Style,Femme,Vénus,Maison,6,"Aime en prenant soin. L’amour s’exprime dans les détails, les gestes quotidiens, l’attention à l’autre. domaine. Ce placement indique l'amour des petits animaux, et le fait d'aimer rendre service aux autres, donner de soi dans l'amour. Attention au côté ""don"" qui peut être fort. Vision de l'amour parfois un peu rigide.",service; loyauté; modestie; constance,,,,
Style,Femme,Vénus,Maison,7,"Aime avec conscience de l’autre. Besoin d’un lien équilibré, clair, réciproque. L’amour devient miroir de soi. on aime tout simplement l'amour, besoin des autres, du couple, pour se sentir bien et sentir un bien être, un équilibre dans sa vie (attention à l'idéalisation de la relation, et au fait de s'y oublier).",équilibre; alliance; miroir; engagement,,,,
Style,Femme,Vénus,Maison,8,"Aime intensément, sans demi-mesure. Besoin de profondeur, de vérité, de fusion émotionnelle. Aura magnétique et irrésistible, mais le rapport à l'amour n'est pas toujours facile, voilé de méfiance et de jalousie parfois...  L'amour est fait de crise, il est intense, le rapport à l'amour doit être transformé.",passion; vérité; transformation; fusion,,,,
Style,Femme,Vénus,Maison,9,"Aime avec liberté, curiosité et foi. Cherche un lien qui ouvre les horizons, qui élève, qui inspire. On idéalise l'amour, parfois un peu trop, on idéalise le féminin, on a besoin de passion, de vibrer, et on a besoin d'admirer pour aimer. Côté excessif, parfois ! rencontre de nouvelles personnes à l'autre bout du monde.",liberté; aventure; philosophie; inspiration,,,,
Style,Femme,Vénus,Maison,10,"Aime dans la maîtrise et la construction. Besoin de respect, de reconnaissance, de vision commune. L'amour est une chose sérieuse, maturité émotionnelle. Charme plus distant, un peu inaccessible. ",respect; ambition; structure; engagement,,,,
Style,Femme,Vénus,Maison,11,"Aime différemment, librement. L’amour se vit comme une amitié forte, un lien basé sur l’échange et la compréhension mutuelle. besoin de se sentir libre et indépendant(e). on charme par son intellect. Vision de l'amour différente, atypique, avec un côté amical. Importance des amitiés féminines.",amitié; liberté; égalité; complicité,,,,
Style,Femme,Vénus,Maison,12,"Aime avec empathie, mystère et profondeur. Besoin d’un lien d’âme, au-delà des mots. L’amour devient refuge, guérison, ou parfois échappatoire. On peut avoir tendance à cacher son charme, qui transparaît pourtant d'une manière sensible, douce, réceptive. Le rapport au féminin et à l'amour n'est pas toujours facile, mais vie intérieure riche : spiritualité, rêve, imagination, démonstrations amoureuses... Tendance fusionnelle.",compassion; secret; rêve; fusion,,,,
Style,Homme,Vénus,Maison,1,"L’amour fait partie de son identité. Charme naturel, besoin d’être aimé pour se sentir vivant. Capable d’aimanter sans forcer, mais sensible au regard des autres. Favorise la beauté, le charme, la séduction, rend magnétique et attirant. La beauté physique va beaucoup compter. On séduit en étant soi-même, en osant montrer sa personnalité, son charme naturel.",séduction; affirmation; charisme; visibilité,,,,
Style,Homme,Vénus,Maison,2,"Aime construire dans la durée, cherche la stabilité affective et matérielle. L’amour passe par la confiance, les plaisirs simples, les valeurs partagées. Vénus parlera ici de créativité et de sensualité. Charme, côté plantureux, sensualité, on aime profiter de la vie et de ses plaisirs. On aime les belles choses, on est authentique. Besoin de sécurité en amour, on peut se montrer possessif(ve) envers les personnes aimées.",stabilité; loyauté; plaisir; sécurité,,,,
Style,Homme,Vénus,Maison,3,"Aime à travers la communication, le rire, le partage d’idées. L’amour se nourrit du dialogue, de la complicité intellectuelle et de la légèreté.
L'amour est lié à la sphère mentale. On est apprécié(e) dans sa sociabilité, par le groupe d'ami(e)s, l'entourage. Beaucoup de charme quand on échange, on brille par son intelligence.",complicité; échange; curiosité; vivacité,,,,
Style,Homme,Vénus,Maison,4,"Aime profondément, avec loyauté et besoin de sécurité émotionnelle. L’amour, c’est un foyer, une tendresse, une racine. Grand besoin d'amour, forte sensibilité, grand besoin de tendresse et de douceur et une peur parfois de l'abandon...",tendresse; loyauté; foyer; sécurité,,,,
Style,Homme,Vénus,Maison,5,"Aime dans la joie, la créativité, le jeu. L’amour, ici, est un art d’aimer : généreux, expressif, vibrant. On aime briller, être regardé(e), charmer, plaire, séduire, la conquête, les amours, les flirts. Créativité, on aime le beau, se faire beau/belle, côté chaleureux, généreux. Vision de l'amour forte dans cette maison, si mal aspectée, des déceptions sont possibles au cours de la vie.",joie; passion; expression; romance,,,,
Style,Homme,Vénus,Maison,6,"Aime en prenant soin. L’amour s’exprime dans les détails, les gestes quotidiens, l’attention à l’autre. domaine. Ce placement indique l'amour des petits animaux, et le fait d'aimer rendre service aux autres, donner de soi dans l'amour. Attention au côté ""don"" qui peut être fort. Vision de l'amour parfois un peu rigide.",service; loyauté; modestie; constance,,,,
Style,Homme,Vénus,Maison,7,"Aime avec conscience de l’autre. Besoin d’un lien équilibré, clair, réciproque. L’amour devient miroir de soi. on aime tout simplement l'amour, besoin des autres, du couple, pour se sentir bien et sentir un bien être, un équilibre dans sa vie (attention à l'idéalisation de la relation, et au fait de s'y oublier).",équilibre; alliance; miroir; engagement,,,,
Style,Homme,Vénus,Maison,8,"Aime intensément, sans demi-mesure. Besoin de profondeur, de vérité, de fusion émotionnelle. Aura magnétique et irrésistible, mais le rapport à l'amour n'est pas toujours facile, voilé de méfiance et de jalousie parfois...  L'amour est fait de crise, il est intense, le rapport à l'amour doit être transformé.",passion; vérité; transformation; fusion,,,,
Style,Homme,Vénus,Maison,9,"Aime avec liberté, curiosité et foi. Cherche un lien qui ouvre les horizons, qui élève, qui inspire. On idéalise l'amour, parfois un peu trop, on idéalise le féminin, on a besoin de passion, de vibrer, et on a besoin d'admirer pour aimer. Côté excessif, parfois ! rencontre de nouvelles personnes à l'autre bout du monde.",liberté; aventure; philosophie; inspiration,,,,
Style,Homme,Vénus,Maison,10,"Aime dans la maîtrise et la construction. Besoin de respect, de reconnaissance, de vision commune. L'amour est une chose sérieuse, maturité émotionnelle. Charme plus distant, un peu inaccessible. ",respect; ambition; structure; engagement,,,,
Style,Homme,Vénus,Maison,11,"Aime différemment, librement. L’amour se vit comme une amitié forte, un lien basé sur l’échange et la compréhension mutuelle. besoin de se sentir libre et indépendant(e). on charme par son intellect. Vision de l'amour différente, atypique, avec un côté amical. Importance des amitiés féminines.",amitié; liberté; égalité; complicité,,,,
Style,Homme,Vénus,Maison,12,"Aime avec empathie, mystère et profondeur. Besoin d’un lien d’âme, au-delà des mots. L’amour devient refuge, guérison, ou parfois échappatoire. On peut avoir tendance à cacher son charme, qui transparaît pourtant d'une manière sensible, douce, réceptive. Le rapport au féminin et à l'amour n'est pas toujours facile, mais vie intérieure riche : spiritualité, rêve, imagination, démonstrations amoureuses... Tendance fusionnelle.",compassion; secret; rêve; fusion,,,,
Style,"Femme, Homme",Mars,Signe,Bélier,"Tu agis en amour avec courage, spontanéité et affirmation directe. Ton désir est vif, immédiat, sans calcul. Tu prends l'initiative naturellement, tu fonces, tu conquiers. Tu montres ton intérêt par l'action rapide et franche. Tu peux être impatient(e), agressif(ve) ou te lasser vite une fois la conquête faite.",,,,,
Style,"Femme, Homme",Mars,Signe,Taureau,"Tu agis en amour avec lenteur, sensualité et possessivité. Ton désir est physique, stable, mais long à se manifester. Tu prends l'initiative quand tu te sens en sécurité, jamais à la hâte. Tu montres ton intérêt par la patience et la constance. Tu peux être têtu(e), passif(ve) ou accumuler de la colère avant d'exploser.",,,,,
Style,"Femme, Homme",Mars,Signe,Gémeaux,"Tu agis en amour avec légèreté, curiosité et vivacité d'esprit. Ton désir passe d'abord par la tête — tu séduis par les mots, l'humour, le jeu. Tu prends l'initiative en créant du lien mental, en faisant rire, en surprenant. Tu montres ton intérêt par ta présence stimulante et tes échanges. Tu peux papillonner, te disperser ou fuir quand ça devient trop émotionnel.",,,,,
Style,"Femme, Homme",Mars,Signe,Cancer,"Tu agis en amour avec prudence émotionnelle, intuition et vulnérabilité. Ton désir est sensible, protecteur, réactif à l'ambiance. Tu prends l'initiative seulement quand tu te sens en sécurité affective. Tu montres ton intérêt en créant un cocon, en prenant soin. Tu peux être passif(ve), sur la défensive ou manipuler émotionnellement quand tu te sens menacé(e).",,,,,
Style,"Femme, Homme",Mars,Signe,Lion,"Tu agis en amour avec éclat, générosité et charisme. Ton désir est solaire, théâtral, chaleureux. Tu prends l'initiative en brillant, en impressionnant, en te montrant sous ton meilleur jour. Tu montres ton intérêt par ta présence rayonnante et tes gestes grandioses. Tu peux être blessé(e) par l'indifférence, devenir égocentrique ou exiger trop de reconnaissance.",,,,,
Style,"Femme, Homme",Mars,Signe,Vierge,"Tu agis en amour avec discrétion, raffinement et attention aux détails. Ton désir est pudique, analytique, exprimé par des gestes concrets plutôt que des déclarations. Tu prends l'initiative en te rendant utile, en observant, en améliorant. Tu montres ton intérêt par ta constance et tes attentions pratiques. Tu peux trop réfléchir, douter de toi ou paraître froid(e) alors que tu ressens profondément.",,,,,
Style,"Femme, Homme",Mars,Signe,Balance,"Tu agis en amour avec hésitation, charme et diplomatie. Ton désir cherche l'équilibre, la réciprocité, l'harmonie. Tu prends l'initiative indirectement, en créant des conditions favorables plutôt qu'en fonçant. Tu montres ton intérêt avec élégance et séduction douce. Tu peux fuir la confrontation, douter de tes envies ou attendre que l'autre fasse le premier pas.",,,,,
Style,"Femme, Homme",Mars,Signe,Scorpion,"Tu agis en amour avec intensité magnétique, stratégie et profondeur. Ton désir est puissant, obsessionnel, entier. Tu prends l'initiative quand tu es sûr(e) de toi, avec une détermination silencieuse. Tu montres ton intérêt par ta présence hypnotique et ta capacité à aller dans l'ombre de l'autre. Tu peux être possessif(ve), jaloux(se), vengeur(eresse) ou tout contrôler.",,,,,
Style,"Femme, Homme",Mars,Signe,Sagittaire,"Tu agis en amour avec enthousiasme, liberté et franchise. Ton désir est joyeux, aventureux, sans lourdeur ni calcul. Tu prends l'initiative de façon spontanée, directe, parfois maladroite mais sincère. Tu montres ton intérêt en partageant tes passions, tes voyages, ta vision. Tu peux être trop franc(he), fuir l'engagement ou blesser sans t'en rendre compte.",,,,,
Style,"Femme, Homme",Mars,Signe,Capricorne,"Tu agis en amour avec patience, stratégie et détermination. Ton désir est sérieux, contrôlé, orienté vers le long terme. Tu prends l'initiative lentement mais sûrement — quand tu veux quelqu'un, tu es persévérant(e). Tu montres ton intérêt par ta fiabilité et tes actes concrets. Tu peux paraître froid(e), distant(e) ou confondre amour et ambition.",,,,,
Style,"Femme, Homme",Mars,Signe,Verseau,"Tu agis en amour avec originalité, indépendance et détachement. Ton désir est atypique, intellectuel, parfois imprévisible. Tu prends l'initiative de façon non conventionnelle — tu surprends, tu déstabilises, tu ne fais rien comme les autres. Tu montres ton intérêt en respectant la liberté de l'autre. Tu peux être distant(e) émotionnellement, fuir l'intimité ou rester dans la tête.",,,,,
Style,"Femme, Homme",Mars,Signe,Poissons,"Tu agis en amour avec fluidité, romantisme et empathie. Ton désir est inspiré, fusionnel, parfois flou. Tu prends l'initiative de façon subtile, intuitive, en te fondant dans l'autre plutôt qu'en t'imposant. Tu montres ton intérêt par ta sensibilité et ta capacité à ressentir ce que l'autre veut. Tu peux être passif(ve), te perdre dans l'autre ou idéaliser au point de ne plus voir la réalité.",,,,,
Style,"Femme, Homme",Mars,Maison,1,"Tu séduis par ta présence physique, ton énergie et ta spontanéité. Tu prends l'initiative naturellement, sans calcul. On te remarque, tu ne passes pas inaperçu(e). Ton désir est visible, direct, affirmé. Tu attires par ton authenticité et ton courage.",,,,,
Style,"Femme, Homme",Mars,Maison,2,"Tu séduis par ta sensualité, ta stabilité et ta générosité matérielle. Tu prends ton temps, tu construis le désir lentement. Tu montres ton intérêt par des cadeaux, des attentions concrètes, des plaisirs partagés. Ton désir est physique et possessif.""",,,,,
Style,"Femme, Homme",Mars,Maison,3,"Tu séduis par l'esprit, la conversation, l'humour. Tu prends l'initiative en communiquant, en créant du lien intellectuel. Ton désir passe par l'échange verbal, la curiosité, la complicité. Tu bouges vite, tu papillonnes, tu t'ennuies sans stimulation mentale.""",,,,,
Style,"Femme, Homme",Mars,Maison,4,"Tu agis en amour depuis ton territoire intime. Tu séduis en créant un cocon, en protégeant, en nourrissant émotionnellement. Ton désir est profond mais privé, tu ne t'exposes qu'en sécurité. L'amour se vit chez toi, dans l'intimité du foyer.""",,,,,
Style,"Femme, Homme",Mars,Maison,5,"Tu adores le jeu de séduction, le plaisir, la romance. Tu prends l'initiative avec créativité, enthousiasme et spontanéité. Tu dragues ouvertement, tu te lances sans peur. Ton désir passe par l'amusement, l'expression de soi, la légèreté. Tu veux vivre l'amour comme une aventure.""",,,,,
Style,"Femme, Homme",Mars,Maison,6,"Tu montres ton intérêt par le service, l'aide concrète, les gestes du quotidien. Tu séduis discrètement, avec efficacité et dévouement. Ton désir s'exprime dans l'utile, le pratique. Tu peux travailler dur pour quelqu'un que tu aimes. Attention à ne pas te sacrifier.",,,,,
Style,"Femme, Homme",Mars,Maison,7,"Tu t'affirmes surtout dans le cadre du couple. Tu as besoin d'un partenaire pour activer pleinement ton désir et ton énergie. Tu prends l'initiative à deux, en miroir de l'autre. Tu peux être combatif(ve) dans la relation ou attirer des partenaires qui te challengent.",,,,,
Style,"Femme, Homme",Mars,Maison,8,"Ton désir est intense, magnétique, secret. Tu séduis par ton mystère et ta profondeur émotionnelle. Tu t'investis totalement, jusqu'à l'obsession. Ton approche est passionnée, transformatrice. Tu veux fusionner, explorer l'ombre, vivre l'amour comme une renaissance.",,,,,
Style,"Femme, Homme",Mars,Maison,9,"Tu abordes l'amour avec enthousiasme, optimisme et soif d'aventure. Tu séduis par ta vision, tes idéaux, ton ouverture d'esprit. Tu prends l'initiative en élargissant les horizons, en invitant au voyage. Ton désir passe par la liberté, la découverte, le sens.",,,,,
Style,"Femme, Homme",Mars,Maison,10,"Tu séduis par ton ambition, ta maturité, ton statut social. Tu prends l'initiative de manière stratégique et responsable. L'amour peut passer après tes objectifs professionnels. Tu montres ton intérêt en construisant quelque chose de solide, de respectable. Tu veux un partenaire à la hauteur.",,,,,
Style,"Femme, Homme",Mars,Maison,11,"Tu séduis par ton originalité, ton idéalisme, ta capacité à créer du lien social. Tu prends l'initiative en créant des projets communs, des réseaux, des amitiés. Ton désir passe par la liberté, la vision collective. Tu aimes séduire dans un cadre amical, sans pression.""",,,,,
Style,"Femme, Homme",Mars,Maison,12,"Ton désir est caché, diffus, spiritualisé. Tu séduis en secret, avec sensibilité et mystère. Tu peux avoir peur d'agir, préférant fantasmer ou sacrifier ton désir. Ton énergie amoureuse s'exprime mieux dans l'imaginaire, l'artistique, le spirituel. Tu attires par ta fragilité et ta compassion.",,,,,
Partenaire,Femme,Mars,Signe,Bélier,"Tu es attirée par des hommes virils, directs, qui foncent. Il doit avoir du courage, de l'audace, une énergie conquérante. L'homme idéal est un guerrier — il agit, il n'attend pas, il assume. Non intégré, tu peux attirer des hommes agressifs, égoïstes, infidèles (car ils aiment la conquête plus que la relation). Intégré, tu choisis un homme affirmé qui sait aussi se poser — la force sans la brutalité.",viril;conquérant;archétype masculin,,,,
Partenaire,Femme,Mars,Signe,Taureau,"Tu es attirée par des hommes stables, sensuels, ancrés. Il doit aimer la routine, le confort, les plaisirs simples de la vie. L'homme idéal est un roc — il sécurise, il cadre, il construit. Non intégré, tu peux attirer des hommes têtus, possessifs, résistants au changement. Intégré, tu choisis un homme solide et sensuel qui sait évoluer — la stabilité sans l'immobilisme.",stable;confort;routine,,,,
Partenaire,Femme,Mars,Signe,Gémeaux,"Tu es attirée par des hommes vifs d'esprit, curieux, communicants. Il doit savoir parler, échanger, te surprendre intellectuellement. L'homme idéal est un ami avant tout — léger, stimulant, toujours en mouvement. Non intégré, tu peux attirer des hommes volages, superficiels, ou qui fuient l'engagement émotionnel. Intégré, tu choisis un homme brillant qui sait aussi s'ancrer — la légèreté sans la fuite.",curiosité;communication;changement,,,,
Partenaire,Femme,Mars,Signe,Cancer,"Tu es attirée par des hommes sensibles, doux, protecteurs. Il doit avoir un côté yin, être à l'écoute de ses émotions et des tiennes. L'homme idéal a besoin qu'on prenne soin de lui autant qu'il prend soin de toi. Non intégré, tu peux attirer des hommes passifs, dépendants, qui se positionnent peu. Intégré, tu choisis un homme tendre qui assume aussi sa force — la douceur sans la faiblesse.",sensible;doux;timide,,,,
Partenaire,Femme,Mars,Signe,Lion,"Tu es attirée par des hommes charismatiques, fiers, généreux. Il doit briller, avoir confiance en lui, incarner le héros solaire. L'homme idéal est un roi — courageux, créatif, protecteur. Non intégré, tu peux attirer des hommes orgueilleux, dominateurs, ou qui exigent toute l'attention. Intégré, tu choisis un homme lumineux qui partage la scène — le charisme sans l'égo démesuré.",charismatique;généreux;confiant,,,,
Partenaire,Femme,Mars,Signe,Vierge,"Tu es attirée par des hommes discrets, travailleurs, fiables. Il doit être humble, attentif aux détails, centré sur le concret. L'homme idéal est un artisan — il améliore, il perfectionne, il sert. Non intégré, tu peux attirer des hommes critiques, anxieux, rigides ou qui ont du mal à s'affirmer. Intégré, tu choisis un homme consciencieux qui sait aussi lâcher prise — la rigueur sans l'obsession.",modeste;travailleur;rigide,,,,
Partenaire,Femme,Mars,Signe,Balance,"Tu es attirée par des hommes doux, diplomates, qui cherchent l'harmonie. Il doit aimer la paix, le compromis, faire plaisir. L'homme idéal est un partenaire — il écoute, il équilibre, il crée du beau. Non intégré, tu peux attirer des hommes indécis, qui fuient le conflit ou ne se positionnent jamais clairement. Intégré, tu choisis un homme harmonieux qui sait aussi trancher — la douceur sans la mollesse.",douceur;compromis;harmonie,,,,
Partenaire,Femme,Mars,Signe,Scorpion,"Tu es attirée par des hommes intenses, passionnés, magnétiques. Il doit avoir de la profondeur, aimer se remettre en question, ne pas craindre l'ombre. L'homme idéal est un transformateur — puissant, entier, sexuellement intense. Non intégré, tu peux attirer des hommes manipulateurs, jaloux, ou qui aiment le danger et les risques. Intégré, tu choisis un homme profond qui respecte tes limites — l'intensité sans la destruction.",intense;passionné;risques,,,,
Partenaire,Femme,Mars,Signe,Sagittaire,"Tu es attirée par des hommes libres, aventuriers, inspirants. Il doit avoir une vision, de l'intelligence, une ouverture sur le monde. L'homme idéal est un explorateur — il t'élève, t'emmène ailleurs, te fait grandir. Non intégré, tu peux attirer des hommes fuyants, incapables de s'engager, ou toujours en quête d'autre chose. Intégré, tu choisis un homme libre qui choisit de rester — l'aventure sans l'abandon.",aventurier;assise sociale;ouvert,,,,
Partenaire,Femme,Mars,Signe,Capricorne,"Tu es attirée par des hommes matures, structurants, ambitieux. Il doit avancer dans la vie, prendre des décisions, avoir de l'énergie constructive. L'homme idéal est un père symbolique — il guide, il protège, il bâtit. Non intégré, tu peux attirer des hommes froids, carriéristes, ou trop autoritaires. Intégré, tu choisis un homme solide qui sait aussi être tendre — l'ambition sans la froideur.",structurant;paternel;décision,,,,
Partenaire,Femme,Mars,Signe,Verseau,"Tu es attirée par des hommes originaux, indépendants, qui pensent différemment. Il doit être libre, progressiste, vivre à sa façon. L'homme idéal est un rebelle — il ne suit pas le troupeau, il invente sa propre voie. Non intégré, tu peux attirer des hommes distants, imprévisibles, ou qui fuient toute forme d'attachement. Intégré, tu choisis un homme unique qui sait aussi s'engager — la liberté sans le détachement.",libre;indépendant;atypique,,,,
Partenaire,Femme,Mars,Signe,Poissons,"Tu es attirée par des hommes sensibles, romantiques, spirituels. Il doit avoir de l'intuition, de la douceur, une connexion à quelque chose de plus grand. L'homme idéal est un rêveur — il te comprend sans mots, il fusionne avec toi. Non intégré, tu peux attirer des hommes fuyants, passifs, ou qui se perdent dans leurs illusions. Intégré, tu choisis un homme inspiré avec les pieds sur terre — le rêve sans la fuite.",spirituel;doux;fuyant,,,,
Partenaire,Homme,Venus,Signe,Bélier,"Tu es attiré par des femmes directes, dynamiques, qui savent ce qu'elles veulent. Elle doit avoir du caractère, de l'audace, une énergie qui te challenge. La femme idéale n'attend pas — elle fonce, elle ose, elle t'embarque. Non intégré, tu peux confondre agressivité et force, attirant des femmes impulsives ou conflictuelles. Ou tu t'ennuies dès qu'elle devient douce. Intégré, tu choisis une femme courageuse qui sait aussi se poser — le feu sans la brûlure.",,,,,
Partenaire,Homme,Venus,Signe,Taureau,"Tu es attiré par des femmes sensuelles, stables, ancrées dans le réel. Elle doit avoir de la présence physique, un rapport au corps assumé, un goût pour les plaisirs simples. La femme idéale est belle, tactile, rassurante — elle incarne la terre. Non intégré, tu peux t'attacher à des femmes possessives ou rester dans des relations par confort plutôt que par amour. Intégré, tu choisis une femme sensuelle et fiable — la beauté s'incarne dans la durée.",,,,,
Partenaire,Homme,Venus,Signe,Gémeaux,"Tu es attiré par des femmes vives, curieuses, qui savent parler de tout. Elle doit te stimuler intellectuellement, te faire rire, te surprendre. La femme idéale est légère, mobile, insaisissable — elle a toujours quelque chose de nouveau à dire. Non intégré, tu peux tomber pour des femmes superficielles ou inconstantes, confondant vivacité et profondeur. Intégré, tu choisis une femme brillante ET présente — l'esprit sans la fuite.",,,,,
Partenaire,Homme,Venus,Signe,Cancer,"Tu es attiré par des femmes douces, maternantes, émotionnellement disponibles. Elle doit pouvoir créer un cocon, prendre soin, nourrir. La femme idéale a quelque chose de lunaire, de protecteur — elle te fait te sentir chez toi. Non intégré, tu peux chercher une mère plutôt qu'une partenaire, ou attirer des femmes dépendantes qui s'accrochent. Intégré, tu choisis une femme tendre et autonome — la douceur sans l'étouffement.",,,,,
Partenaire,Homme,Venus,Signe,Lion,"Tu es attiré par des femmes qui rayonnent, qui attirent le regard, qui ont de la prestance. Elle doit être fière, généreuse, lumineuse — une reine. La femme idéale brille en société et te fait te sentir fier d'être avec elle. Non intégré, tu peux tomber pour des femmes narcissiques ou vivre l'amour comme une compétition de qui brille le plus. Intégré, tu choisis une femme solaire qui partage la lumière — l'éclat sans l'égo.",,,,,
Partenaire,Homme,Venus,Signe,Vierge,"Tu es attiré par des femmes intelligentes, discrètes, qui ont de la substance. Elle doit être fiable, attentive aux détails, utile — pas de chichis, pas de drama. La femme idéale est sobre, élégante, perfectionniste dans le bon sens. Non intégré, tu peux attirer des femmes critiques, anxieuses, ou réduire l'amour à une liste de critères. Intégré, tu choisis une femme raffinée et bienveillante — l'exigence sans le jugement.",,,,,
Partenaire,Homme,Venus,Signe,Balance,"Tu es attiré par des femmes élégantes, harmonieuses, sociables. Elle doit avoir du charme, de la grâce, un sens de l'esthétique. La femme idéale est belle, diplomate, agréable à vivre — elle crée de l'harmonie autour d'elle. Non intégré, tu peux tomber pour des femmes superficielles ou indécises, ou chercher une partenaire ""parfaite"" qui n'existe pas. Intégré, tu choisis une femme gracieuse ET authentique — la beauté avec de la profondeur.",,,,,
Partenaire,Homme,Venus,Signe,Scorpion,"Tu es attiré par des femmes intenses, magnétiques, qui ont de la profondeur. Elle doit avoir une part de mystère, une sexualité assumée, un regard qui transperce. La femme idéale est passionnée, entière, transformatrice — elle ne laisse pas indifférent. Non intégré, tu peux attirer des femmes toxiques, possessives, ou vivre l'amour comme un jeu de pouvoir. Intégré, tu choisis une femme intense ET stable — la profondeur sans la destruction.",,,,,
Partenaire,Homme,Venus,Signe,Sagittaire,"Tu es attiré par des femmes libres, aventurières, qui voient grand. Elle doit avoir de l'humour, de l'optimisme, un appétit de vivre. La femme idéale est indépendante, inspirante, toujours en mouvement — elle t'ouvre des horizons. Non intégré, tu peux tomber pour des femmes fuyantes ou incapables de s'engager, confondant liberté et indisponibilité. Intégré, tu choisis une femme libre qui choisit d'être là — l'aventure avec l'ancrage.",,,,,
Partenaire,Homme,Venus,Signe,Capricorne,"Tu es attiré par des femmes matures, ambitieuses, qui ont de la tenue. Elle doit être sérieuse, structurée, avoir réussi quelque chose dans sa vie. La femme idéale est solide, classe, fiable — elle impose le respect. Non intégré, tu peux attirer des femmes froides, carriéristes, ou confondre statut social et valeur personnelle. Intégré, tu choisis une femme accomplie ET chaleureuse — l'ambition avec le cœur.",,,,,
Partenaire,Homme,Venus,Signe,Verseau,"Tu es attiré par des femmes originales, indépendantes, qui sortent du lot. Elle doit être différente, avoir ses propres idées, ne pas suivre le troupeau. La femme idéale est unique, libre d'esprit, un peu décalée — elle te surprend toujours. Non intégré, tu peux tomber pour des femmes distantes, excentriques, ou fuir l'intimité au nom de la liberté. Intégré, tu choisis une femme originale ET connectée — la liberté avec la présence.",,,,,
Partenaire,Homme,Venus,Signe,Poissons,"Tu es attiré par des femmes sensibles, rêveuses, qui ont une dimension spirituelle ou artistique. Elle doit avoir de l'intuition, de la douceur, quelque chose d'insaisissable. La femme idéale est romantique, empathique, presque éthérée — elle touche ton âme. Non intégré, tu peux tomber pour des femmes victimes, fuyantes, ou te perdre dans des amours impossibles. Intégré, tu choisis une femme inspirante ET ancrée — le rêve avec les pieds sur terre.",,,,,
Partenaire,Femme,Soleil,Signe,Bélier,"Attirée par un homme vif, entier, audacieux. Elle veut une présence masculine affirmée, qui agit, pas qui parle.",force; action; courage; franchise,,,,
Partenaire,Femme,Soleil,Signe,Taureau,"Attirée par un homme stable, solide, fiable. Elle a besoin de sécurité, de loyauté et de constance.",stabilité; loyauté; sensualité; patience,,,,
Partenaire,Femme,Soleil,Signe,Gémeaux,"Attirée par un homme curieux, intelligent, communicatif. L’humour et la complicité mentale comptent autant que le physique.",curiosité; dialogue; légèreté; complicité,,,,
Partenaire,Femme,Soleil,Signe,Cancer,"Attirée par un homme sensible, protecteur, bienveillant. Elle veut un lien rassurant et sincère.",tendresse; sécurité; loyauté; famille,,,,
Partenaire,Femme,Soleil,Signe,Lion,"Attirée par un homme charismatique, fier, lumineux. Elle veut admirer son partenaire.",charisme; fierté; passion; rayonnement,,,,
Partenaire,Femme,Soleil,Signe,Vierge,"Attirée par un homme réfléchi, précis, stable. Elle veut de la fiabilité et de la cohérence.",sérieux; loyauté; service; rigueur,,,,
Partenaire,Femme,Soleil,Signe,Balance,"Attirée par un homme élégant, juste, cultivé. Elle veut un lien doux, égalitaire et charmant.",harmonie; dialogue; beauté; réciprocité,,,,
Partenaire,Femme,Soleil,Signe,Scorpion,"Attirée par un homme profond, passionné, loyal. Elle veut être marquée, transformée, pas divertie.",intensité; loyauté; transformation; vérité,,,,
Partenaire,Femme,Soleil,Signe,Sagittaire,"Attirée par un homme libre, inspirant, curieux. L’amour doit être une aventure.",liberté; aventure; enthousiasme; découverte,,,,
Partenaire,Femme,Soleil,Signe,Capricorne,"Attirée par un homme mature, fiable, ancré. Elle veut du sérieux, du concret, du respect.",stabilité; engagement; maturité; fidélité,,,,
Partenaire,Femme,Soleil,Signe,Verseau,"Attirée par un homme libre, atypique, cérébral. Elle veut un lien original et stimulant.",liberté; originalité; indépendance; stimulation,,,,
Partenaire,Femme,Soleil,Signe,Poissons,"Attirée par un homme doux, inspiré, sensible. Elle veut une connexion d’âme à âme.",compassion; rêve; intuition; fusion,,,,
Partenaire,Homme,Lune,Signe,Bélier,"Attiré par une femme indépendante, spontanée, pleine d’énergie. Il aime les femmes directes et passionnées.",énergie; liberté; passion; franchise,,,,
Partenaire,Homme,Lune,Signe,Taureau,"Attiré par une femme calme, posée, sensuelle. Il cherche la stabilité et la douceur.",stabilité; loyauté; douceur; sécurité,,,,
Partenaire,Homme,Lune,Signe,Gémeaux,"Attiré par une femme vive d’esprit, joyeuse, communicative. L’amour doit être léger et amusant.",curiosité; dialogue; humour; légèreté,,,,
Partenaire,Homme,Lune,Signe,Cancer,"Attiré par une femme douce, maternelle, protectrice. L’amour est pour lui un refuge.",tendresse; loyauté; famille; sécurité,,,,
Partenaire,Homme,Lune,Signe,Lion,"Attiré par une femme charismatique, lumineuse, fière. Il aime les femmes qui rayonnent.",charisme; passion; fierté; chaleur,,,,
Partenaire,Homme,Lune,Signe,Vierge,"Attiré par une femme calme, posée, fiable. Il aime les femmes qui prennent soin sans étouffer.",loyauté; service; sincérité; modestie,,,,
Partenaire,Homme,Lune,Signe,Balance,"Attiré par une femme élégante, douce, harmonieuse. Il cherche l’équilibre et la beauté du lien.",harmonie; beauté; charme; paix,,,,
Partenaire,Homme,Lune,Signe,Scorpion,"Attiré par une femme mystérieuse, passionnée, loyale. Il aime les femmes vraies, pas tièdes.",intensité; loyauté; vérité; mystère,,,,
Partenaire,Homme,Lune,Signe,Sagittaire,"Attiré par une femme libre, solaire, aventureuse. L’amour doit être un terrain de jeu et de croissance.",liberté; optimisme; aventure; joie,,,,
Partenaire,Homme,Lune,Signe,Capricorne,"Attiré par une femme posée, forte, fiable. Il cherche une présence stable, digne de confiance.",stabilité; maturité; fidélité; solidité,,,,
Partenaire,Homme,Lune,Signe,Verseau,"Attiré par une femme libre, atypique, cérébrale. Il aime celles qui ne rentrent pas dans le moule.",liberté; indépendance; différence; amitié,,,,
Partenaire,Homme,Lune,Signe,Poissons,"Attiré par une femme douce, sensible, rêveuse. Il veut un lien d’âme, pas une logique.",compassion; rêve; fusion; poésie,,,,
Couple,"Femme, Homme",Junon,Signe,Bélier,"Recherche une union vivante, passionnée, pleine d’action. Besoin d’un partenaire entreprenant, présent, courageux.",action; passion; défi; intensité,,,,
Couple,"Femme, Homme",Junon,Signe,Taureau,"Recherche stabilité et sécurité affective. L’union doit être durable, fidèle et rassurante.",loyauté; stabilité; fidélité; sécurité,,,,
Couple,"Femme, Homme",Junon,Signe,Gémeaux,"Besoin d’un lien mental et vivant. L’union doit rester légère, communicante, stimulante.",communication; curiosité; légèreté; vivacité,,,,
Couple,"Femme, Homme",Junon,Signe,Cancer,"Cherche la tendresse, le foyer, la famille. L’union doit nourrir émotionnellement et protéger.",foyer; tendresse; loyauté; protection,,,,
Couple,"Femme, Homme",Junon,Signe,Lion,"Recherche une union noble, forte, passionnée. Besoin d’admirer et d’être admiré(e).",charisme; loyauté; passion; reconnaissance,,,,
Couple,"Femme, Homme",Junon,Signe,Vierge,"Recherche un lien sincère, utile, stable. L’amour doit être concret et respectueux.",loyauté; service; constance; exigence,,,,
Couple,"Femme, Homme",Junon,Signe,Balance,"Recherche une union équilibrée, élégante, juste. Besoin d’harmonie et de respect mutuel.",harmonie; partage; justice; équilibre,,,,
Couple,"Femme, Homme",Junon,Signe,Scorpion,"Recherche intensité et vérité. L’union doit être totale, transformatrice, fusionnelle.",passion; vérité; transformation; loyauté,,,,
Couple,"Femme, Homme",Junon,Signe,Sagittaire,"Recherche une union libre, inspirante, tournée vers la croissance.",liberté; aventure; expansion; philosophie,,,,
Couple,"Femme, Homme",Junon,Maison,1,"L'union va nous compléter, nous amener à devenir plus nous-même.
Tu peux avoir du charme, rechercher un.e partenaire charmant.e.",,,,,
Couple,"Femme, Homme",Junon,Maison,2,"L'union se nourrira de stabilité et d'un socle solide, sur les plans affectifs et financiers. Besoin d'un partage en terme de valeurs.",,,,,
Couple,"Femme, Homme",Junon,Maison,3,"L'union se formalise à travers la communication, les échanges, la complicité, le côté gémellaire (trouver son double).",,,,,
Couple,"Femme, Homme",Junon,Maison,4,L'union doit donner lieu à la création d'une famille (enfants ou juste couple). Elle doit apporter une stabilité et sécurité émotionnelle.,,,,,
Couple,"Femme, Homme",Junon,Maison,5,"L'union doit donner lieu à de la passion, de la séduction, valoriser chacun.e dans le couple, apporter une dimension créative.",,,,,
Couple,"Femme, Homme",Junon,Maison,6,"L'union doit amener un quotidien solide, un partage des tâches, une routine saine. Attention au sacrifice de soi, au ""rendre service"".",,,,,
Couple,"Femme, Homme",Junon,Maison,7,"L'union est très importante, on a souvent envie de se marier, de s'unir. Elle doit apporter de la paix, un sentiment d'apaisement.",,,,,
Couple,"Femme, Homme",Junon,Maison,8,"L'union doit transformer, nourrir sa sensualité, faire gagner en profondeur. On doit partager sur le plan psychologie ou ésotérique.",,,,,
Couple,"Femme, Homme",Junon,Maison,9,"L'union doit donner la sensation d'une quête, d'une grande aventure intérieure et existentielle. On a besoin d'admirer l'autre pour l'aimer.",,,,,
Couple,"Femme, Homme",Junon,Maison,10,"L'union doit donner lieu à une constructions solide et fiable, et pourquoi pas aider à œuvrer au niveau professionnel.",,,,,
Couple,"Femme, Homme",Junon,Maison,11,"L'union doit rester libre, être différente de la norme, et donner lieu à un enrichissement amical et",,,,,
Couple,"Femme, Homme",Junon,Maison,12,"L'union doit être profonde, spirituelle et fusionnelle. Enrichissement interieur. Attention au sacrifice de soi et à l'enfermement de la 12.",,,,,
Intime,"Femme, Homme",Lune Noire,Maison,1,"Peur d'être vu(e) tel(le) que tu es. Honte de ton corps, de ton désir visible. Tu caches ou rejettes ton pouvoir physique, ton magnétisme naturel. Blessure d'identité sexuelle",,,,,
Intime,"Femme, Homme",Lune Noire,Maison,2,"Peur de manquer, d'être possédé(e) ou de posséder. Honte liée au plaisir charnel. Tu bloques ou surinvestis ton rapport au corps, à l'argent, à la possession. Blessure de valeur.",,,,,
Intime,"Femme, Homme",Lune Noire,Maison,3,"Peur de dire, de nommer tes désirs. Honte liée aux mots, aux fantasmes inavoués. Tu refoules ta parole érotique ou tu provoques par les mots. Blessure de communication.",,,,,
Intime,"Femme, Homme",Lune Noire,Maison,4,"Peur de l'intimité du foyer, secrets familiaux liés à la sexualité. Honte transmise par la lignée maternelle. Tu fuis ou surinvestis le cocon. Blessure d'appartenance.",,,,,
Intime,"Femme, Homme",Lune Noire,Maison,5,"Peur du plaisir, de la créativité sexuelle, de briller dans le désir. Honte liée à la spontanéité, au jeu érotique. Tu bloques ou surjoues ton pouvoir de séduction. Blessure de joie.",,,,,
Intime,"Femme, Homme",Lune Noire,Maison,6,"Peur d'être imparfait(e) dans l'acte, honte du corps, obsessions liées à la santé ou au contrôle. Tu analyses, critiques ou sacrifies ton désir. Blessure de pureté.",,,,,
Intime,"Femme, Homme",Lune Noire,Maison,7,"Peur de la fusion, du rejet par l'autre. Honte dans le miroir relationnel. Tu attires des partenaires qui rejouent ta blessure ou tu manipules par le lien. Blessure de couple.",,,,,
Intime,"Femme, Homme",Lune Noire,Maison,8,"Peur de l'intensité totale, de perdre le contrôle, de mourir dans l'autre. Honte liée au pouvoir sexuel, aux tabous profonds. Tu fuis ou plonges dans l'obsession. Blessure de pouvoir.",,,,,
Intime,"Femme, Homme",Lune Noire,Maison,9,"Peur de croire, d'espérer, d'être libre. Honte liée à tes croyances, à ta philosophie du désir. Tu refoules ou idéalises ta sexualité. Blessure de sens.",,,,,
Intime,"Femme, Homme",Lune Noire,Maison,10,"Peur du jugement social, de l'échec, d'être vu(e) comme imparfait(e). Honte publique liée au désir. Tu caches ou utilises ta sexualité pour ton statut. Blessure d'autorité.",,,,,
Intime,"Femme, Homme",Lune Noire,Maison,11,"Peur d'être différent(e), rejeté(e) par le groupe. Honte liée à tes désirs atypiques. Tu caches ou revendiques ta marginalité sexuelle. Blessure d'appartenance collective.
",,,,,
Intime,"Femme, Homme",Lune Noire,Maison,12,"Peur de l'inconscient, du sacrifice, de te perdre. Honte spiritualisée, désirs cachés dans l'ombre. Tu refoules totalement ou vis ta sexualité en secret. Blessure de dissolution.
",,,,,
Intime,"Femme, Homme",Lune Noire,Signe,Bélier,"Peur d’affirmer son désir, culpabilité liée à l’action ou à la colère.",feu; culpabilité; action; colère,,,,
Intime,"Femme, Homme",Lune Noire,Signe,Taureau,"Peur de manquer, de perdre ou de s’attacher. Désir charnel refoulé.",sécurité; corps; plaisir; peur,,,,
Intime,"Femme, Homme",Lune Noire,Signe,Gémeaux,Peur d’être incompris(e) ou jugé(e) pour ses pensées ou ses mots.,parole; secret; dualité; mental,,,,
Intime,"Femme, Homme",Lune Noire,Signe,Cancer,"Peur d’aimer, de se livrer, de dépendre. Blessure d’attachement.",famille; loyauté; vulnérabilité; peur,,,,
Intime,"Femme, Homme",Lune Noire,Signe,Lion,"Peur d’être vu, de briller, de prendre sa place.",fierté; lumière; honte; rayonnement,,,,
Intime,"Femme, Homme",Lune Noire,Signe,Vierge,"Peur d’être imparfait(e), de décevoir, besoin de contrôle sur le corps et le désir.",exigence; contrôle; corps; pudeur,,,,
Intime,"Femme, Homme",Lune Noire,Signe,Balance,Peur du rejet ou de ne pas plaire. Cherche l’amour parfait et se perd dans le regard de l’autre.,relation; miroir; harmonie; dépendance,,,,
Intime,"Femme, Homme",Lune Noire,Signe,Scorpion,"Peur de perdre le contrôle ou de se soumettre à la passion. Désir total, refoulé.",passion; tabou; fusion; intensité,,,,
Intime,"Femme, Homme",Lune Noire,Signe,Sagittaire,"Peur de croire, d’espérer, ou d’être trahi dans sa foi.",foi; quête; liberté; vérité,,,,
Intime,"Femme, Homme",Lune Noire,Signe,Capricorne,"Peur de l’échec, du rejet social ou de la faiblesse.",contrôle; dignité; peur; solitude,,,,
Intime,"Femme, Homme",Lune Noire,Signe,Verseau,"Peur d’être différent, rejeté, incompris. Désir de liberté culpabilisé.",différence; liberté; rejet; originalité,,,,
Intime,"Femme, Homme",Lune Noire,Signe,Poissons,"Peur de s’abandonner, de se dissoudre, de perdre pied.",foi; fuite; compassion; dissolution,,,,
Intime,"Femme, Homme",Lune Noire,Maison,5,"L’amour réveille les zones de honte et de désir caché. Tu veux plaire, mais tu crains de décevoir. L’expression affective oscille entre audace et culpabilité.",plaisir; honte; désir; créativité,,,,
Intime,"Femme, Homme",Lune Noire,Maison,7,"Peur du rejet dans le couple, honte de dépendre, attirance pour des liens déséquilibrés.",relation; peur; dépendance; loyauté,,,,
Intime,"Femme, Homme",Lune Noire,Maison,8,"L’amour devient une expérience de transformation. Désir intense, secret, parfois tabou.",intensité; tabou; passion; transformation,,,,
Intime,"Femme, Homme",Mars,Signe,Bélier,"Ton désir est vif, direct, impulsif. Tu prends l'initiative sexuelle avec audace, sans calcul. Tu aimes la conquête, l'intensité immédiate, le côté brut et physique. Tu peux être impatient(e), égocentrique ou manquer de douceur. Ta sexualité est franche, affirmée, sans détour.",impulsivité; conquête; franchise; impatience,,,,
Intime,"Femme, Homme",Mars,Signe,Taureau,"Ton désir est sensuel, lent, possessif. Tu prends ton temps pour construire le plaisir physique. Tu aimes le toucher, la présence corporelle, la sensualité prolongée. Tu peux être têtu(e), possessif(ve) ou résister aux changements. Ta sexualité est stable, charnelle, ancrée dans le corps.",sensualité; lenteur; possession; stabilité,,,,
Intime,"Femme, Homme",Mars,Signe,Gémeaux,"Ton désir est mental, ludique, varié. Tu es stimulé(e) par la conversation, le jeu, la nouveauté. Tu aimes expérimenter, parler, échanger pendant l'acte. Tu peux papillonner ou te lasser vite. Ta sexualité est légère, curieuse, intellectuelle.",curiosité; jeu; variété; mental,,,,
Intime,"Femme, Homme",Mars,Signe,Cancer,"Ton désir dépend de ton état émotionnel et de la sécurité affective. Tu as besoin de te sentir en confiance pour te lâcher sexuellement. Tu agis par vagues, selon ton humeur. Tu peux être passif(ve), défensif(ve) ou très protecteur(trice). Ta sexualité est émotionnelle, vulnérable, intuitive.""",sensibilité; sécurité; passivité; vulnérabilité,,,,
Intime,"Femme, Homme",Mars,Signe,Lion,"Ton désir est théâtral, généreux, solaire. Tu veux être admiré(e), impressionner, briller dans l'acte. Tu donnes beaucoup mais attends de la reconnaissance. Tu aimes le jeu, la créativité, la fierté partagée. Tu peux être vexé(e) par l'indifférence. Ta sexualité est chaude, expressive, chaleureuse.",théâtralité; fierté; générosité; reconnaissance,,,,
Intime,"Femme, Homme",Mars,Signe,Vierge,"Ton désir est discret, précis, parfois cérébral. Tu analyses, tu cherches à bien faire, à améliorer. Tu peux être pudique, critique ou anxieux(se). Tu montres ton désir par l'attention aux détails, le service. Ta sexualité est raffinée mais peut manquer de spontanéité.""",pudeur; perfectionnisme; service; analyse,,,,
Intime,"Femme, Homme",Mars,Signe,Balance,"Ton désir cherche l'harmonie, l'équilibre, la réciprocité. Tu hésites à prendre l'initiative, préférant séduire avec charme et diplomatie. Tu as besoin que l'acte soit beau, esthétique. Tu peux éviter la confrontation ou douter de tes envies. Ta sexualité est douce mais parfois indécise.",harmonie; hésitation; charme; indécision,,,,
Intime,"Femme, Homme",Mars,Signe,Scorpion,"Ton désir est intense, magnétique, obsessionnel. Tu t'investis totalement ou pas du tout. Tu veux fusionner, explorer l'ombre, vivre la transformation. Tu peux être jaloux(se), possessif(ve) ou manipulateur(trice). Ta sexualité est puissante, profonde, magnétique.""",intensité; fusion; obsession; pouvoir,,,,
Intime,"Femme, Homme",Mars,Signe,Sagittaire,"Ton désir est joyeux, libre, aventureux. Tu aimes explorer, expérimenter, rester spontané(e). Tu fuis la lourdeur, la possession. Tu peux être brutal(e) dans ta franchise ou fuir l'engagement. Ta sexualité est optimiste, ludique, sans tabou.",liberté; aventure; optimisme; franchise,,,,
Intime,"Femme, Homme",Mars,Signe,Capricorne,"Ton désir est contrôlé, ambitieux, patient. Tu prends l'initiative avec stratégie, maturité. Tu construis lentement mais solidement. Tu peux être froid(e), distant(e) ou calculateur(trice). Ta sexualité est sérieuse, endurante, performante.",contrôle; endurance; maturité; froideur,,,,
Intime,"Femme, Homme",Mars,Signe,Verseau,"Ton désir est atypique, détaché, expérimental. Tu aimes l'originalité, la liberté même dans l'intimité. Tu peux être distant(e) émotionnellement ou imprévisible. Ta sexualité est intellectuelle, égalitaire, sans conventions.",originalité; détachement; liberté; expérimentation,,,,
Intime,"Femme, Homme",Mars,Signe,Poissons,"Ton désir est fluide, romantique, fusionnel. Tu te perds dans l'autre, tu idéalises l'acte. Tu manques parfois d'affirmation ou de limites claires. Tu peux être passif(ve) ou sacrifier tes envies. Ta sexualité est spirituelle, empathique, sensible.",fusion; romantisme; sensibilité; passivité,,,,
Intime,"Femme, Homme",Mars,Maison,1,"Ton désir est visible, immédiat, dans ton corps. Tu prends l'initiative physique naturellement. On sent ton énergie sexuelle, tu ne la caches pas. Tu exprimes ton désir par ta présence, ton regard, ton corps.",,,,,
Intime,"Femme, Homme",Mars,Maison,2,"Ton désir passe par le toucher, les sens, la possession. Tu construis le plaisir lentement, avec sensualité. Tu veux sentir, goûter, posséder physiquement. Ton désir est ancré dans le corps, la matière.",,,,,
Intime,"Femme, Homme",Mars,Maison,3,"Ton désir est stimulé par la parole, le jeu mental, la curiosité. Tu aimes parler, échanger pendant l'acte. La communication érotique t'excite. Ton désir est léger, varié, intellectuel.",,,,,
Intime,"Femme, Homme",Mars,Maison,4,"Ton désir s'exprime dans l'intimité du foyer, en privé. Tu as besoin de sécurité émotionnelle pour te lâcher. L'acte sexuel est un refuge, un cocon. Ton désir est protecteur, familial.",,,,,
Intime,"Femme, Homme",Mars,Maison,5,"Ton désir est ludique, créatif, joyeux. Tu aimes le jeu érotique, la romance, la spontanéité. La sexualité est un plaisir, une expression de soi. Ton désir est enjoué, théâtral.""",,,,,
Intime,"Femme, Homme",Mars,Maison,6,"Ton désir s'exprime dans le quotidien, le service, les gestes simples. Tu montres ton désir en prenant soin de l'autre. L'acte peut devenir routinier ou technique. Ton désir est pratique, utile.",,,,,
Intime,"Femme, Homme",Mars,Maison,7,"Ton désir est activé par la relation, le miroir de l'autre. Tu as besoin du partenaire pour exprimer pleinement ton énergie sexuelle. L'acte est une rencontre, un équilibre à deux. Ton désir est relationnel.",,,,,
Intime,"Femme, Homme",Mars,Maison,8,"Ton désir est intense, fusionnel, transformateur. Tu vis la sexualité comme une mort-renaissance, une fusion totale. Tu ne peux pas faire semblant : c'est tout ou rien. Tu as un magnétisme sexuel puissant, presque obsessionnel. Tu explores les tabous, l'ombre, le pouvoir dans l'intimité. Tu peux être jaloux(se), possessif(ve) ou vivre des luttes de contrôle. L'acte sexuel te transforme profondément, c'est un rite initiatique. Ta sexualité est magnétique, profonde, radicale.",,,,,
Intime,"Femme, Homme",Mars,Maison,9,"Ton désir cherche l'aventure, la découverte, l'expansion. Tu es attiré(e) par l'étranger, le différent, l'expérimentation. La sexualité est une exploration. Ton désir est philosophique, libre.",,,,,
Intime,"Femme, Homme",Mars,Maison,10,"Ton désir est lié à ton ambition, ton statut, ta réussite. Tu peux mêler sexualité et pouvoir social. L'acte peut être performatif, contrôlé. Ton désir est ambitieux, public (au sens de reconnu).",,,,,
Intime,"Femme, Homme",Mars,Maison,11,"Ton désir s'exprime dans l'amitié, le collectif, l'originalité. Tu peux avoir une sexualité atypique, libre, en groupe ou avec des ami(e)s. Ton désir est égalitaire, idéaliste.",,,,,
Intime,"Femme, Homme",Mars,Maison,12,"Ton désir est caché, secret, fantasmé. Tu peux refouler ton énergie sexuelle ou la vivre dans l'imaginaire. L'acte peut être spiritualisé, sacrifié ou vécu dans la honte. Ton désir est mystérieux, subtil.",,,,,
Intime,"Femme, Homme",Pluton,Maison,1,"Tu incarnes le pouvoir sexuel dans ton corps, ta présence. Tu dégages une intensité magnétique. L'intimité te transforme profondément. Tu peux vouloir contrôler ou être obsédé(e) par ton image.",,,,,
Intime,"Femme, Homme",Pluton,Maison,2,"Ton rapport à la possession est intense. Tu veux fusionner avec ce qui t'appartient. L'argent et le sexe peuvent être liés. Tu peux être jaloux(se), possessif(ve) matériellement et charnellement.",,,,,
Intime,"Femme, Homme",Pluton,Maison,3,"Ta parole est magnétique, manipulatrice ou transformatrice. Tu explores les tabous par la communication. Tes fantasmes sont complexes, psychologiques. Tu peux avoir une sexualité mentale intense.",,,,,
Intime,"Femme, Homme",Pluton,Maison,4,"Ton intimité est liée à des secrets familiaux, des blessures profondes. Le foyer peut être le lieu de transformations intenses. Tu caches ton pouvoir ou le vis dans l'ombre domestique.",,,,,
Intime,"Femme, Homme",Pluton,Maison,5,"Ton rapport au plaisir est obsessionnel, intense. Tu ne peux pas aimer à moitié. La créativité et la sexualité sont puissantes, transformatrices. Tu peux être possessif(ve) dans l'amour.",,,,,
Intime,"Femme, Homme",Pluton,Maison,6,"Tu vis la transformation dans le quotidien, le corps, la santé. La sexualité peut être cathartique, guérisseuse. Tu peux avoir des obsessions liées au corps ou au travail.",,,,,
Intime,"Femme, Homme",Pluton,Maison,7,"Tes relations sont intenses, fusionnelles, transformatrices. Tu attires des partenaires puissants ou tu vis des luttes de pouvoir. L'intimité te confronte à ton ombre.",,,,,
Intime,"Femme, Homme",Pluton,Maison,8,"Tu es dans ton élément : intensité maximale, fusion totale, transformation radicale. La sexualité est un rite initiatique, une mort-renaissance. Tu as un pouvoir magnétique naturel.",,,,,
Intime,"Femme, Homme",Pluton,Maison,9,"Tu explores les tabous philosophiques, spirituels. Ta sexualité peut être liée à tes croyances. Tu cherches le sens profond de l'intimité. Voyages transformateurs.",,,,,
Intime,"Femme, Homme",Pluton,Maison,10,"Ton pouvoir sexuel est public ou lié à ton statut. Tu peux utiliser la sexualité pour gravir les échelons. Obsession de contrôle, d'ambition. Transformation par la réussite.",,,,,
Intime,"Femme, Homme",Pluton,Maison,11,"Ta sexualité peut être collective, atypique, révolutionnaire. Tu transformes par tes idéaux. Obsessions liées aux groupes, aux ami(e)s. Pouvoir dans le réseau.",,,,,
Intime,"Femme, Homme",Pluton,Maison,12,"Ton pouvoir est caché, inconscient, mystique. Tu peux vivre des obsessions secrètes, des fantasmes inavoués. L'intimité est spirituelle ou sacrifiée. Transformation dans l'ombre.",,,,,
Intime,"Femme, Homme",Chiron,Maison,1,"La blessure est liée à l’identité, l’image de soi et la confiance personnelle. La personne peut se sentir inadéquate ou différente, avec une difficulté à s’affirmer pleinement. La guérison passe par l’acceptation de sa singularité et le développement d’une authenticité profonde, devenant un guérisseur pour soi-même et les autres grâce à cette expérience",,,,,
Intime,"Femme, Homme",Chiron,Maison,4,"La blessure concerne les racines familiales, les émotions profondes et la sécurité intérieure. Il peut s’agir de blessures liées à l’enfance, au foyer ou à la relation avec les parents. La guérison invite à bâtir une base émotionnelle stable en se libérant des cicatrices du passé et en créant un sentiment d’appartenance plus autonome",,,,,
Intime,"Femme, Homme",Chiron,Maison,5,"La blessure se manifeste dans l’expression de la créativité, le plaisir, ou la confiance en soi dans l’amour et le jeu. La personne peut avoir peur de ne pas être aimée ou reconnue pour ce qu’elle est. La guérison découle de la liberté d’expression créative et affective, en acceptant sa vulnérabilité",,,,,
Intime,"Femme, Homme",Chiron,Maison,7,"La blessure concerne les relations, la peur du rejet ou de la dépendance affective. Il peut y avoir des défis à établir des partenariats équilibrés. La guérison s’opère par l’apprentissage de l’ouverture, de la confiance et des échanges authentiques avec autrui",,,,,
Intime,"Femme, Homme",Chiron,Maison,8,"Le centre de la blessure est lié aux transformations profondes, au pouvoir personnel, à la sexualité et aux peurs liées à la perte ou la mort. La guérison consiste à intégrer ces expériences intenses comme un passage vers une renaissance intérieure, en dépassant la peur pour trouver la force dans la profondeur",,,,,
Fidélité / Engagement,"Femme, Homme",Saturne,Maison,1,"On est fidèle à soi-même, à ce qu’on est. On refuse de se changer continuellement pour les autres. On met une limite à leur influence. Il est important que le/la partenaire respecte la manière dont on fonctionne, car on ne cherche pas à se changer.",,,,,
Fidélité / Engagement,"Femme, Homme",Saturne,Maison,2,"On est fidèle à ses valeurs. On a certains principes, des certitudes et des valeurs qui resteront fixes, sur lesquelles on ne reviendra pas. On prend au sérieux l’argent, la sécurité liée au lieu de vie, au travail, le couple doit apporter une sécurité mutuelle aux partenaires.",,,,,
Fidélité / Engagement,"Femme, Homme",Saturne,Maison,3,"On est fidèle à ses pensées, à sa manière de voir les choses, à l’importance des pensées. On peut avoir un mental assez figé, des idées arrêtées. On prend au sérieux la communication, l’échange, le partage mutuel d’idées et de connaissances.",,,,,
Fidélité / Engagement,"Femme, Homme",Saturne,Maison,4,"On est fidèle à ses origines, sa famille, les traditions familiales inculquées. La transmission d’un patrimoine, de valeurs, sont importantes et seront à mettre en œuvre dans sa relation et sa future famille. Le couple est comme une famille, on lui est fidèle.",,,,,
Fidélité / Engagement,"Femme, Homme",Saturne,Maison,5,"On est fidèle à son identité, son besoin d’être soi-même, de se laisser le temps de développer qui on est véritablement. On a besoin que l’autre nous aime en nous reconnaissant, fasse grandir notre estime de soi, mais ne cherche pas à nous changer, nous nier, nous éteindre.",,,,,
Fidélité / Engagement,"Femme, Homme",Saturne,Maison,6,"On est fidèle à son travail, son métier, à son indépendance dans sa sphère professionnelle. On prend au sérieux le quotidien, qui doit être organisé. L’autre devra être partie prenante d’une vie rangée. On aura une rigidité en terme de soin, alimentaire, que l’autre devra partager.",,,,,
Fidélité / Engagement,"Femme, Homme",Saturne,Maison,7,"On est fidèle au couple (ce n’est pas un placement négatif), on prend très au sérieux la notion d’engagement et de durabilité dans le couple. On passera souvent par des engagements administratifs et institutionnels. Fidélité physique et sentimentale.",,,,,
Fidélité / Engagement,"Femme, Homme",Saturne,Maison,8,"On est fidèle à des principes psychologiques et ésotériques. L’autre devra respecter notre besoin de profondeur, de questionner. On aura besoin que l’autre sache évoluer, se transformer, aller chercher des ressources intérieures. On prend au sérieux l’évolution de soi.",,,,,
Fidélité / Engagement,"Femme, Homme",Saturne,Maison,9,"On est fidèle à ses croyances, sa vision du monde, sa spiritualité. On attendra une compréhension de la part de l’autre à ce sujet, qu’il accepte notre manière de voir la vie. On prend au sérieux son développement social et professionnel.",,,,,
Fidélité / Engagement,"Femme, Homme",Saturne,Maison,10,"On est fidèle à ses ambitions et ses objectifs, mais aussi à sa vocation qu’on a besoin de réaliser, qui prend du temps. On attend du/de la partenaire le respect de son besoin d’ascension professionnel, de poursuite de ses buts. Tendance fidèle en amour.",,,,,
Fidélité / Engagement,"Femme, Homme",Saturne,Maison,11,"On est fidèle à ses amitiés (également en maison 3) à son groupe d’amis. On est fidèle à ses projets, ses convictions politiques et humanistes, ses idéologies (rigidité possible), sa vision du monde. On a besoin que l’autre respecte notre besoin de liberté et d’indépendance.",,,,,
Fidélité / Engagement,"Femme, Homme",Saturne,Maison,12,"On est fidèle à ses rêves, son imaginaire, à ses besoins spirituels. On a envie de réaliser ses rêves. On a besoin de solitude, de recul, l’autre doit l’accepter. L’autre doit accepter notre vulnérabilité, notre besoin de temps, nos émotions, la profondeur de notre inconscient.",,,,,
Evolution,"Femme, Homme",Noeud Nord,Signe,Bélier,"Tu viens de la co-dépendance, de l'ajustement permanent à l'autre. Tu as tendance à t'oublier pour maintenir l'harmonie, à éviter les conflits, à demander l'avis de l'autre avant d'agir. En amour, tu te perds dans le 'nous' et oublies le 'je'. Apprendre à affirmer tes désirs en amour, à dire NON, à exister pour toi-même dans la relation. Oser être imparfait(e), égoïste parfois, direct(e). Choisir des partenaires qui respectent ton indépendance au lieu de ceux qui te veulent fusionnel(le). Développer ton courage amoureux : initier, décider, trancher. Passer de 'qu'est-ce qu'il/elle veut ?' à 'qu'est-ce que JE veux ?'. Assumer d'être le/la premier(ère) parfois, de prendre des initiatives, de créer des conflits constructifs.",Partenaires qui t'effacent • Relations où tu t'oublies • Peur permanente du conflit • Demander la permission pour tout Tu affirmes tes besoins clairement • Tu oses dire non • Tu prends des initiatives amoureuses • Tu existes autant que l'autre,,,,
Evolution,"Femme, Homme",Noeud Nord,Signe,Taureau,"Tu viens de l'intensité extrême, des crises, de la fusion toxique. Tu attires des relations passionnelles et destructrices. Tu as tendance à vivre l'amour comme une guerre, à tester l'autre, à contrôler par peur de perdre. Les relations sont intenses mais épuisantes. Apprendre la simplicité en amour, la douceur, la stabilité. Choisir la paix plutôt que la passion toxique. Développer une sensualité simple, des plaisirs concrets (cuisine, nature, toucher). Construire des relations stables où tu peux respirer. Lâcher le besoin de tout transformer, tout analyser. Passer de 'je veux fusionner ou mourir' à 'je veux construire quelque chose de solide et paisible'. Accepter la routine comme une forme d'amour (et non comme de l'ennui).",Relations à base de crises • Jalousie excessive • Besoin de contrôler • Dramatisation permanente Tu choisis la stabilité • Tu apprécies les petits plaisirs • Tu lâches le contrôle • Tu respires dans la relation,,,,
Evolution,"Femme, Homme",Noeud Nord,Signe,Gémeaux,"Tu viens des grandes théories, des relations à distance, de l'idéalisation. Tu cherches 'le sens', la philosophie, la vérité ultime. Tu peux éviter le quotidien concret de la relation en restant dans l'abstrait ou en fuyant physiquement. Apprendre à être présent(e) au quotidien, à communiquer simplement, à apprécier les petites conversations. Développer la curiosité pour l'autre tel qu'il/elle est (pas tel que tu l'idéalises). Accepter la légèreté, l'humour, les échanges multiples sans chercher LA vérité absolue. Passer de 'notre relation doit avoir un sens cosmique' à 'on se parle tous les jours et c'est déjà ça'. Être présent(e) ici et maintenant, pas dans un futur idéal.",Relations à distance perpétuelles • Idéalisation excessive • Fuite du quotidien • Prêchi-prêcha dans le couple Tu es présent(e) quotidiennement • Tu communiques légèrement • Tu acceptes l'imperfection • Tu ris ensemble,,,,
Evolution,"Femme, Homme",Noeud Nord,Signe,Cancer,"Tu viens du contrôle, de l'ambition, de la relation comme projet professionnel. Tu construis ton couple comme une entreprise avec objectifs et structure. Tu as du mal à lâcher prise, à être vulnérable, à montrer tes besoins émotionnels. Apprendre la vulnérabilité en amour, accepter de dépendre affectivement de l'autre. Oser pleurer, demander un câlin, dire 'j'ai besoin de toi'. Développer le care, la douceur maternante, l'accueil émotionnel. Lâcher le besoin de tout maîtriser. Passer de 'je gère ma relation' à 'je me laisse nourrir par la relation'. Accepter d'être faible, d'avoir besoin, de ne pas tout contrôler.",Relation sans émotion visible • Tout planifier • Peur de la dépendance • Froideur affective Tu exprimes tes émotions • Tu acceptes d'être nourri(e) • Tu lâches le contrôle • Tu crées un cocon,,,,
Evolution,"Femme, Homme",Noeud Nord,Signe,Lion,"Tu viens du détachement, de la distance émotionnelle, de l'intellectualisation. Tu te protèges en restant 'cool', détaché(e), en gardant ta liberté à tout prix. Tu peux fuir l'intimité vraie par peur d'être 'trop'. Apprendre à rayonner en amour, à être passionné(e), dramatique même. Oser être le centre de l'attention dans le couple, exiger la reconnaissance, montrer ta fierté amoureuse. Développer ta générosité émotionnelle, ta chaleur, ton expressivité. Assumer d'être VUE. Passer de 'je garde ma liberté et ma distance' à 'je brille et j'assume d'être aimé(e) pour ça'. Oser la passion, la démonstration, le 'je t'aime' assumé.",Détachement permanent • Relations froides • Refus de s'engager • Fuite de l'intensité Tu exprimes ta passion • Tu acceptes d'être admiré(e) • Tu brilles dans la relation • Tu es généreuse émotionnellement,SOURCE,VALIDATION,DATE_MAJ,
Evolution,"Femme, Homme",Noeud Nord,Signe,Vierge,"Tu viens du chaos, de la fusion toxique, du sacrifice de soi. Tu as tendance à t'oublier complètement dans l'autre, à tout pardonner, à idéaliser, à jouer la victime ou le sauveur. Les limites sont floues ou inexistantes. Apprendre à poser des limites claires, à être pratique en amour, à aider concrètement (pas juste émotionnellement). Développer le discernement : analyser ce qui fonctionne ou non, accepter l'imperfection de l'autre sans le sauver. Créer des routines saines ensemble. Passer de 'je me sacrifie pour l'amour' à 'j'aide concrètement dans le respect de mes limites'. Accepter que l'amour peut être simple, organisé, imparfait.",Sacrifice permanent • Absence de limites • Sauvetage compulsif • Fusion toxique Tu poses des limites claires • Tu es pratique dans la relation • Tu discernes sainement • Tu aides sans te perdre,,,,2025-11-13
Evolution,"Femme, Homme",Noeud Nord,Signe,Balance,"Tu viens de l'indépendance totale, de l'impulsivité, du 'moi d'abord'. Tu as tendance à foncer seul(e), à ne pas consulter l'autre, à imposer tes décisions. Les relations sont des champs de bataille où tu dois gagner. Apprendre le compromis, la négociation, l'art de co-créer. Développer la diplomatie en amour, accepter de s'ajuster, de consulter, de décider ensemble. Créer une relation d'égalité où l'autre a autant de poids que toi. Cultiver l'élégance relationnelle. Passer de 'je fais ce que je veux' à 'on décide ensemble'. Accepter que l'autre existe autant que toi et mérite d'être entendu(e).",Égoïsme dans les décisions • Refus du compromis • Guerre permanente • Moi d'abord Tu négocies avec grâce • Tu acceptes le compromis • Tu co-crées la relation • Tu honores l'égalité,,,,2025-11-13
Evolution,"Femme, Homme",Noeud Nord,Signe,Scorpion,"Tu viens du confort, de la stabilité matérielle, de la surface agréable. Tu as tendance à rester dans des relations 'confortables' sans profondeur, à éviter l'intensité, à privilégier la sécurité sur la vérité. L'amour est gentil mais superficiel. Apprendre à plonger dans l'intensité émotionnelle, à accepter la transformation par l'autre. Développer le courage de vivre des relations profondes qui te changent, de parler de l'ombre, d'explorer la sexualité comme transformation. Lâcher le besoin de tout contrôler. Passer de 'tant qu'on est bien ensemble' à 'je veux une connexion qui me transforme'. Accepter de perdre pied, de fusionner, de mourir et renaître dans l'amour.",Relations superficielles • Peur de l'intensité • Blocage sur le matériel • Refus de la transformation Tu acceptes l'intensité • Tu te transformes par l'autre • Tu explores l'ombre • Tu lâches le contrôle,,,,2025-11-13
Evolution,"Femme, Homme",Noeud Nord,Signe,Sagittaire,"Tu viens de la dispersion, du papillonnage, des conversations superficielles multiples. Tu as tendance à rester en surface, à éviter l'engagement profond, à garder plusieurs options ouvertes. L'amour est léger mais sans substance. Apprendre à t'engager dans une vision commune, à construire quelque chose de grand ensemble. Développer la foi en l'autre et en la relation, créer du sens partagé, voyager (physiquement ou mentalement) à deux. Oser la profondeur philosophique et l'expansion. Passer de 'je garde mes options' à 'je mise tout sur cette relation et on crée quelque chose de grand'. Choisir la foi plutôt que le doute.",Papillonnage permanent • Refus d'engagement • Surface • Multiple options Tu t'engages pleinement • Tu crées du sens ensemble • Tu as foi en la relation • Tu explores ensemble,,,,2025-11-13
Evolution,"Femme, Homme",Noeud Nord,Signe,Capricorne,"Tu viens de la dépendance émotionnelle, du besoin d'être materné(e), de la fusion infantilisante. Tu cherches un parent plutôt qu'un partenaire. Tu as tendance à sur-réagir émotionnellement, à tout prendre personnellement, à créer un cocon étouffant. Apprendre à être adulte dans la relation, à co-construire quelque chose de structuré, à avoir des objectifs communs. Développer la maturité émotionnelle, l'autonomie financière/pratique, la capacité à diriger ensemble. Créer un couple solide, pas juste un nid douillet. Passer de 'prends soin de moi' à 'construisons ensemble quelque chose de durable'. Devenir adulte dans l'amour, pas enfant.",Dépendance émotionnelle • Recherche d'un parent • Régression • Étouffement. Tu es autonome et adulte • Vous construisez ensemble • Tu gères tes émotions • Vous avez des objectifs communs,,,,2025-11-13
Evolution,"Femme, Homme",Noeud Nord,Signe,Verseau,"Tu viens du besoin d'être au centre, d'être admiré(e), reconnu(e). Tu as tendance à dramatiser la relation, à exiger l'attention permanente, à vouloir briller seul(e). L'ego domine l'amour. Apprendre l'égalité vraie, l'amitié dans le couple, la liberté mutuelle. Développer la capacité à être différent(e) sans besoin de validation, à créer une relation atypique qui respecte l'individualité. Passer du 'regarde-moi' à 'on est deux êtres uniques ensemble'. Passer de 'je veux être admiré(e)' à 'je respecte notre différence et notre liberté'. Créer une relation d'égal à égal, originale, détachée.",Égocentrisme • Besoin d'admiration constante • Drame permanent • Compétition dans le couple. Tu respectes la liberté de l'autre • Vous êtes amis autant qu'amants • Tu acceptes l'égalité • Vous créez quelque chose d'unique,,,,2025-11-13
Evolution,"Femme, Homme",Noeud Nord,Signe,Poissons,"Tu viens de l'analyse, du contrôle, du perfectionnisme. Tu as tendance à tout analyser dans la relation, à critiquer l'autre, à vouloir tout améliorer. Tu bloques l'amour avec ta tête au lieu de le vivre avec ton cœur. Apprendre à lâcher prise, à accepter l'imperfection, à vivre l'amour comme une expérience spirituelle/fusionnelle. Développer la compassion, le pardon, l'acceptation inconditionnelle. Créer un lien d'âme où l'intuition prime sur la logique. Passer de 'comment améliorer cette relation' à 'j'accepte cette relation telle qu'elle est'. Dissoudre les barrières, fusionner sans se perdre.","Critique permanente • Perfectionnisme relationnel • Sur-analyse • Blocage mental
Tu acceptes l'imperfection • Tu vis l'amour intuitivement • Tu pardonnes facilement • Tu crées un lien d'âme",,,,2025-11-13
Style,"Femme, Homme",Ascendant,Signe,Bélier,"Tu abordes la séduction avec une franchise désarmante et une énergie conquérante. Pas de détours ni de calculs : tu fonces, tu tentes, tu assumes. Cette spontanéité et ce courage peuvent intimider, mais ils créent aussi une dynamique excitante où l'autre se sent immédiatement face à quelqu'un de vivant et d'authentique.",,,,,2025-11-13
Style,"Femme, Homme",Ascendant,Signe,Taureau,"Tu séduis par ta présence charnelle et ton calme sensuel. Pas pressé, tu installes une ambiance confortable où l'autre peut se détendre et s'abandonner. Ton approche passe par les sens : un bon repas, une voix posée, un contact physique progressif mais délibéré. Tu construis la confiance avant l'intimité",,,,,2025-11-13
Style,"Femme, Homme",Ascendant,Signe,Gémeaux,"Tu charmes par ton esprit vif et ta légèreté communicative. L'humour, les conversations qui pétillent, la curiosité pour l'autre : tu crées une connexion intellectuelle avant tout. Cette approche ludique peut parfois masquer une certaine nervosité, mais elle détend l'atmosphère et rend la séduction aérienne, jamais lourde.",,,,,2025-11-13
Style,"Femme, Homme",Ascendant,Signe,Cancer,"Tu abordes la séduction avec une sensibilité protectrice qui crée instantanément de l'intimité. Ton écoute attentive et ton empathie mettent l'autre en confiance. Tu cherches à ressentir si le lien est émotionnellement sûr avant de te dévoiler vraiment. Cette approche douce peut sembler timide, mais elle est en réalité profondément intuitive.",,,,,2025-11-13
Style,"Femme, Homme",Ascendant,Signe,Lion,"Tu rayonnes naturellement et ta séduction passe par cette générosité charismatique. Tu veux impressionner, faire rire, créer des moments mémorables. Ton approche est théâtrale dans le bon sens : tu donnes du spectacle, de l'attention, de la chaleur. L'autre se sent sous les projecteurs de ton regard admiratif.",,,,,
Style,"Femme, Homme",Ascendant,Signe,Vierge,"Tu séduis par ton attention aux détails et ta capacité à être vraiment présent. Pas de grand show, mais des petits gestes réfléchis qui montrent que tu observes et comprends. Cette approche discrète peut sembler réservée, mais elle crée une intimité minutieuse où l'autre se sent vu dans sa singularité.",,,,,
Style,"Femme, Homme",Ascendant,Signe,Balance,"Tu abordes la séduction comme un art de l'harmonie et de la réciprocité. Ton charme naturel et ton sens de l'esthétique créent une atmosphère élégante et équilibrée. Tu cherches le bon tempo, les bons mots, la bonne distance. Cette approche diplomate peut parfois hésiter, mais elle met l'autre à l'aise et respecte son rythme.",,,,,
Style,"Femme, Homme",Ascendant,Signe,Scorpion,"Tu séduis par ton intensité magnétique et ton regard qui pénètre. Pas de superficialité : tu cherches immédiatement la profondeur, la vérité émotionnelle. Cette approche puissante peut intimider, mais elle crée aussi une connexion électrique où l'autre se sent complètement capturé par ton attention brûlante.",,,,,
Style,"Femme, Homme",Ascendant,Signe,Sagittaire,"Tu abordes la séduction avec enthousiasme et franchise. Pas de stratégie compliquée : tu partages ta joie de vivre, ton humour direct, ton envie d'aventure. Cette approche spontanée et honnête créé une atmosphère de liberté où l'autre se sent invité à s'amuser plutôt qu'à performer.",,,,,
Style,"Femme, Homme",Ascendant,Signe,Capricorne,"Tu séduis par ton sérieux élégant et ta présence structurée. Pas de fioritures ni de fausses promesses : tu montres qui tu es à travers ta maturité et ton intégrité. Cette approche sobre peut sembler réservée, mais elle inspire respect et confiance. Tu construis quelque chose de solide dès le premier contact.",,,,,
Style,"Femme, Homme",Ascendant,Signe,Verseau,"Tu charmes par ton originalité et ta capacité à surprendre. Ton approche intellectuelle et décalée crée une dynamique unique où l'autre découvre quelqu'un qui ne rentre dans aucune case. Cette liberté assumée peut désarçonner, mais elle attire ceux qui cherchent l'authenticité plutôt que la conformité.",,,,,
Style,"Femme, Homme",Ascendant,Signe,Poissons,"Tu abordes la séduction avec une douceur rêveuse et une empathie fusionnelle. Ton intuition te permet de t'adapter à l'énergie de l'autre et de créer une bulle émotionnelle. Cette approche fluide et réceptive peut sembler insaisissable, mais elle crée une intimité poétique où l'autre se sent compris sans avoir à s'expliquer.",,,,,
Partenaire,Homme,Vénus,Maison,1,"Tu es attiré par une femme charismatique qui s'assume pleinement. Son assurance, sa présence physique affirmée et son authenticité te séduisent. Tu veux une partenaire qui brille par elle-même, qui n'a pas peur de prendre de la place et qui dégage cette énergie magnétique qui fait tourner les têtes.",,,,,
Partenaire,Homme,Vénus,Maison,2,"Tu es attiré par une femme stable, sensuelle et ancrée dans la matière. Sa capacité à créer de la sécurité, son rapport sain à l'argent et sa sensorialité te rassurent. Tu cherches une partenaire fiable qui valorise le concret, le confort et qui sait profiter des plaisirs simples de la vie.",,,,,
Partenaire,Homme,Vénus,Maison,3,"Tu es attiré par une femme intelligente, curieuse et communicative. Sa vivacité d'esprit, son humour et sa capacité à converser sur mille sujets te fascinent. Tu veux une partenaire avec qui l'échange intellectuel est aussi important que l'attraction physique, quelqu'un qui stimule ton mental.",,,,,
Partenaire,Homme,Vénus,Maison,4,"Tu es attiré par une femme maternelle, douce et émotionnellement disponible. Sa capacité à créer un foyer, son intimité affective et sa vulnérabilité te touchent. Tu cherches une partenaire qui comprend l'importance de la famille, qui sait nourrir émotionnellement et créer un cocon sécurisant.",,,,,
Partenaire,Homme,Vénus,Maison,5,"Tu es attiré par une femme rayonnante, créative et spontanée. Son côté enfantin, sa joie de vivre et sa capacité à s'amuser t'excitent. Tu veux une partenaire qui sait jouer, créer, célébrer la vie. L'attraction est forte, ludique, presque théâtrale. Tu cherches le plaisir et la passion.",,,,,
Partenaire,Homme,Vénus,Maison,6,"Tu es attiré par une femme utile, organisée et attentionnée au quotidien. Sa capacité à prendre soin, son pragmatisme et son dévouement te séduisent. Tu cherches une partenaire fiable dans la routine, qui valorise la santé, le service et les petits gestes qui tissent l'intimité jour après jour.",,,,,
Partenaire,Homme,Vénus,Maison,7,"Tu es attiré par une femme élégante, diplomate et relationnelle. Son sens de l'harmonie, sa grâce sociale et sa capacité à créer du lien te charment. Tu cherches une vraie partenaire d'égal à égal, quelqu'un qui comprend l'importance du couple et sait négocier l'équilibre relationnel.",,,,,
Partenaire,Homme,Vénus,Maison,8,"Tu es attiré par une femme intense, mystérieuse et sexuellement puissante. Sa profondeur psychologique, sa capacité à aller dans l'ombre et son magnétisme érotique te fascinent. Tu cherches une partenaire qui n'a pas peur de la transformation, de la fusion totale et des zones sombres de l'intimité.",,,,,
Partenaire,Homme,Vénus,Maison,9,"Tu es attiré par une femme aventurière, philosophe et expansive. Son ouverture d'esprit, sa soif d'ailleurs et sa vision optimiste de la vie t'inspirent. Tu cherches une partenaire qui élargit tes horizons, qui aime voyager, apprendre et qui donne du sens à l'existence par sa sagesse naturelle.",,,,,
Partenaire,Homme,Vénus,Maison,10,"Tu es attiré par une femme ambitieuse, accomplie et socialement reconnue. Son statut professionnel, sa maturité et sa capacité à réussir te séduisent. Tu peux rencontrer l'amour dans ton milieu professionnel. Tu cherches une partenaire qui assume sa réussite et qui comprend l'importance de la carrière.",,,,,
Partenaire,Homme,Vénus,Maison,11,"Tu es attiré par une femme libre, originale et socialement engagée. Son indépendance, sa différence et sa vision progressiste te fascinent. Tu cherches d'abord une amie, une complice intellectuelle. L'amour naît souvent dans ton cercle social ou autour de causes communes qui vous rassemblent.",,,,,
Partenaire,Homme,Vénus,Maison,12,"Tu es attiré par une femme mystique, sensible et un peu insaisissable. Sa dimension spirituelle, artistique ou soignante te touche. Tu cherches une partenaire qui comprend l'invisible, qui sait être seule et qui accepte que l'amour soit parfois secret, complexe ou karmiquement chargé.",,,,,
Partenaire,Femme,Mars,Maison,1,"Tu es attirée par un homme affirmé, physiquement présent et qui dégage une énergie conquérante. Son assurance corporelle, son initiative et sa capacité à s'imposer te séduisent. Tu veux un partenaire qui prend sa place sans s'excuser, qui a du caractère et qui n'a pas peur du conflit.",,,,,
Partenaire,Femme,Mars,Maison,2,"Tu es attirée par un homme stable, sensuel et matériellement solide. Sa capacité à construire de la sécurité financière, son ancrage corporel et sa patience te rassurent. Tu cherches un partenaire fiable qui valorise le concret, qui sait gagner sa vie et qui prend son temps dans l'intimité physique.",,,,,
Partenaire,Femme,Mars,Maison,3,"Tu es attirée par un homme intelligent, vif et communicatif. Sa répartie, son humour mordant et sa curiosité intellectuelle te stimulent. Tu veux un partenaire avec qui la conversation est une forme de joute verbale excitante, quelqu'un qui sait manier les mots et défendre ses idées.",,,,,
Partenaire,Femme,Mars,Maison,4,"Tu es attirée par un homme protecteur, émotionnellement disponible et attaché à ses racines. Sa capacité à créer un foyer sûr, son intimité affective et sa vulnérabilité assumée te touchent. Tu cherches un partenaire qui comprend l'importance de la famille et qui se bat pour protéger les siens.",,,,,
Partenaire,Femme,Mars,Maison,5,"Tu es attirée par un homme charismatique, créatif et passionné. Son énergie solaire, sa spontanéité et sa capacité à vivre intensément t'excitent. Tu veux un partenaire qui sait séduire, jouer, prendre des risques. L'attraction est puissante, théâtrale et centrée sur le plaisir et la romance.",,,,,
Partenaire,Femme,Mars,Maison,6,"Tu es attirée par un homme travailleur, précis et dévoué au quotidien. Son efficacité, son sens du service et sa capacité à gérer le concret te séduisent. Tu cherches un partenaire fiable dans la routine, qui valorise l'effort et qui se montre présent dans les petits gestes pratiques du quotidien.",,,,,
Partenaire,Femme,Mars,Maison,7,"Tu es attirée par un homme élégant, diplomate et relationnel. Son sens de l'équilibre, sa capacité à négocier et son charme social te plaisent. Tu cherches un vrai partenaire qui comprend la danse relationnelle, qui sait défendre le couple et qui valorise l'harmonie sans éviter les confrontations nécessaires.",,,,,
Partenaire,Femme,Mars,Maison,8,"Tu es attirée par un homme intense, magnétique et sexuellement puissant. Sa profondeur psychologique, son courage face à l'ombre et son énergie transformatrice te fascinent. Tu cherches un partenaire qui n'a pas peur de la fusion totale, de l'intimité crue et qui sait naviguer dans les zones sombres du désir.",,,,,
Partenaire,Femme,Mars,Maison,9,"Tu es attirée par un homme aventurier, philosophe et expansif. Son ouverture d'esprit, son courage exploratoire et sa vision optimiste t'inspirent. Tu veux un partenaire qui élargit tes horizons, qui n'a pas peur de l'inconnu et qui défend ses convictions avec passion et enthousiasme.",,,,,
Partenaire,Femme,Mars,Maison,10,"Tu es attirée par un homme ambitieux, accompli et socialement reconnu. Son autorité naturelle, sa réussite professionnelle et sa maturité te séduisent. Tu rencontres souvent l'amour dans ton milieu professionnel. Tu cherches un partenaire qui assume son pouvoir et qui comprend l'importance du statut.",,,,,
Partenaire,Femme,Mars,Maison,11,"Tu es attirée par un homme libre, original et socialement engagé. Son indépendance, sa différence et sa capacité à se battre pour une cause te fascinent. Tu cherches d'abord un ami, un complice. L'attraction naît souvent dans ton cercle social ou autour de projets collectifs qui vous rassemblent.",,,,,
Partenaire,Femme,Mars,Maison,12,"Tu es attirée par un homme mystérieux, sensible et un peu insaisissable. Sa dimension spirituelle, artistique ou son énergie de sauveur te touche. Tu cherches un partenaire qui comprend l'invisible, qui accepte la solitude et qui se bat pour des causes cachées ou pour ceux qui souffrent en silence.",,,,,
Partenaire,Homme,Lune,Maison,1,"Tu as besoin d'une femme qui te reflète, qui valide ton identité et qui s'adapte instinctivement à ton énergie. Sa capacité à te voir vraiment et à répondre émotionnellement à tes besoins immédiats te nourrit. Tu cherches une partenaire qui soit un miroir empathique de ton monde intérieur.",,,,,
Partenaire,Homme,Lune,Maison,2,"Tu as besoin d'une femme qui crée de la sécurité matérielle et sensorielle. Sa capacité à construire du confort, à toucher, nourrir et ancrer te rassure. Tu cherches une partenaire qui valorise la stabilité financière et qui sait créer un cocon physique apaisant où tu peux te ressourcer.",,,,,
Partenaire,Homme,Lune,Maison,3,"Tu as besoin d'une femme communicative, curieuse et mentalement stimulante. Sa capacité à échanger, à te comprendre verbalement et à créer de la légèreté te nourrit. Tu cherches une partenaire avec qui les conversations intimes sont fluides, quotidiennes et qui comprend que pour toi, parler c'est aimer.",,,,,
Partenaire,Homme,Lune,Maison,4,"Tu as besoin d'une femme maternelle, protectrice et profondément ancrée dans l'intimité familiale. Sa capacité à créer un foyer émotionnel sûr, à comprendre tes racines et à nourrir ton enfant intérieur te comble. Tu cherches une partenaire qui incarne le sanctuaire affectif dont tu as besoin.",,,,,
Partenaire,Homme,Lune,Maison,5,"Tu as besoin d'une femme joyeuse, créative et qui célèbre la vie avec spontanéité. Sa capacité à jouer, à te faire rire et à t'admirer te nourrit. Tu cherches une partenaire qui ravive ton enfant intérieur, qui valorise le plaisir et qui sait créer des moments de romance théâtrale et passionnée.",,,,,
Partenaire,Homme,Lune,Maison,6,"Tu as besoin d'une femme attentionnée, serviable et présente dans le quotidien concret. Sa capacité à prendre soin de toi dans les détails, à organiser la routine et à te soutenir dans ta santé te rassure. Tu cherches une partenaire qui montre son amour par les gestes pratiques et le dévouement.",,,,,
Partenaire,Homme,Lune,Maison,7,"Tu as besoin d'une femme équilibrée, diplomatique et profondément engagée dans le couple. Sa capacité à créer de l'harmonie relationnelle, à te compléter et à négocier les besoins mutuels te nourrit. Tu cherches une vraie partenaire qui comprend que le couple est ton terrain de sécurité émotionnelle.",,,,,
Partenaire,Homme,Lune,Maison,8,"Tu as besoin d'une femme intense, capable de fusion émotionnelle profonde et qui n'a pas peur de ton ombre. Sa capacité à transformer, à partager l'intimité totale et à t'accompagner dans les crises te nourrit. Tu cherches une partenaire qui comprend que la vulnérabilité extrême est ta forme d'amour.",,,,,
Partenaire,Homme,Lune,Maison,9,"Tu as besoin d'une femme optimiste, expansive et qui élargit ta vision du monde. Sa capacité à t'inspirer, à partager des aventures philosophiques et à nourrir ton besoin de sens te comble. Tu cherches une partenaire qui comprend que ta sécurité émotionnelle passe par la liberté et l'exploration.",,,,,
Partenaire,Homme,Lune,Maison,10,"Tu as besoin d'une femme mature, structurée et socialement reconnue. Sa capacité à t'ancrer, à comprendre tes ambitions et à te soutenir dans ta carrière te rassure. Tu cherches une partenaire qui incarne l'autorité bienveillante et qui valorise la construction d'un statut commun respectable.",,,,,
Partenaire,Homme,Lune,Maison,11,"Tu as besoin d'une femme libre, originale et qui respecte ton indépendance émotionnelle. Sa capacité à être d'abord une amie, à partager tes idéaux et à ne pas t'étouffer te nourrit. Tu cherches une partenaire qui comprend que ta sécurité passe par la distance juste et l'appartenance à un collectif.",,,,,
Partenaire,Homme,Lune,Maison,12,"Tu as besoin d'une femme sensible, intuitive et qui comprend ton besoin de solitude. Sa capacité à t'accompagner dans l'invisible, à respecter ton retrait et à créer un espace méditatif te nourrit. Tu cherches une partenaire qui accepte que ton monde émotionnel soit parfois secret, mystique ou karmiquement complexe.",,,,,
Partenaire,Femme,Soleil,Maison,1,"Tu as besoin d'un homme qui te voit, te valide et te reflète dans ta puissance. Sa capacité à reconnaître ton identité sans te diminuer te fait briller. Tu cherches un partenaire qui admire qui tu es fondamentalement et qui te donne l'espace d'exister pleinement sans avoir à te conformer.",,,,,
Partenaire,Femme,Soleil,Maison,2,"Tu as besoin d'un homme qui valorise ton sens pratique et te donne une sécurité matérielle. Sa capacité à construire du concret avec toi, à apprécier ta sensualité et à te faire sentir précieuse te fait rayonner. Tu cherches un partenaire qui comprend que ton estime passe par la stabilité et l'abondance.",,,,,
Partenaire,Femme,Soleil,Maison,3,"Tu as besoin d'un homme qui stimule ton intelligence et valorise ta communication. Sa capacité à échanger d'égal à égal, à t'écouter vraiment et à nourrir ta curiosité te fait briller. Tu cherches un partenaire qui comprend que ton rayonnement passe par l'expression de tes idées et la reconnaissance de ton mental vif.",,,,,
Partenaire,Femme,Soleil,Maison,4,"Tu as besoin d'un homme qui crée un foyer sûr et qui valorise ton intimité émotionnelle. Sa capacité à te protéger, à respecter tes racines et à te permettre d'être vulnérable te fait rayonner. Tu cherches un partenaire qui comprend que ton pouvoir vient de ta profondeur affective et de ton ancrage familial.",,,,,
Partenaire,Femme,Soleil,Maison,5,"Tu as besoin d'un homme qui t'admire, te célèbre et te laisse créer librement. Sa capacité à valoriser ton expression artistique, ta joie de vivre et ton côté théâtral te fait briller. Tu cherches un partenaire qui comprend que tu es une star dans ta propre vie et qui ne te met pas dans l'ombre.",,,,,
Partenaire,Femme,Soleil,Maison,6,"Tu as besoin d'un homme qui reconnaît ton utilité et valorise ton travail quotidien. Sa capacité à apprécier ton dévouement, ton efficacité et ton souci du détail te fait rayonner. Tu cherches un partenaire qui comprend que ton pouvoir vient de ta capacité à être utile et à perfectionner les choses.",,,,,
Partenaire,Femme,Soleil,Maison,7,"Tu as besoin d'un homme qui te traite en égale et qui valorise le couple comme entité. Sa capacité à partager le pouvoir, à négocier l'équilibre et à te voir comme une vraie partenaire te fait briller. Tu cherches quelqu'un qui comprend que ton identité se construit dans la relation et l'équilibre mutuel.",,,,,
Partenaire,Femme,Soleil,Maison,8,"Tu as besoin d'un homme qui respecte ta puissance transformatrice et n'a pas peur de ton intensité. Sa capacité à fusionner, à partager le pouvoir financier/sexuel et à t'accompagner dans les crises te fait rayonner. Tu cherches un partenaire qui comprend que ton identité se forge dans la profondeur et la transformation.",,,,,
Partenaire,Femme,Soleil,Maison,9,"Tu as besoin d'un homme qui élargit tes horizons et valorise ta sagesse naturelle. Sa capacité à voyager avec toi, à respecter tes convictions et à nourrir ta soif de sens te fait briller. Tu cherches un partenaire qui comprend que ton rayonnement vient de ta vision expansive et de ta quête philosophique.",,,,,
Partenaire,Femme,Soleil,Maison,10,"Tu as besoin d'un homme qui soutient tes ambitions et respecte ta carrière. Sa capacité à valoriser ta réussite professionnelle, ton statut et ta maturité te fait rayonner. Tu cherches un partenaire qui comprend que ton identité se construit dans l'accomplissement public et qui ne se sent pas menacé par ton succès.",,,,,
Partenaire,Femme,Soleil,Maison,11,"Tu as besoin d'un homme qui respecte ta liberté et valorise ton unicité. Sa capacité à être d'abord un ami, à soutenir tes idéaux et à te laisser être différente te fait briller. Tu cherches un partenaire qui comprend que ton rayonnement vient de ton originalité et de ton engagement social progressiste.",,,,,
Partenaire,Femme,Soleil,Maison,12,"Tu as besoin d'un homme qui comprend ton besoin de solitude et valorise ta sensibilité spirituelle. Sa capacité à respecter ton retrait, à honorer ta dimension mystique et à te permettre d'être secrète te fait rayonner. Tu cherches un partenaire qui accepte que ton identité soit parfois floue, invisible ou karmiquement complexe.",,,,,
Style ,"Homme, Femme",Chiron,Maison,1,"Tu aimes en ayant peur de ne pas être assez. Ta blessure identitaire te pousse à sur-compenser dans tes relations : tu donnes trop, tu t'effaces, tu te transformes pour plaire. En amour, tu as du mal à croire que tu peux être aimé pour qui tu es vraiment. Cette vulnérabilité chronique crée soit une dépendance affective soit une fermeture défensive. Tu guéris en acceptant que ta 'faille' visible est précisément ce qui rend ton amour authentique et profond.",,,,,
Style ,"Homme, Femme",Chiron,Maison,1,"Tu aimes en doutant de ta valeur. Ta blessure de légitimité te fait croire que tu dois acheter l'amour par ce que tu apportes matériellement ou physiquement. En relation, tu sur-donnes financièrement, tu t'épuises à prouver que tu vaux la peine d'être gardé. Tu confonds amour et transaction. Cette insécurité crée soit une générosité compulsive soit une rétention avare par peur de manquer. Tu guéris en comprenant que ta valeur n'a rien à voir avec ce que tu possèdes ou offres.",,,,,